[13:06:09] [main/INFO] (FabricLoader/GameProvider) Loading Minecraft 1.21 with Fabric Loader 0.16.14
[13:06:09] [main/DEBUG] (FabricLoader/GamePatch) Found game constructor: net.minecraft.client.main.Main -> net.minecraft.client.MinecraftClient
[13:06:09] [main/DEBUG] (FabricLoader/GamePatch) Patching game constructor <init>(Lnet/minecraft/client/RunArgs;)V
[13:06:09] [main/DEBUG] (FabricLoader/GamePatch) Run directory field is thought to be net/minecraft/client/MinecraftClient/runDirectory
[13:06:09] [main/DEBUG] (FabricLoader/GamePatch) Applying brand name hook to net/minecraft/client/ClientBrandRetriever::getClientModName
[13:06:09] [main/DEBUG] (FabricLoader/GamePatch) Applying brand name hook to net/minecraft/server/MinecraftServer::getServerModName
[13:06:09] [main/DEBUG] (FabricLoader/Mappings) Loading mappings took 123 ms
[13:06:09] [main/DEBUG] (FabricLoader/GamePatch) Patched 3 classs
[13:06:09] [main/DEBUG] (FabricLoader/Discovery) Skipping missing class path group entry C:\Users\13904\Documents\Code\longcommandsender-template-1.21\out\production\classes
[13:06:09] [main/DEBUG] (FabricLoader/Discovery) Skipping missing class path group entry C:\Users\13904\Documents\Code\longcommandsender-template-1.21\out\production\resources
[13:06:09] [main/DEBUG] (FabricLoader/Discovery) Skipping missing class path group entry C:\Users\13904\Documents\Code\longcommandsender-template-1.21\out\client\classes
[13:06:09] [main/DEBUG] (FabricLoader/Discovery) Skipping missing class path group entry C:\Users\13904\Documents\Code\longcommandsender-template-1.21\out\client\resources
[13:06:10] [ForkJoinPool-1-worker-26/WARN] (FabricLoader/Metadata) Mod com_github_oryxel_cubeconverter uses the version 5ae1e90e4f which isn't compatible with Loader's extended semantic version format (Could not parse version number component '5ae1e90e4f'!), SemVer is recommended for reliably evaluating dependencies and prioritizing newer version
[13:06:10] [ForkJoinPool-1-worker-15/WARN] (FabricLoader/Metadata) Mod org_cloudburstmc_netty_netty-transport-raknet uses the version 1.0.0.CR3-SNAPSHOT which isn't compatible with Loader's extended semantic version format (Could not parse version number component 'CR3'!), SemVer is recommended for reliably evaluating dependencies and prioritizing newer version
[13:06:10] [main/DEBUG] (FabricLoader/Discovery) Mod discovery time: 142.4 ms
[13:06:10] [main/DEBUG] (FabricLoader/Resolution) Mod resolution time: 66.8 ms
[13:06:10] [main/INFO] (FabricLoader) Loading 79 mods:
	- fabric-api 0.102.0+1.21
	- fabric-api-base 0.4.42+6573ed8cd1
	- fabric-api-lookup-api-v1 1.6.68+b5597344d1
	- fabric-biome-api-v1 13.0.29+5bd9f1bcd1
	- fabric-block-api-v1 1.0.22+0af3f5a7d1
	- fabric-block-view-api-v2 1.0.10+6573ed8cd1
	- fabric-blockrenderlayer-v1 1.1.52+0af3f5a7d1
	- fabric-client-tags-api-v1 1.1.15+6573ed8cd1
	- fabric-command-api-v1 1.2.49+f71b366fd1
	- fabric-command-api-v2 2.2.28+6ced4dd9d1
	- fabric-commands-v0 0.2.66+df3654b3d1
	- fabric-content-registries-v0 8.0.16+b5597344d1
	- fabric-convention-tags-v1 2.0.19+7f945d5bd1
	- fabric-convention-tags-v2 2.5.0+c5e2b5c6d1
	- fabric-crash-report-info-v1 0.2.29+0af3f5a7d1
	- fabric-data-attachment-api-v1 1.1.27+6a6dfa19d1
	- fabric-data-generation-api-v1 20.2.16+16c4ae25d1
	- fabric-dimensions-v1 4.0.0+6fc22b99d1
	- fabric-entity-events-v1 1.6.12+6fc22b99d1
	- fabric-events-interaction-v0 0.7.12+ba9dae06d1
	- fabric-game-rule-api-v1 1.0.53+6ced4dd9d1
	- fabric-gametest-api-v1 2.0.4+6fc22b99d1
	- fabric-item-api-v1 11.0.0+afdfc921d1
	- fabric-item-group-api-v1 4.1.4+78017270d1
	- fabric-key-binding-api-v1 1.0.47+0af3f5a7d1
	- fabric-keybindings-v0 0.2.45+df3654b3d1
	- fabric-lifecycle-events-v1 2.3.12+6c1df360d1
	- fabric-loot-api-v2 3.0.14+3f89f5a5d1
	- fabric-loot-api-v3 1.0.2+3f89f5a5d1
	- fabric-message-api-v1 6.0.13+6573ed8cd1
	- fabric-model-loading-api-v1 2.0.0+fe474d6bd1
	- fabric-networking-api-v1 4.2.2+60c3209bd1
	- fabric-object-builder-api-v1 15.2.0+a551f7a4d1
	- fabric-particles-v1 4.0.2+6573ed8cd1
	- fabric-recipe-api-v1 5.0.12+65089712d1
	- fabric-registry-sync-v0 5.1.2+60c3209bd1
	- fabric-renderer-api-v1 3.4.0+c705a49cd1
	- fabric-renderer-indigo 1.7.0+c705a49cd1
	- fabric-renderer-registries-v1 3.2.68+df3654b3d1
	- fabric-rendering-data-attachment-v1 0.3.48+73761d2ed1
	- fabric-rendering-fluids-v1 3.1.6+b5597344d1
	- fabric-rendering-v0 1.1.71+df3654b3d1
	- fabric-rendering-v1 5.0.5+df16efd0d1
	- fabric-resource-conditions-api-v1 4.3.0+8dc279b1d1
	- fabric-resource-loader-v0 1.3.0+56599129d1
	- fabric-screen-api-v1 2.0.24+b5597344d1
	- fabric-screen-handler-api-v1 1.3.86+b5597344d1
	- fabric-sound-api-v1 1.0.23+6573ed8cd1
	- fabric-transfer-api-v1 5.1.16+3dccd343d1
	- fabric-transitive-access-wideners-v1 6.1.0+176f9036d1
	- fabricloader 0.16.14
	- java 21
	- longcommandsender 1.0.0
	- minecraft 1.21
	- mixinextras 0.4.1
	- viafabricplus 3.4.9
	   |-- com_github_oryxel_cubeconverter 5ae1e90e4f
	   |-- com_google_code_findbugs_jsr305 3.0.2
	   |-- com_vdurmont_semver4j 3.1.0
	   |-- com_viaversion_viabackwards-common 5.1.0
	   |-- com_viaversion_viaversion-common 5.1.1-20241025.184819-1
	   |-- de_florianmichael_classic4j 2.1.1-SNAPSHOT
	   |-- io_jsonwebtoken_jjwt-api 0.12.6
	   |-- io_jsonwebtoken_jjwt-gson 0.12.6
	   |-- io_jsonwebtoken_jjwt-impl 0.12.6
	   |-- io_netty_netty-codec-http 4.1.114
	   |-- net_jodah_expiringmap 0.5.10
	   |-- net_lenni0451_commons_httpclient 1.6.0
	   |-- net_lenni0451_mcping 1.4.2
	   |-- net_lenni0451_mcstructs-bedrock_forms 1.2.1
	   |-- net_lenni0451_mcstructs-bedrock_text 1.2.1
	   |-- net_lenni0451_reflect 1.3.4
	   |-- net_raphimc_minecraftauth 4.1.1
	   |-- net_raphimc_viaaprilfools-common 3.0.4-20241025.171739-1
	   |-- net_raphimc_viabedrock 0.0.13-20241025.223546-1
	   |-- net_raphimc_vialegacy 3.0.5-20241025.171620-1
	   |-- net_raphimc_vialoader 3.0.5-20241025.171921-1
	   |-- org_cloudburstmc_netty_netty-transport-raknet 1.0.0.CR3-SNAPSHOT
	   \-- org_lz4_lz4-pure-java 1.8.0
[13:06:15] [main/DEBUG] (FabricLoader/Knot) Adding C:\Users\13904\Documents\Code\longcommandsender-template-1.21\.gradle\loom-cache\remapped_mods\remapped\net\fabricmc\fabric-api\fabric-biome-api-v1-6512ddd1-common\13.0.29+5bd9f1bcd1\fabric-biome-api-v1-6512ddd1-common-13.0.29+5bd9f1bcd1.jar to classpath.
[13:06:15] [main/DEBUG] (FabricLoader/Knot) Adding C:\Users\13904\Documents\Code\longcommandsender-template-1.21\.gradle\loom-cache\remapped_mods\remapped\net\fabricmc\fabric-api\fabric-commands-v0-6512ddd1-common\0.2.66+df3654b3d1\fabric-commands-v0-6512ddd1-common-0.2.66+df3654b3d1.jar to classpath.
[13:06:15] [main/DEBUG] (FabricLoader/Knot) Adding C:\Users\13904\Documents\Code\longcommandsender-template-1.21\.gradle\loom-cache\remapped_mods\remapped\net\fabricmc\fabric-api\fabric-message-api-v1-6512ddd1-common\6.0.13+6573ed8cd1\fabric-message-api-v1-6512ddd1-common-6.0.13+6573ed8cd1.jar to classpath.
[13:06:15] [main/DEBUG] (FabricLoader/Knot) Adding C:\Users\13904\Documents\Code\longcommandsender-template-1.21\.gradle\loom-cache\remapped_mods\remapped\net\fabricmc\fabric-api\fabric-message-api-v1-6512ddd1-client\6.0.13+6573ed8cd1\fabric-message-api-v1-6512ddd1-client-6.0.13+6573ed8cd1.jar to classpath.
[13:06:15] [main/DEBUG] (FabricLoader/Knot) Adding C:\Users\13904\Documents\Code\longcommandsender-template-1.21\.gradle\loom-cache\remapped_mods\remapped\net\fabricmc\fabric-api\fabric-sound-api-v1-6512ddd1-client\1.0.23+6573ed8cd1\fabric-sound-api-v1-6512ddd1-client-1.0.23+6573ed8cd1.jar to classpath.
[13:06:15] [main/DEBUG] (FabricLoader/Knot) Adding C:\Users\13904\Documents\Code\longcommandsender-template-1.21\.gradle\loom-cache\remapped_mods\remapped\net\fabricmc\fabric-api\fabric-renderer-registries-v1-6512ddd1-client\3.2.68+df3654b3d1\fabric-renderer-registries-v1-6512ddd1-client-3.2.68+df3654b3d1.jar to classpath.
[13:06:15] [main/DEBUG] (FabricLoader/Knot) Adding C:\Users\13904\Documents\Code\longcommandsender-template-1.21\.gradle\loom-cache\remapped_mods\remapped\net\fabricmc\fabric-api\fabric-rendering-data-attachment-v1-6512ddd1-common\0.3.48+73761d2ed1\fabric-rendering-data-attachment-v1-6512ddd1-common-0.3.48+73761d2ed1.jar to classpath.
[13:06:15] [main/DEBUG] (FabricLoader/Knot) Adding C:\Users\13904\Documents\Code\longcommandsender-template-1.21\.gradle\loom-cache\remapped_mods\remapped\net\fabricmc\fabric-api\fabric-rendering-data-attachment-v1-6512ddd1-client\0.3.48+73761d2ed1\fabric-rendering-data-attachment-v1-6512ddd1-client-0.3.48+73761d2ed1.jar to classpath.
[13:06:15] [main/DEBUG] (FabricLoader/Knot) Adding C:\Users\13904\Documents\Code\longcommandsender-template-1.21\build\classes\java\main to classpath.
[13:06:15] [main/DEBUG] (FabricLoader/Knot) Adding C:\Users\13904\Documents\Code\longcommandsender-template-1.21\build\resources\main to classpath.
[13:06:15] [main/DEBUG] (FabricLoader/Knot) Adding C:\Users\13904\Documents\Code\longcommandsender-template-1.21\build\classes\java\client to classpath.
[13:06:15] [main/DEBUG] (FabricLoader/Knot) Adding C:\Users\13904\Documents\Code\longcommandsender-template-1.21\build\resources\client to classpath.
[13:06:15] [main/DEBUG] (FabricLoader/Knot) Adding C:\Users\13904\Documents\Code\longcommandsender-template-1.21\.gradle\loom-cache\remapped_mods\remapped\net\fabricmc\fabric-api\fabric-convention-tags-v2-6512ddd1-common\2.5.0+c5e2b5c6d1\fabric-convention-tags-v2-6512ddd1-common-2.5.0+c5e2b5c6d1.jar to classpath.
[13:06:15] [main/DEBUG] (FabricLoader/Knot) Adding C:\Users\13904\Documents\Code\longcommandsender-template-1.21\.gradle\loom-cache\remapped_mods\remapped\net\fabricmc\fabric-api\fabric-lifecycle-events-v1-6512ddd1-common\2.3.12+6c1df360d1\fabric-lifecycle-events-v1-6512ddd1-common-2.3.12+6c1df360d1.jar to classpath.
[13:06:15] [main/DEBUG] (FabricLoader/Knot) Adding C:\Users\13904\Documents\Code\longcommandsender-template-1.21\.gradle\loom-cache\remapped_mods\remapped\net\fabricmc\fabric-api\fabric-lifecycle-events-v1-6512ddd1-client\2.3.12+6c1df360d1\fabric-lifecycle-events-v1-6512ddd1-client-2.3.12+6c1df360d1.jar to classpath.
[13:06:15] [main/DEBUG] (FabricLoader/Knot) Adding C:\Users\13904\Documents\Code\longcommandsender-template-1.21\.gradle\loom-cache\remapped_mods\remapped\net\fabricmc\fabric-api\fabric-client-tags-api-v1-6512ddd1-client\1.1.15+6573ed8cd1\fabric-client-tags-api-v1-6512ddd1-client-1.1.15+6573ed8cd1.jar to classpath.
[13:06:15] [main/DEBUG] (FabricLoader/Knot) Adding C:\Users\13904\Documents\Code\longcommandsender-template-1.21\.gradle\loom-cache\remapped_mods\remapped\net\fabricmc\fabric-api\fabric-content-registries-v0-6512ddd1-common\8.0.16+b5597344d1\fabric-content-registries-v0-6512ddd1-common-8.0.16+b5597344d1.jar to classpath.
[13:06:15] [main/DEBUG] (FabricLoader/Knot) Adding C:\Users\13904\Documents\Code\longcommandsender-template-1.21\.gradle\loom-cache\remapped_mods\remapped\net\fabricmc\fabric-api\fabric-transfer-api-v1-6512ddd1-common\5.1.16+3dccd343d1\fabric-transfer-api-v1-6512ddd1-common-5.1.16+3dccd343d1.jar to classpath.
[13:06:15] [main/DEBUG] (FabricLoader/Knot) Adding C:\Users\13904\Documents\Code\longcommandsender-template-1.21\.gradle\loom-cache\remapped_mods\remapped\net\fabricmc\fabric-api\fabric-transfer-api-v1-6512ddd1-client\5.1.16+3dccd343d1\fabric-transfer-api-v1-6512ddd1-client-5.1.16+3dccd343d1.jar to classpath.
[13:06:15] [main/DEBUG] (FabricLoader/Knot) Adding C:\Users\13904\Documents\Code\longcommandsender-template-1.21\.gradle\loom-cache\remapped_mods\remapped\net\fabricmc\fabric-api\fabric-data-generation-api-v1-6512ddd1-common\20.2.16+16c4ae25d1\fabric-data-generation-api-v1-6512ddd1-common-20.2.16+16c4ae25d1.jar to classpath.
[13:06:15] [main/DEBUG] (FabricLoader/Knot) Adding C:\Users\13904\Documents\Code\longcommandsender-template-1.21\.gradle\loom-cache\remapped_mods\remapped\net\fabricmc\fabric-api\fabric-data-generation-api-v1-6512ddd1-client\20.2.16+16c4ae25d1\fabric-data-generation-api-v1-6512ddd1-client-20.2.16+16c4ae25d1.jar to classpath.
[13:06:15] [main/DEBUG] (FabricLoader/Knot) Adding C:\Users\13904\Documents\Code\longcommandsender-template-1.21\run\.fabric\processedMods\de_florianmichael_classic4j-2.1.1-SNAPSHOT-ac16f6927cf7876d.jar to classpath.
[13:06:15] [main/DEBUG] (FabricLoader/Knot) Adding C:\Users\13904\Documents\Code\longcommandsender-template-1.21\run\.fabric\processedMods\net_raphimc_viabedrock-0.0.13-2025.223546-1-97b19cae2e0d77ac.jar to classpath.
[13:06:15] [main/DEBUG] (FabricLoader/Knot) Adding C:\Users\13904\Documents\Code\longcommandsender-template-1.21\.gradle\loom-cache\remapped_mods\remapped\net\fabricmc\fabric-api\fabric-resource-conditions-api-v1-6512ddd1-common\4.3.0+8dc279b1d1\fabric-resource-conditions-api-v1-6512ddd1-common-4.3.0+8dc279b1d1.jar to classpath.
[13:06:15] [main/DEBUG] (FabricLoader/Knot) Adding C:\Users\13904\Documents\Code\longcommandsender-template-1.21\.gradle\loom-cache\remapped_mods\remapped\net\fabricmc\fabric-api\fabric-resource-loader-v0-6512ddd1-common\1.3.0+56599129d1\fabric-resource-loader-v0-6512ddd1-common-1.3.0+56599129d1.jar to classpath.
[13:06:15] [main/DEBUG] (FabricLoader/Knot) Adding C:\Users\13904\Documents\Code\longcommandsender-template-1.21\.gradle\loom-cache\remapped_mods\remapped\net\fabricmc\fabric-api\fabric-resource-loader-v0-6512ddd1-client\1.3.0+56599129d1\fabric-resource-loader-v0-6512ddd1-client-1.3.0+56599129d1.jar to classpath.
[13:06:15] [main/DEBUG] (FabricLoader/Knot) Adding C:\Users\13904\Documents\Code\longcommandsender-template-1.21\run\.fabric\processedMods\com_viaversion_viabackwards-common-5.1.0-20b662081cc3018c.jar to classpath.
[13:06:15] [main/DEBUG] (FabricLoader/Knot) Adding C:\Users\13904\Documents\Code\longcommandsender-template-1.21\.gradle\loom-cache\remapped_mods\remapped\net\fabricmc\fabric-api\fabric-key-binding-api-v1-6512ddd1-client\1.0.47+0af3f5a7d1\fabric-key-binding-api-v1-6512ddd1-client-1.0.47+0af3f5a7d1.jar to classpath.
[13:06:15] [main/DEBUG] (FabricLoader/Knot) Adding C:\Users\13904\Documents\Code\longcommandsender-template-1.21\.gradle\loom-cache\remapped_mods\remapped\net\fabricmc\fabric-api\fabric-entity-events-v1-6512ddd1-common\1.6.12+6fc22b99d1\fabric-entity-events-v1-6512ddd1-common-1.6.12+6fc22b99d1.jar to classpath.
[13:06:15] [main/DEBUG] (FabricLoader/Knot) Adding C:\Users\13904\Documents\Code\longcommandsender-template-1.21\.gradle\loom-cache\remapped_mods\remapped\net\fabricmc\fabric-api\fabric-entity-events-v1-6512ddd1-client\1.6.12+6fc22b99d1\fabric-entity-events-v1-6512ddd1-client-1.6.12+6fc22b99d1.jar to classpath.
[13:06:15] [main/DEBUG] (FabricLoader/Knot) Adding C:\Users\13904\Documents\Code\longcommandsender-template-1.21\.gradle\loom-cache\remapped_mods\remapped\net\fabricmc\fabric-api\fabric-recipe-api-v1-6512ddd1-common\5.0.12+65089712d1\fabric-recipe-api-v1-6512ddd1-common-5.0.12+65089712d1.jar to classpath.
[13:06:15] [main/DEBUG] (FabricLoader/Knot) Adding C:\Users\13904\Documents\Code\longcommandsender-template-1.21\.gradle\loom-cache\remapped_mods\remapped\net\fabricmc\fabric-api\fabric-recipe-api-v1-6512ddd1-client\5.0.12+65089712d1\fabric-recipe-api-v1-6512ddd1-client-5.0.12+65089712d1.jar to classpath.
[13:06:15] [main/DEBUG] (FabricLoader/Knot) Adding C:\Users\13904\Documents\Code\longcommandsender-template-1.21\run\.fabric\processedMods\io_jsonwebtoken_jjwt-gson-0.12.6-da1d4e48073cfcae.jar to classpath.
[13:06:15] [main/DEBUG] (FabricLoader/Knot) Adding C:\Users\13904\Documents\Code\longcommandsender-template-1.21\run\.fabric\processedMods\net_lenni0451_mcstructs-bedrock_text-1.2.1-4c80f831a313a3e9.jar to classpath.
[13:06:15] [main/DEBUG] (FabricLoader/Knot) Adding C:\Users\13904\Documents\Code\longcommandsender-template-1.21\.gradle\loom-cache\remapped_mods\remapped\net\fabricmc\fabric-api\fabric-api-lookup-api-v1-6512ddd1-common\1.6.68+b5597344d1\fabric-api-lookup-api-v1-6512ddd1-common-1.6.68+b5597344d1.jar to classpath.
[13:06:15] [main/DEBUG] (FabricLoader/Knot) Adding C:\Users\13904\Documents\Code\longcommandsender-template-1.21\.gradle\loom-cache\remapped_mods\remapped\net\fabricmc\fabric-api\fabric-screen-api-v1-6512ddd1-client\2.0.24+b5597344d1\fabric-screen-api-v1-6512ddd1-client-2.0.24+b5597344d1.jar to classpath.
[13:06:15] [main/DEBUG] (FabricLoader/Knot) Adding C:\Users\13904\Documents\Code\longcommandsender-template-1.21\.gradle\loom-cache\remapped_mods\remapped\net\fabricmc\fabric-api\fabric-renderer-indigo-6512ddd1-client\1.7.0+c705a49cd1\fabric-renderer-indigo-6512ddd1-client-1.7.0+c705a49cd1.jar to classpath.
[13:06:15] [main/DEBUG] (FabricLoader/Knot) Adding C:\Users\13904\Documents\Code\longcommandsender-template-1.21\.gradle\loom-cache\remapped_mods\remapped\net\fabricmc\fabric-api\fabric-events-interaction-v0-6512ddd1-common\0.7.12+ba9dae06d1\fabric-events-interaction-v0-6512ddd1-common-0.7.12+ba9dae06d1.jar to classpath.
[13:06:15] [main/DEBUG] (FabricLoader/Knot) Adding C:\Users\13904\Documents\Code\longcommandsender-template-1.21\.gradle\loom-cache\remapped_mods\remapped\net\fabricmc\fabric-api\fabric-events-interaction-v0-6512ddd1-client\0.7.12+ba9dae06d1\fabric-events-interaction-v0-6512ddd1-client-0.7.12+ba9dae06d1.jar to classpath.
[13:06:15] [main/DEBUG] (FabricLoader/Knot) Adding C:\Users\13904\Documents\Code\longcommandsender-template-1.21\.gradle\loom-cache\remapped_mods\remapped\net\fabricmc\fabric-api\fabric-object-builder-api-v1-6512ddd1-common\15.2.0+a551f7a4d1\fabric-object-builder-api-v1-6512ddd1-common-15.2.0+a551f7a4d1.jar to classpath.
[13:06:15] [main/DEBUG] (FabricLoader/Knot) Adding C:\Users\13904\Documents\Code\longcommandsender-template-1.21\.gradle\loom-cache\remapped_mods\remapped\net\fabricmc\fabric-api\fabric-object-builder-api-v1-6512ddd1-client\15.2.0+a551f7a4d1\fabric-object-builder-api-v1-6512ddd1-client-15.2.0+a551f7a4d1.jar to classpath.
[13:06:15] [main/DEBUG] (FabricLoader/Knot) Adding C:\Users\13904\Documents\Code\longcommandsender-template-1.21\run\.fabric\processedMods\net_lenni0451_mcping-1.4.2-4587c262a8dcde48.jar to classpath.
[13:06:15] [main/DEBUG] (FabricLoader/Knot) Adding C:\Users\13904\Documents\Code\longcommandsender-template-1.21\run\.fabric\processedMods\net_lenni0451_mcstructs-bedrock_forms-1.2.1-7bef7e12f31c3941.jar to classpath.
[13:06:15] [main/DEBUG] (FabricLoader/Knot) Adding C:\Users\13904\Documents\Code\longcommandsender-template-1.21\run\.fabric\processedMods\com_github_oryxel_cubeconverter-5ae1e90e4f-c4dc969464140a96.jar to classpath.
[13:06:15] [main/DEBUG] (FabricLoader/Knot) Adding C:\Users\13904\Documents\Code\longcommandsender-template-1.21\.gradle\loom-cache\remapped_mods\remapped\net\fabricmc\fabric-api\fabric-gametest-api-v1-6512ddd1-common\2.0.4+6fc22b99d1\fabric-gametest-api-v1-6512ddd1-common-2.0.4+6fc22b99d1.jar to classpath.
[13:06:15] [main/DEBUG] (FabricLoader/Knot) Adding C:\Users\13904\Documents\Code\longcommandsender-template-1.21\.gradle\loom-cache\remapped_mods\remapped\net\fabricmc\fabric-api\fabric-loot-api-v3-6512ddd1-common\1.0.2+3f89f5a5d1\fabric-loot-api-v3-6512ddd1-common-1.0.2+3f89f5a5d1.jar to classpath.
[13:06:15] [main/DEBUG] (FabricLoader/Knot) Adding C:\Users\13904\Documents\Code\longcommandsender-template-1.21\run\.fabric\processedMods\net_raphimc_viaaprilfools-common25.171739-1-6847e86991a97cc9.jar to classpath.
[13:06:15] [main/DEBUG] (FabricLoader/Knot) Adding C:\Users\13904\Documents\Code\longcommandsender-template-1.21\.gradle\loom-cache\remapped_mods\remapped\net\fabricmc\fabric-api\fabric-networking-api-v1-6512ddd1-common\4.2.2+60c3209bd1\fabric-networking-api-v1-6512ddd1-common-4.2.2+60c3209bd1.jar to classpath.
[13:06:15] [main/DEBUG] (FabricLoader/Knot) Adding C:\Users\13904\Documents\Code\longcommandsender-template-1.21\.gradle\loom-cache\remapped_mods\remapped\net\fabricmc\fabric-api\fabric-networking-api-v1-6512ddd1-client\4.2.2+60c3209bd1\fabric-networking-api-v1-6512ddd1-client-4.2.2+60c3209bd1.jar to classpath.
[13:06:15] [main/DEBUG] (FabricLoader/Knot) Adding C:\Users\13904\Documents\Code\longcommandsender-template-1.21\run\.fabric\processedMods\io_netty_netty-codec-http-4.1.114-ae3734895e48d60d.jar to classpath.
[13:06:15] [main/DEBUG] (FabricLoader/Knot) Adding C:\Users\13904\Documents\Code\longcommandsender-template-1.21\.gradle\loom-cache\remapped_mods\remapped\net\fabricmc\fabric-api\fabric-rendering-v0-6512ddd1-client\1.1.71+df3654b3d1\fabric-rendering-v0-6512ddd1-client-1.1.71+df3654b3d1.jar to classpath.
[13:06:15] [main/DEBUG] (FabricLoader/Knot) Adding C:\Users\13904\Documents\Code\longcommandsender-template-1.21\.gradle\loom-cache\remapped_mods\remapped\net\fabricmc\fabric-api\fabric-api-base-6512ddd1-common\0.4.42+6573ed8cd1\fabric-api-base-6512ddd1-common-0.4.42+6573ed8cd1.jar to classpath.
[13:06:15] [main/DEBUG] (FabricLoader/Knot) Adding C:\Users\13904\Documents\Code\longcommandsender-template-1.21\.gradle\loom-cache\remapped_mods\remapped\net\fabricmc\fabric-api\fabric-screen-handler-api-v1-6512ddd1-common\1.3.86+b5597344d1\fabric-screen-handler-api-v1-6512ddd1-common-1.3.86+b5597344d1.jar to classpath.
[13:06:15] [main/DEBUG] (FabricLoader/Knot) Adding C:\Users\13904\Documents\Code\longcommandsender-template-1.21\.gradle\loom-cache\remapped_mods\remapped\net\fabricmc\fabric-api\fabric-screen-handler-api-v1-6512ddd1-client\1.3.86+b5597344d1\fabric-screen-handler-api-v1-6512ddd1-client-1.3.86+b5597344d1.jar to classpath.
[13:06:15] [main/DEBUG] (FabricLoader/Knot) Adding C:\Users\13904\Documents\Code\longcommandsender-template-1.21\.gradle\loom-cache\remapped_mods\remapped\net\fabricmc\fabric-api\fabric-item-group-api-v1-6512ddd1-common\4.1.4+78017270d1\fabric-item-group-api-v1-6512ddd1-common-4.1.4+78017270d1.jar to classpath.
[13:06:15] [main/DEBUG] (FabricLoader/Knot) Adding C:\Users\13904\Documents\Code\longcommandsender-template-1.21\.gradle\loom-cache\remapped_mods\remapped\net\fabricmc\fabric-api\fabric-item-group-api-v1-6512ddd1-client\4.1.4+78017270d1\fabric-item-group-api-v1-6512ddd1-client-4.1.4+78017270d1.jar to classpath.
[13:06:15] [main/DEBUG] (FabricLoader/Knot) Adding C:\Users\13904\Documents\Code\longcommandsender-template-1.21\.gradle\loom-cache\remapped_mods\remapped\net\fabricmc\fabric-api\fabric-rendering-fluids-v1-6512ddd1-common\3.1.6+b5597344d1\fabric-rendering-fluids-v1-6512ddd1-common-3.1.6+b5597344d1.jar to classpath.
[13:06:15] [main/DEBUG] (FabricLoader/Knot) Adding C:\Users\13904\Documents\Code\longcommandsender-template-1.21\.gradle\loom-cache\remapped_mods\remapped\net\fabricmc\fabric-api\fabric-rendering-fluids-v1-6512ddd1-client\3.1.6+b5597344d1\fabric-rendering-fluids-v1-6512ddd1-client-3.1.6+b5597344d1.jar to classpath.
[13:06:15] [main/DEBUG] (FabricLoader/Knot) Adding C:\Users\13904\Documents\Code\longcommandsender-template-1.21\.gradle\loom-cache\remapped_mods\remapped\net\fabricmc\fabric-api\fabric-command-api-v1-6512ddd1-common\1.2.49+f71b366fd1\fabric-command-api-v1-6512ddd1-common-1.2.49+f71b366fd1.jar to classpath.
[13:06:15] [main/DEBUG] (FabricLoader/Knot) Adding C:\Users\13904\Documents\Code\longcommandsender-template-1.21\run\.fabric\processedMods\net_lenni0451_reflect-1.3.4-5441b316bf42d92c.jar to classpath.
[13:06:15] [main/DEBUG] (FabricLoader/Knot) Adding C:\Users\13904\Documents\Code\longcommandsender-template-1.21\.gradle\loom-cache\remapped_mods\remapped\net\fabricmc\fabric-api\fabric-command-api-v2-6512ddd1-common\2.2.28+6ced4dd9d1\fabric-command-api-v2-6512ddd1-common-2.2.28+6ced4dd9d1.jar to classpath.
[13:06:15] [main/DEBUG] (FabricLoader/Knot) Adding C:\Users\13904\Documents\Code\longcommandsender-template-1.21\.gradle\loom-cache\remapped_mods\remapped\net\fabricmc\fabric-api\fabric-command-api-v2-6512ddd1-client\2.2.28+6ced4dd9d1\fabric-command-api-v2-6512ddd1-client-2.2.28+6ced4dd9d1.jar to classpath.
[13:06:15] [main/DEBUG] (FabricLoader/Knot) Adding C:\Users\13904\Documents\Code\longcommandsender-template-1.21\.gradle\loom-cache\remapped_mods\remapped\net\fabricmc\fabric-api\fabric-data-attachment-api-v1-6512ddd1-common\1.1.27+6a6dfa19d1\fabric-data-attachment-api-v1-6512ddd1-common-1.1.27+6a6dfa19d1.jar to classpath.
[13:06:15] [main/DEBUG] (FabricLoader/Knot) Adding C:\Users\13904\Documents\Code\longcommandsender-template-1.21\.gradle\loom-cache\remapped_mods\remapped\net\fabricmc\fabric-api\fabric-data-attachment-api-v1-6512ddd1-client\1.1.27+6a6dfa19d1\fabric-data-attachment-api-v1-6512ddd1-client-1.1.27+6a6dfa19d1.jar to classpath.
[13:06:15] [main/DEBUG] (FabricLoader/Knot) Adding C:\Users\13904\Documents\Code\longcommandsender-template-1.21\.gradle\loom-cache\remapped_mods\remapped\net\fabricmc\fabric-api\fabric-rendering-v1-6512ddd1-client\5.0.5+df16efd0d1\fabric-rendering-v1-6512ddd1-client-5.0.5+df16efd0d1.jar to classpath.
[13:06:15] [main/DEBUG] (FabricLoader/Knot) Adding C:\Users\13904\Documents\Code\longcommandsender-template-1.21\.gradle\loom-cache\remapped_mods\remapped\net\fabricmc\fabric-api\fabric-item-api-v1-6512ddd1-common\11.0.0+afdfc921d1\fabric-item-api-v1-6512ddd1-common-11.0.0+afdfc921d1.jar to classpath.
[13:06:15] [main/DEBUG] (FabricLoader/Knot) Adding C:\Users\13904\Documents\Code\longcommandsender-template-1.21\.gradle\loom-cache\remapped_mods\remapped\net\fabricmc\fabric-api\fabric-item-api-v1-6512ddd1-client\11.0.0+afdfc921d1\fabric-item-api-v1-6512ddd1-client-11.0.0+afdfc921d1.jar to classpath.
[13:06:15] [main/DEBUG] (FabricLoader/Knot) Adding C:\Users\13904\Documents\Code\longcommandsender-template-1.21\.gradle\loom-cache\remapped_mods\remapped\net\fabricmc\fabric-api\fabric-convention-tags-v1-6512ddd1-common\2.0.19+7f945d5bd1\fabric-convention-tags-v1-6512ddd1-common-2.0.19+7f945d5bd1.jar to classpath.
[13:06:15] [main/DEBUG] (FabricLoader/Knot) Adding C:\Users\13904\Documents\Code\longcommandsender-template-1.21\run\.fabric\processedMods\net_raphimc_minecraftauth-4.1.1-a3f419a697a52fc2.jar to classpath.
[13:06:15] [main/DEBUG] (FabricLoader/Knot) Adding C:\Users\13904\Documents\Code\longcommandsender-template-1.21\run\.fabric\processedMods\io_jsonwebtoken_jjwt-api-0.12.6-7cbeb7e7f206e1e5.jar to classpath.
[13:06:15] [main/DEBUG] (FabricLoader/Knot) Adding C:\Users\13904\Documents\Code\longcommandsender-template-1.21\run\.fabric\processedMods\viafabricplus-3.4.9-64b5720b4b825f21.jar to classpath.
[13:06:15] [main/DEBUG] (FabricLoader/Knot) Adding C:\Users\13904\Documents\Code\longcommandsender-template-1.21\.gradle\loom-cache\remapped_mods\remapped\net\fabricmc\fabric-api\fabric-dimensions-v1-6512ddd1-common\4.0.0+6fc22b99d1\fabric-dimensions-v1-6512ddd1-common-4.0.0+6fc22b99d1.jar to classpath.
[13:06:15] [main/DEBUG] (FabricLoader/Knot) Adding C:\Users\13904\Documents\Code\longcommandsender-template-1.21\run\.fabric\processedMods\net_raphimc_vialegacy-3.0.5-2024025.171620-1-f9933556e8a590a.jar to classpath.
[13:06:15] [main/DEBUG] (FabricLoader/Knot) Adding C:\Users\13904\Documents\Code\longcommandsender-template-1.21\.gradle\loom-cache\remapped_mods\remapped\net\fabricmc\fabric-api\fabric-game-rule-api-v1-6512ddd1-common\1.0.53+6ced4dd9d1\fabric-game-rule-api-v1-6512ddd1-common-1.0.53+6ced4dd9d1.jar to classpath.
[13:06:15] [main/DEBUG] (FabricLoader/Knot) Adding C:\Users\13904\Documents\Code\longcommandsender-template-1.21\.gradle\loom-cache\remapped_mods\remapped\net\fabricmc\fabric-api\fabric-game-rule-api-v1-6512ddd1-client\1.0.53+6ced4dd9d1\fabric-game-rule-api-v1-6512ddd1-client-1.0.53+6ced4dd9d1.jar to classpath.
[13:06:15] [main/DEBUG] (FabricLoader/Knot) Adding C:\Users\13904\Documents\Code\longcommandsender-template-1.21\run\.fabric\processedMods\net_jodah_expiringmap-0.5.10-1f0b09a7db5df451.jar to classpath.
[13:06:15] [main/DEBUG] (FabricLoader/Knot) Adding C:\Users\13904\Documents\Code\longcommandsender-template-1.21\.gradle\loom-cache\remapped_mods\remapped\net\fabricmc\fabric-api\fabric-api-6512ddd1-common\0.102.0+1.21\fabric-api-6512ddd1-common-0.102.0+1.21.jar to classpath.
[13:06:15] [main/DEBUG] (FabricLoader/Knot) Adding C:\Users\13904\Documents\Code\longcommandsender-template-1.21\.gradle\loom-cache\remapped_mods\remapped\net\fabricmc\fabric-api\fabric-loot-api-v2-6512ddd1-common\3.0.14+3f89f5a5d1\fabric-loot-api-v2-6512ddd1-common-3.0.14+3f89f5a5d1.jar to classpath.
[13:06:15] [main/DEBUG] (FabricLoader/Knot) Adding C:\Users\13904\Documents\Code\longcommandsender-template-1.21\.gradle\loom-cache\remapped_mods\remapped\net\fabricmc\fabric-api\fabric-blockrenderlayer-v1-6512ddd1-client\1.1.52+0af3f5a7d1\fabric-blockrenderlayer-v1-6512ddd1-client-1.1.52+0af3f5a7d1.jar to classpath.
[13:06:15] [main/DEBUG] (FabricLoader/Knot) Adding C:\Users\13904\Documents\Code\longcommandsender-template-1.21\.gradle\loom-cache\remapped_mods\remapped\net\fabricmc\fabric-api\fabric-block-api-v1-6512ddd1-common\1.0.22+0af3f5a7d1\fabric-block-api-v1-6512ddd1-common-1.0.22+0af3f5a7d1.jar to classpath.
[13:06:15] [main/DEBUG] (FabricLoader/Knot) Adding C:\Users\13904\Documents\Code\longcommandsender-template-1.21\.gradle\loom-cache\remapped_mods\remapped\net\fabricmc\fabric-api\fabric-renderer-api-v1-6512ddd1-client\3.4.0+c705a49cd1\fabric-renderer-api-v1-6512ddd1-client-3.4.0+c705a49cd1.jar to classpath.
[13:06:15] [main/DEBUG] (FabricLoader/Knot) Adding C:\Users\13904\Documents\Code\longcommandsender-template-1.21\.gradle\loom-cache\remapped_mods\remapped\net\fabricmc\fabric-api\fabric-model-loading-api-v1-6512ddd1-client\2.0.0+fe474d6bd1\fabric-model-loading-api-v1-6512ddd1-client-2.0.0+fe474d6bd1.jar to classpath.
[13:06:15] [main/DEBUG] (FabricLoader/Knot) Adding C:\Users\13904\Documents\Code\longcommandsender-template-1.21\.gradle\loom-cache\remapped_mods\remapped\net\fabricmc\fabric-api\fabric-crash-report-info-v1-6512ddd1-common\0.2.29+0af3f5a7d1\fabric-crash-report-info-v1-6512ddd1-common-0.2.29+0af3f5a7d1.jar to classpath.
[13:06:15] [main/DEBUG] (FabricLoader/Knot) Adding C:\Users\13904\Documents\Code\longcommandsender-template-1.21\run\.fabric\processedMods\com_vdurmont_semver4j-3.1.0-1332a5597c628970.jar to classpath.
[13:06:15] [main/DEBUG] (FabricLoader/Knot) Adding C:\Users\13904\Documents\Code\longcommandsender-template-1.21\.gradle\loom-cache\remapped_mods\remapped\net\fabricmc\fabric-api\fabric-particles-v1-6512ddd1-common\4.0.2+6573ed8cd1\fabric-particles-v1-6512ddd1-common-4.0.2+6573ed8cd1.jar to classpath.
[13:06:15] [main/DEBUG] (FabricLoader/Knot) Adding C:\Users\13904\Documents\Code\longcommandsender-template-1.21\.gradle\loom-cache\remapped_mods\remapped\net\fabricmc\fabric-api\fabric-particles-v1-6512ddd1-client\4.0.2+6573ed8cd1\fabric-particles-v1-6512ddd1-client-4.0.2+6573ed8cd1.jar to classpath.
[13:06:15] [main/DEBUG] (FabricLoader/Knot) Adding C:\Users\13904\Documents\Code\longcommandsender-template-1.21\run\.fabric\processedMods\com_viaversion_viaversion-common25.184819-1-4641fb1393ff5c85.jar to classpath.
[13:06:15] [main/DEBUG] (FabricLoader/Knot) Adding C:\Users\13904\Documents\Code\longcommandsender-template-1.21\.gradle\loom-cache\remapped_mods\remapped\net\fabricmc\fabric-api\fabric-block-view-api-v2-6512ddd1-common\1.0.10+6573ed8cd1\fabric-block-view-api-v2-6512ddd1-common-1.0.10+6573ed8cd1.jar to classpath.
[13:06:15] [main/DEBUG] (FabricLoader/Knot) Adding C:\Users\13904\Documents\Code\longcommandsender-template-1.21\.gradle\loom-cache\remapped_mods\remapped\net\fabricmc\fabric-api\fabric-block-view-api-v2-6512ddd1-client\1.0.10+6573ed8cd1\fabric-block-view-api-v2-6512ddd1-client-1.0.10+6573ed8cd1.jar to classpath.
[13:06:15] [main/DEBUG] (FabricLoader/Knot) Adding C:\Users\13904\Documents\Code\longcommandsender-template-1.21\run\.fabric\processedMods\io_jsonwebtoken_jjwt-impl-0.12.6-861e996fe25b1918.jar to classpath.
[13:06:15] [main/DEBUG] (FabricLoader/Knot) Adding C:\Users\13904\Documents\Code\longcommandsender-template-1.21\run\.fabric\processedMods\net_lenni0451_commons_httpclient-1.6.0-68a938e124be9cfd.jar to classpath.
[13:06:15] [main/DEBUG] (FabricLoader/Knot) Adding C:\Users\13904\Documents\Code\longcommandsender-template-1.21\run\.fabric\processedMods\org_cloudburstmc_netty_netty-traR3-SNAPSHOT-f2af34522f7c29f5.jar to classpath.
[13:06:15] [main/DEBUG] (FabricLoader/Knot) Adding C:\Users\13904\Documents\Code\longcommandsender-template-1.21\.gradle\loom-cache\remapped_mods\remapped\net\fabricmc\fabric-api\fabric-keybindings-v0-6512ddd1-client\0.2.45+df3654b3d1\fabric-keybindings-v0-6512ddd1-client-0.2.45+df3654b3d1.jar to classpath.
[13:06:15] [main/DEBUG] (FabricLoader/Knot) Adding C:\Users\13904\Documents\Code\longcommandsender-template-1.21\run\.fabric\processedMods\org_lz4_lz4-pure-java-1.8.0-2a0a65a2920c5c22.jar to classpath.
[13:06:15] [main/DEBUG] (FabricLoader/Knot) Adding C:\Users\13904\Documents\Code\longcommandsender-template-1.21\run\.fabric\processedMods\net_raphimc_vialoader-3.0.5-202425.171921-1-fe1ca1fdf7476c05.jar to classpath.
[13:06:15] [main/DEBUG] (FabricLoader/Knot) Adding C:\Users\13904\Documents\Code\longcommandsender-template-1.21\run\.fabric\processedMods\com_google_code_findbugs_jsr305-3.0.2-a2f025c66ff47217.jar to classpath.
[13:06:15] [main/DEBUG] (FabricLoader/Knot) Adding C:\Users\13904\Documents\Code\longcommandsender-template-1.21\.gradle\loom-cache\remapped_mods\remapped\net\fabricmc\fabric-api\fabric-transitive-access-wideners-v1-6512ddd1-common\6.1.0+176f9036d1\fabric-transitive-access-wideners-v1-6512ddd1-common-6.1.0+176f9036d1.jar to classpath.
[13:06:15] [main/DEBUG] (FabricLoader/Knot) Adding C:\Users\13904\Documents\Code\longcommandsender-template-1.21\.gradle\loom-cache\remapped_mods\remapped\net\fabricmc\fabric-api\fabric-registry-sync-v0-6512ddd1-common\5.1.2+60c3209bd1\fabric-registry-sync-v0-6512ddd1-common-5.1.2+60c3209bd1.jar to classpath.
[13:06:15] [main/DEBUG] (FabricLoader/Knot) Adding C:\Users\13904\Documents\Code\longcommandsender-template-1.21\.gradle\loom-cache\remapped_mods\remapped\net\fabricmc\fabric-api\fabric-registry-sync-v0-6512ddd1-client\5.1.2+60c3209bd1\fabric-registry-sync-v0-6512ddd1-client-5.1.2+60c3209bd1.jar to classpath.
[13:06:15] [main/DEBUG] (FabricLoader/Knot) Adding C:\Users\13904\.gradle\caches\modules-2\files-2.1\io.github.llamalad7\mixinextras-fabric\0.4.1\8d1a9e96afb990367fa1f904d17580d164da72e3\mixinextras-fabric-0.4.1.jar to classpath.
[13:06:15] [main/DEBUG] (FabricLoader/Entrypoint) Registering new-style initializer com.lcs.LongCommandSenderClient for mod longcommandsender (key client)
[13:06:15] [main/DEBUG] (FabricLoader/Entrypoint) Registering new-style initializer com.lcs.LongCommandSender for mod longcommandsender (key main)
[13:06:15] [main/DEBUG] (FabricLoader/Entrypoint) Registering new-style initializer net.fabricmc.fabric.impl.tag.convention.v2.TranslationConventionLogWarnings for mod fabric-convention-tags-v2 (key main)
[13:06:15] [main/DEBUG] (FabricLoader/Entrypoint) Registering new-style initializer net.fabricmc.fabric.impl.client.event.lifecycle.ClientLifecycleEventsImpl for mod fabric-lifecycle-events-v1 (key client)
[13:06:15] [main/DEBUG] (FabricLoader/Entrypoint) Registering new-style initializer net.fabricmc.fabric.impl.event.lifecycle.LifecycleEventsImpl for mod fabric-lifecycle-events-v1 (key main)
[13:06:15] [main/DEBUG] (FabricLoader/Entrypoint) Registering new-style initializer net.fabricmc.fabric.impl.resource.conditions.ResourceConditionsImpl for mod fabric-resource-conditions-api-v1 (key main)
[13:06:15] [main/DEBUG] (FabricLoader/Entrypoint) Registering new-style initializer net.fabricmc.fabric.impl.recipe.ingredient.client.CustomIngredientSyncClient for mod fabric-recipe-api-v1 (key client)
[13:06:15] [main/DEBUG] (FabricLoader/Entrypoint) Registering new-style initializer net.fabricmc.fabric.impl.recipe.ingredient.CustomIngredientInit for mod fabric-recipe-api-v1 (key main)
[13:06:15] [main/DEBUG] (FabricLoader/Entrypoint) Registering new-style initializer net.fabricmc.fabric.impl.recipe.ingredient.CustomIngredientSync for mod fabric-recipe-api-v1 (key main)
[13:06:15] [main/DEBUG] (FabricLoader/Entrypoint) Registering new-style initializer net.fabricmc.fabric.impl.lookup.ApiLookupImpl for mod fabric-api-lookup-api-v1 (key main)
[13:06:15] [main/DEBUG] (FabricLoader/Entrypoint) Registering new-style initializer net.fabricmc.fabric.impl.client.indigo.Indigo for mod fabric-renderer-indigo (key client)
[13:06:15] [main/DEBUG] (FabricLoader/Entrypoint) Registering new-style initializer net.fabricmc.fabric.impl.event.interaction.client.InteractionEventsRouterClient for mod fabric-events-interaction-v0 (key client)
[13:06:15] [main/DEBUG] (FabricLoader/Entrypoint) Registering new-style initializer net.fabricmc.fabric.impl.event.interaction.InteractionEventsRouter for mod fabric-events-interaction-v0 (key main)
[13:06:15] [main/DEBUG] (FabricLoader/Entrypoint) Registering new-style initializer net.fabricmc.fabric.impl.gametest.FabricGameTestModInitializer for mod fabric-gametest-api-v1 (key main)
[13:06:15] [main/DEBUG] (FabricLoader/Entrypoint) Registering new-style initializer net.fabricmc.fabric.impl.networking.client.ClientNetworkingImpl::clientInit for mod fabric-networking-api-v1 (key client)
[13:06:15] [main/DEBUG] (FabricLoader/Entrypoint) Registering new-style initializer net.fabricmc.fabric.impl.networking.CommonPacketsImpl::init for mod fabric-networking-api-v1 (key main)
[13:06:15] [main/DEBUG] (FabricLoader/Entrypoint) Registering new-style initializer net.fabricmc.fabric.impl.networking.NetworkingImpl::init for mod fabric-networking-api-v1 (key main)
[13:06:15] [main/DEBUG] (FabricLoader/Entrypoint) Registering new-style initializer net.fabricmc.fabric.impl.client.rendering.v0.RenderingCallbackInvoker for mod fabric-rendering-v0 (key client)
[13:06:15] [main/DEBUG] (FabricLoader/Entrypoint) Registering new-style initializer net.fabricmc.fabric.impl.screenhandler.client.ClientNetworking for mod fabric-screen-handler-api-v1 (key client)
[13:06:15] [main/DEBUG] (FabricLoader/Entrypoint) Registering new-style initializer net.fabricmc.fabric.impl.screenhandler.Networking for mod fabric-screen-handler-api-v1 (key main)
[13:06:15] [main/DEBUG] (FabricLoader/Entrypoint) Registering new-style initializer net.fabricmc.fabric.impl.command.v1.LegacyHandler for mod fabric-command-api-v1 (key main)
[13:06:15] [main/DEBUG] (FabricLoader/Entrypoint) Registering new-style initializer net.fabricmc.fabric.impl.attachment.AttachmentEntrypoint for mod fabric-data-attachment-api-v1 (key main)
[13:06:15] [main/DEBUG] (FabricLoader/Entrypoint) Registering new-style initializer net.fabricmc.fabric.impl.tag.convention.ConventionLogWarnings for mod fabric-convention-tags-v1 (key main)
[13:06:15] [main/DEBUG] (FabricLoader/Entrypoint) Registering new-style initializer de.florianmichael.viafabricplus.util.ModMenuScreenFactory for mod viafabricplus (key modmenu)
[13:06:15] [main/DEBUG] (FabricLoader/Entrypoint) Registering new-style initializer net.fabricmc.fabric.impl.loot.v2.LootInitializer for mod fabric-loot-api-v2 (key main)
[13:06:15] [main/DEBUG] (FabricLoader/Entrypoint) Registering new-style initializer net.fabricmc.fabric.impl.client.registry.sync.FabricRegistryClientInit for mod fabric-registry-sync-v0 (key client)
[13:06:15] [main/DEBUG] (FabricLoader/Entrypoint) Registering new-style initializer net.fabricmc.fabric.impl.registry.sync.FabricRegistryInit for mod fabric-registry-sync-v0 (key main)
[13:06:16] [main/INFO] (FabricLoader/Mixin) SpongePowered MIXIN Subsystem Version=0.8.7 Source=file:/C:/Users/13904/.gradle/caches/modules-2/files-2.1/net.fabricmc/sponge-mixin/0.15.5+mixin.0.8.7/22f9eb729e216a091673a574a5906dc1b9027fb3/sponge-mixin-0.15.5+mixin.0.8.7.jar Service=Knot/Fabric Env=CLIENT
[13:06:16] [main/DEBUG] (FabricLoader/Mixin) Initialising Mixin Platform Manager
[13:06:16] [main/DEBUG] (FabricLoader/Mixin) Adding mixin platform agents for container ContainerHandleURI(file:///C:/Users/13904/.gradle/caches/modules-2/files-2.1/net.fabricmc/fabric-loader/0.16.14/5778d47f536bf2c63ed2abc1a56f5a1c129e34a/fabric-loader-0.16.14.jar)
[13:06:16] [main/DEBUG] (FabricLoader/Mixin) Instancing new MixinPlatformAgentDefault for ContainerHandleURI(file:///C:/Users/13904/.gradle/caches/modules-2/files-2.1/net.fabricmc/fabric-loader/0.16.14/5778d47f536bf2c63ed2abc1a56f5a1c129e34a/fabric-loader-0.16.14.jar)
[13:06:16] [main/DEBUG] (FabricLoader/Mixin) MixinPlatformAgentDefault accepted container ContainerHandleURI(file:///C:/Users/13904/.gradle/caches/modules-2/files-2.1/net.fabricmc/fabric-loader/0.16.14/5778d47f536bf2c63ed2abc1a56f5a1c129e34a/fabric-loader-0.16.14.jar)
[13:06:16] [main/DEBUG] (FabricLoader/Mixin) Instancing new MixinPlatformAgentDefault for ContainerHandleURI(file:///C:/Users/13904/.gradle/caches/modules-2/files-2.1/net.fabricmc/fabric-loader/0.16.14/5778d47f536bf2c63ed2abc1a56f5a1c129e34a/fabric-loader-0.16.14.jar)
[13:06:16] [main/DEBUG] (FabricLoader/Mixin) MixinPlatformAgentDefault accepted container ContainerHandleURI(file:///C:/Users/13904/.gradle/caches/modules-2/files-2.1/net.fabricmc/fabric-loader/0.16.14/5778d47f536bf2c63ed2abc1a56f5a1c129e34a/fabric-loader-0.16.14.jar)
[13:06:16] [main/DEBUG] (FabricLoader/Mixin) Processing prepare() for PlatformAgent[MixinPlatformAgentDefault:ContainerHandleURI(file:///C:/Users/13904/.gradle/caches/modules-2/files-2.1/net.fabricmc/fabric-loader/0.16.14/5778d47f536bf2c63ed2abc1a56f5a1c129e34a/fabric-loader-0.16.14.jar)]
[13:06:16] [main/DEBUG] (FabricLoader/Mixin) Processing prepare() for PlatformAgent[MixinPlatformAgentDefault:ContainerHandleURI(file:///C:/Users/13904/.gradle/caches/modules-2/files-2.1/net.fabricmc/fabric-loader/0.16.14/5778d47f536bf2c63ed2abc1a56f5a1c129e34a/fabric-loader-0.16.14.jar)]
[13:06:16] [main/INFO] (FabricLoader/Mixin) Loaded Fabric development mappings for mixin remapper!
[13:06:16] [main/DEBUG] (FabricLoader/Mixin) Compatibility level JAVA_17 specified by fabric-biome-api-v1.mixins.json is higher than the maximum level supported by this version of mixin (JAVA_13).
[13:06:16] [main/INFO] (FabricLoader/Mixin) Compatibility level set to JAVA_17
[13:06:16] [main/DEBUG] (FabricLoader/Mixin) Mixin config fabric-biome-api-v1.mixins.json does not specify "minVersion" or "requiredFeatures" property
[13:06:16] [main/DEBUG] (FabricLoader/Mixin) Mixin config fabric-message-api-v1.mixins.json does not specify "minVersion" or "requiredFeatures" property
[13:06:16] [main/DEBUG] (FabricLoader/Mixin) Mixin config fabric-message-api-v1.client.mixins.json does not specify "minVersion" or "requiredFeatures" property
[13:06:16] [main/DEBUG] (FabricLoader/Mixin) Mixin config fabric-sound-api-v1.mixins.json does not specify "minVersion" or "requiredFeatures" property
[13:06:16] [main/DEBUG] (FabricLoader/Mixin) Mixin config fabric-rendering-data-attachment-v1.mixins.json does not specify "minVersion" or "requiredFeatures" property
[13:06:16] [main/DEBUG] (FabricLoader/Mixin) Mixin config fabric-rendering-data-attachment-v1.client.mixins.json does not specify "minVersion" or "requiredFeatures" property
[13:06:16] [main/DEBUG] (FabricLoader/Mixin) Compatibility level JAVA_21 specified by longcommandsender.mixins.json is higher than the maximum level supported by this version of mixin (JAVA_13).
[13:06:16] [main/INFO] (FabricLoader/Mixin) Compatibility level set to JAVA_21
[13:06:16] [main/DEBUG] (FabricLoader/Mixin) Mixin config longcommandsender.mixins.json does not specify "minVersion" or "requiredFeatures" property
[13:06:16] [main/DEBUG] (FabricLoader/Mixin) Mixin config longcommandsender.client.mixins.json does not specify "minVersion" or "requiredFeatures" property
[13:06:16] [main/DEBUG] (FabricLoader/Mixin) Compatibility level JAVA_17 specified by fabric-convention-tags-api-v2.mixins.json is higher than the maximum level supported by this version of mixin (JAVA_13).
[13:06:16] [main/DEBUG] (FabricLoader/Mixin) Mixin config fabric-convention-tags-api-v2.mixins.json does not specify "minVersion" or "requiredFeatures" property
[13:06:16] [main/DEBUG] (FabricLoader/Mixin) Compatibility level JAVA_17 specified by fabric-lifecycle-events-v1.mixins.json is higher than the maximum level supported by this version of mixin (JAVA_13).
[13:06:16] [main/DEBUG] (FabricLoader/Mixin) Mixin config fabric-lifecycle-events-v1.mixins.json does not specify "minVersion" or "requiredFeatures" property
[13:06:16] [main/DEBUG] (FabricLoader/Mixin) Compatibility level JAVA_17 specified by fabric-lifecycle-events-v1.client.mixins.json is higher than the maximum level supported by this version of mixin (JAVA_13).
[13:06:16] [main/DEBUG] (FabricLoader/Mixin) Mixin config fabric-lifecycle-events-v1.client.mixins.json does not specify "minVersion" or "requiredFeatures" property
[13:06:16] [main/DEBUG] (FabricLoader/Mixin) Compatibility level JAVA_17 specified by fabric-content-registries-v0.mixins.json is higher than the maximum level supported by this version of mixin (JAVA_13).
[13:06:16] [main/DEBUG] (FabricLoader/Mixin) Mixin config fabric-content-registries-v0.mixins.json does not specify "minVersion" or "requiredFeatures" property
[13:06:16] [main/DEBUG] (FabricLoader/Mixin) Compatibility level JAVA_17 specified by fabric-transfer-api-v1.mixins.json is higher than the maximum level supported by this version of mixin (JAVA_13).
[13:06:16] [main/DEBUG] (FabricLoader/Mixin) Mixin config fabric-transfer-api-v1.mixins.json does not specify "minVersion" or "requiredFeatures" property
[13:06:16] [main/DEBUG] (FabricLoader/Mixin) Compatibility level JAVA_17 specified by fabric-data-generation-api-v1.mixins.json is higher than the maximum level supported by this version of mixin (JAVA_13).
[13:06:16] [main/DEBUG] (FabricLoader/Mixin) Mixin config fabric-data-generation-api-v1.mixins.json does not specify "minVersion" or "requiredFeatures" property
[13:06:16] [main/DEBUG] (FabricLoader/Mixin) Compatibility level JAVA_17 specified by fabric-data-generation-api-v1.client.mixins.json is higher than the maximum level supported by this version of mixin (JAVA_13).
[13:06:16] [main/DEBUG] (FabricLoader/Mixin) Mixin config fabric-data-generation-api-v1.client.mixins.json does not specify "minVersion" or "requiredFeatures" property
[13:06:16] [main/DEBUG] (FabricLoader/Mixin) Compatibility level JAVA_17 specified by fabric-resource-conditions-api-v1.mixins.json is higher than the maximum level supported by this version of mixin (JAVA_13).
[13:06:16] [main/DEBUG] (FabricLoader/Mixin) Mixin config fabric-resource-conditions-api-v1.mixins.json does not specify "minVersion" or "requiredFeatures" property
[13:06:16] [main/DEBUG] (FabricLoader/Mixin) Compatibility level JAVA_17 specified by fabric-resource-loader-v0.mixins.json is higher than the maximum level supported by this version of mixin (JAVA_13).
[13:06:16] [main/DEBUG] (FabricLoader/Mixin) Mixin config fabric-resource-loader-v0.mixins.json does not specify "minVersion" or "requiredFeatures" property
[13:06:16] [main/DEBUG] (FabricLoader/Mixin) Compatibility level JAVA_17 specified by fabric-resource-loader-v0.client.mixins.json is higher than the maximum level supported by this version of mixin (JAVA_13).
[13:06:16] [main/DEBUG] (FabricLoader/Mixin) Mixin config fabric-resource-loader-v0.client.mixins.json does not specify "minVersion" or "requiredFeatures" property
[13:06:16] [main/DEBUG] (FabricLoader/Mixin) Compatibility level JAVA_17 specified by fabric-key-binding-api-v1.mixins.json is higher than the maximum level supported by this version of mixin (JAVA_13).
[13:06:16] [main/DEBUG] (FabricLoader/Mixin) Mixin config fabric-key-binding-api-v1.mixins.json does not specify "minVersion" or "requiredFeatures" property
[13:06:16] [main/DEBUG] (FabricLoader/Mixin) Compatibility level JAVA_17 specified by fabric-entity-events-v1.mixins.json is higher than the maximum level supported by this version of mixin (JAVA_13).
[13:06:16] [main/DEBUG] (FabricLoader/Mixin) Mixin config fabric-entity-events-v1.mixins.json does not specify "minVersion" or "requiredFeatures" property
[13:06:16] [main/DEBUG] (FabricLoader/Mixin) Compatibility level JAVA_17 specified by fabric-entity-events-v1.client.mixins.json is higher than the maximum level supported by this version of mixin (JAVA_13).
[13:06:16] [main/DEBUG] (FabricLoader/Mixin) Mixin config fabric-entity-events-v1.client.mixins.json does not specify "minVersion" or "requiredFeatures" property
[13:06:16] [main/DEBUG] (FabricLoader/Mixin) Compatibility level JAVA_17 specified by fabric-recipe-api-v1.mixins.json is higher than the maximum level supported by this version of mixin (JAVA_13).
[13:06:16] [main/DEBUG] (FabricLoader/Mixin) Mixin config fabric-recipe-api-v1.mixins.json does not specify "minVersion" or "requiredFeatures" property
[13:06:16] [main/DEBUG] (FabricLoader/Mixin) Compatibility level JAVA_17 specified by fabric-api-lookup-api-v1.mixins.json is higher than the maximum level supported by this version of mixin (JAVA_13).
[13:06:16] [main/DEBUG] (FabricLoader/Mixin) Mixin config fabric-api-lookup-api-v1.mixins.json does not specify "minVersion" or "requiredFeatures" property
[13:06:16] [main/DEBUG] (FabricLoader/Mixin) Compatibility level JAVA_17 specified by fabric-screen-api-v1.mixins.json is higher than the maximum level supported by this version of mixin (JAVA_13).
[13:06:16] [main/DEBUG] (FabricLoader/Mixin) Mixin config fabric-screen-api-v1.mixins.json does not specify "minVersion" or "requiredFeatures" property
[13:06:16] [main/DEBUG] (FabricLoader/Mixin) Mixin config fabric-renderer-indigo.mixins.json does not specify "minVersion" or "requiredFeatures" property
[13:06:16] [main/DEBUG] (FabricLoader/Mixin) Compatibility level JAVA_17 specified by fabric-events-interaction-v0.mixins.json is higher than the maximum level supported by this version of mixin (JAVA_13).
[13:06:16] [main/DEBUG] (FabricLoader/Mixin) Mixin config fabric-events-interaction-v0.mixins.json does not specify "minVersion" or "requiredFeatures" property
[13:06:16] [main/DEBUG] (FabricLoader/Mixin) Compatibility level JAVA_17 specified by fabric-events-interaction-v0.client.mixins.json is higher than the maximum level supported by this version of mixin (JAVA_13).
[13:06:16] [main/DEBUG] (FabricLoader/Mixin) Mixin config fabric-events-interaction-v0.client.mixins.json does not specify "minVersion" or "requiredFeatures" property
[13:06:16] [main/DEBUG] (FabricLoader/Mixin) Compatibility level JAVA_17 specified by fabric-object-builder-v1.mixins.json is higher than the maximum level supported by this version of mixin (JAVA_13).
[13:06:16] [main/DEBUG] (FabricLoader/Mixin) Mixin config fabric-object-builder-v1.mixins.json does not specify "minVersion" or "requiredFeatures" property
[13:06:16] [main/DEBUG] (FabricLoader/Mixin) Compatibility level JAVA_17 specified by fabric-object-builder-v1.client.mixins.json is higher than the maximum level supported by this version of mixin (JAVA_13).
[13:06:16] [main/DEBUG] (FabricLoader/Mixin) Mixin config fabric-object-builder-v1.client.mixins.json does not specify "minVersion" or "requiredFeatures" property
[13:06:16] [main/DEBUG] (FabricLoader/Mixin) Compatibility level JAVA_17 specified by fabric-gametest-api-v1.mixins.json is higher than the maximum level supported by this version of mixin (JAVA_13).
[13:06:16] [main/DEBUG] (FabricLoader/Mixin) Mixin config fabric-gametest-api-v1.mixins.json does not specify "minVersion" or "requiredFeatures" property
[13:06:16] [main/DEBUG] (FabricLoader/Mixin) Compatibility level JAVA_17 specified by fabric-loot-api-v3.mixins.json is higher than the maximum level supported by this version of mixin (JAVA_13).
[13:06:16] [main/DEBUG] (FabricLoader/Mixin) Mixin config fabric-loot-api-v3.mixins.json does not specify "minVersion" or "requiredFeatures" property
[13:06:16] [main/DEBUG] (FabricLoader/Mixin) Compatibility level JAVA_17 specified by fabric-networking-api-v1.mixins.json is higher than the maximum level supported by this version of mixin (JAVA_13).
[13:06:16] [main/DEBUG] (FabricLoader/Mixin) Mixin config fabric-networking-api-v1.mixins.json does not specify "minVersion" or "requiredFeatures" property
[13:06:16] [main/DEBUG] (FabricLoader/Mixin) Compatibility level JAVA_17 specified by fabric-networking-api-v1.client.mixins.json is higher than the maximum level supported by this version of mixin (JAVA_13).
[13:06:16] [main/DEBUG] (FabricLoader/Mixin) Mixin config fabric-networking-api-v1.client.mixins.json does not specify "minVersion" or "requiredFeatures" property
[13:06:16] [main/DEBUG] (FabricLoader/Mixin) Compatibility level JAVA_17 specified by fabric-screen-handler-api-v1.mixins.json is higher than the maximum level supported by this version of mixin (JAVA_13).
[13:06:16] [main/DEBUG] (FabricLoader/Mixin) Mixin config fabric-screen-handler-api-v1.mixins.json does not specify "minVersion" or "requiredFeatures" property
[13:06:16] [main/DEBUG] (FabricLoader/Mixin) Compatibility level JAVA_17 specified by fabric-item-group-api-v1.mixins.json is higher than the maximum level supported by this version of mixin (JAVA_13).
[13:06:16] [main/DEBUG] (FabricLoader/Mixin) Mixin config fabric-item-group-api-v1.mixins.json does not specify "minVersion" or "requiredFeatures" property
[13:06:16] [main/DEBUG] (FabricLoader/Mixin) Compatibility level JAVA_17 specified by fabric-item-group-api-v1.client.mixins.json is higher than the maximum level supported by this version of mixin (JAVA_13).
[13:06:16] [main/DEBUG] (FabricLoader/Mixin) Mixin config fabric-item-group-api-v1.client.mixins.json does not specify "minVersion" or "requiredFeatures" property
[13:06:16] [main/DEBUG] (FabricLoader/Mixin) Compatibility level JAVA_17 specified by fabric-rendering-fluids-v1.mixins.json is higher than the maximum level supported by this version of mixin (JAVA_13).
[13:06:16] [main/DEBUG] (FabricLoader/Mixin) Mixin config fabric-rendering-fluids-v1.mixins.json does not specify "minVersion" or "requiredFeatures" property
[13:06:16] [main/DEBUG] (FabricLoader/Mixin) Compatibility level JAVA_17 specified by fabric-command-api-v2.mixins.json is higher than the maximum level supported by this version of mixin (JAVA_13).
[13:06:16] [main/DEBUG] (FabricLoader/Mixin) Mixin config fabric-command-api-v2.mixins.json does not specify "minVersion" or "requiredFeatures" property
[13:06:16] [main/DEBUG] (FabricLoader/Mixin) Compatibility level JAVA_17 specified by fabric-command-api-v2.client.mixins.json is higher than the maximum level supported by this version of mixin (JAVA_13).
[13:06:16] [main/DEBUG] (FabricLoader/Mixin) Mixin config fabric-command-api-v2.client.mixins.json does not specify "minVersion" or "requiredFeatures" property
[13:06:16] [main/DEBUG] (FabricLoader/Mixin) Compatibility level JAVA_17 specified by fabric-data-attachment-api-v1.mixins.json is higher than the maximum level supported by this version of mixin (JAVA_13).
[13:06:16] [main/DEBUG] (FabricLoader/Mixin) Mixin config fabric-data-attachment-api-v1.mixins.json does not specify "minVersion" or "requiredFeatures" property
[13:06:16] [main/DEBUG] (FabricLoader/Mixin) Compatibility level JAVA_17 specified by fabric-data-attachment-api-v1.client.mixins.json is higher than the maximum level supported by this version of mixin (JAVA_13).
[13:06:16] [main/DEBUG] (FabricLoader/Mixin) Mixin config fabric-data-attachment-api-v1.client.mixins.json does not specify "minVersion" or "requiredFeatures" property
[13:06:16] [main/DEBUG] (FabricLoader/Mixin) Compatibility level JAVA_17 specified by fabric-rendering-v1.mixins.json is higher than the maximum level supported by this version of mixin (JAVA_13).
[13:06:16] [main/DEBUG] (FabricLoader/Mixin) Mixin config fabric-rendering-v1.mixins.json does not specify "minVersion" or "requiredFeatures" property
[13:06:16] [main/DEBUG] (FabricLoader/Mixin) Compatibility level JAVA_17 specified by fabric-item-api-v1.mixins.json is higher than the maximum level supported by this version of mixin (JAVA_13).
[13:06:16] [main/DEBUG] (FabricLoader/Mixin) Mixin config fabric-item-api-v1.mixins.json does not specify "minVersion" or "requiredFeatures" property
[13:06:16] [main/DEBUG] (FabricLoader/Mixin) Compatibility level JAVA_17 specified by fabric-item-api-v1.client.mixins.json is higher than the maximum level supported by this version of mixin (JAVA_13).
[13:06:16] [main/DEBUG] (FabricLoader/Mixin) Mixin config fabric-item-api-v1.client.mixins.json does not specify "minVersion" or "requiredFeatures" property
[13:06:16] [main/DEBUG] (FabricLoader/Mixin) Compatibility level JAVA_17 specified by fabric-dimensions-v1.mixins.json is higher than the maximum level supported by this version of mixin (JAVA_13).
[13:06:16] [main/DEBUG] (FabricLoader/Mixin) Mixin config fabric-dimensions-v1.mixins.json does not specify "minVersion" or "requiredFeatures" property
[13:06:16] [main/DEBUG] (FabricLoader/Mixin) Compatibility level JAVA_17 specified by fabric-game-rule-api-v1.mixins.json is higher than the maximum level supported by this version of mixin (JAVA_13).
[13:06:16] [main/DEBUG] (FabricLoader/Mixin) Mixin config fabric-game-rule-api-v1.mixins.json does not specify "minVersion" or "requiredFeatures" property
[13:06:16] [main/DEBUG] (FabricLoader/Mixin) Compatibility level JAVA_17 specified by fabric-game-rule-api-v1.client.mixins.json is higher than the maximum level supported by this version of mixin (JAVA_13).
[13:06:16] [main/DEBUG] (FabricLoader/Mixin) Mixin config fabric-game-rule-api-v1.client.mixins.json does not specify "minVersion" or "requiredFeatures" property
[13:06:16] [main/DEBUG] (FabricLoader/Mixin) Compatibility level JAVA_17 specified by fabric-loot-api-v2.mixins.json is higher than the maximum level supported by this version of mixin (JAVA_13).
[13:06:16] [main/DEBUG] (FabricLoader/Mixin) Mixin config fabric-loot-api-v2.mixins.json does not specify "minVersion" or "requiredFeatures" property
[13:06:16] [main/DEBUG] (FabricLoader/Mixin) Compatibility level JAVA_17 specified by fabric-blockrenderlayer-v1.mixins.json is higher than the maximum level supported by this version of mixin (JAVA_13).
[13:06:16] [main/DEBUG] (FabricLoader/Mixin) Mixin config fabric-blockrenderlayer-v1.mixins.json does not specify "minVersion" or "requiredFeatures" property
[13:06:16] [main/DEBUG] (FabricLoader/Mixin) Compatibility level JAVA_17 specified by fabric-block-api-v1.mixins.json is higher than the maximum level supported by this version of mixin (JAVA_13).
[13:06:16] [main/DEBUG] (FabricLoader/Mixin) Mixin config fabric-block-api-v1.mixins.json does not specify "minVersion" or "requiredFeatures" property
[13:06:16] [main/DEBUG] (FabricLoader/Mixin) Mixin config fabric-renderer-api-v1.mixins.json does not specify "minVersion" or "requiredFeatures" property
[13:06:16] [main/DEBUG] (FabricLoader/Mixin) Compatibility level JAVA_17 specified by fabric-renderer-api-v1.debughud.mixins.json is higher than the maximum level supported by this version of mixin (JAVA_13).
[13:06:16] [main/DEBUG] (FabricLoader/Mixin) Mixin config fabric-renderer-api-v1.debughud.mixins.json does not specify "minVersion" or "requiredFeatures" property
[13:06:16] [main/DEBUG] (FabricLoader/Mixin) Compatibility level JAVA_17 specified by fabric-model-loading-api-v1.mixins.json is higher than the maximum level supported by this version of mixin (JAVA_13).
[13:06:16] [main/DEBUG] (FabricLoader/Mixin) Mixin config fabric-model-loading-api-v1.mixins.json does not specify "minVersion" or "requiredFeatures" property
[13:06:16] [main/DEBUG] (FabricLoader/Mixin) Compatibility level JAVA_17 specified by fabric-crash-report-info-v1.mixins.json is higher than the maximum level supported by this version of mixin (JAVA_13).
[13:06:16] [main/DEBUG] (FabricLoader/Mixin) Mixin config fabric-crash-report-info-v1.mixins.json does not specify "minVersion" or "requiredFeatures" property
[13:06:16] [main/DEBUG] (FabricLoader/Mixin) Compatibility level JAVA_17 specified by fabric-particles-v1.client.mixins.json is higher than the maximum level supported by this version of mixin (JAVA_13).
[13:06:16] [main/DEBUG] (FabricLoader/Mixin) Mixin config fabric-particles-v1.client.mixins.json does not specify "minVersion" or "requiredFeatures" property
[13:06:16] [main/DEBUG] (FabricLoader/Mixin) Compatibility level JAVA_17 specified by fabric-block-view-api-v2.mixins.json is higher than the maximum level supported by this version of mixin (JAVA_13).
[13:06:16] [main/DEBUG] (FabricLoader/Mixin) Mixin config fabric-block-view-api-v2.mixins.json does not specify "minVersion" or "requiredFeatures" property
[13:06:16] [main/DEBUG] (FabricLoader/Mixin) Compatibility level JAVA_17 specified by fabric-block-view-api-v2.client.mixins.json is higher than the maximum level supported by this version of mixin (JAVA_13).
[13:06:16] [main/DEBUG] (FabricLoader/Mixin) Mixin config fabric-block-view-api-v2.client.mixins.json does not specify "minVersion" or "requiredFeatures" property
[13:06:16] [main/DEBUG] (FabricLoader/Mixin) Compatibility level JAVA_17 specified by fabric-registry-sync-v0.mixins.json is higher than the maximum level supported by this version of mixin (JAVA_13).
[13:06:16] [main/DEBUG] (FabricLoader/Mixin) Mixin config fabric-registry-sync-v0.mixins.json does not specify "minVersion" or "requiredFeatures" property
[13:06:16] [main/DEBUG] (FabricLoader/Mixin) Compatibility level JAVA_17 specified by fabric-registry-sync-v0.client.mixins.json is higher than the maximum level supported by this version of mixin (JAVA_13).
[13:06:16] [main/DEBUG] (FabricLoader/Mixin) Mixin config fabric-registry-sync-v0.client.mixins.json does not specify "minVersion" or "requiredFeatures" property
[13:06:16] [main/DEBUG] (FabricLoader/Knot) Adding C:\Users\13904\Documents\Code\longcommandsender-template-1.21\.gradle\loom-cache\minecraftMaven\net\minecraft\minecraft-clientOnly-c453a9ae23\1.21-net.fabricmc.yarn.1_21.1.21+build.9-v2\minecraft-clientOnly-c453a9ae23-1.21-net.fabricmc.yarn.1_21.1.21+build.9-v2.jar to classpath.
[13:06:16] [main/DEBUG] (FabricLoader/Knot) Adding C:\Users\13904\Documents\Code\longcommandsender-template-1.21\.gradle\loom-cache\minecraftMaven\net\minecraft\minecraft-common-c453a9ae23\1.21-net.fabricmc.yarn.1_21.1.21+build.9-v2\minecraft-common-c453a9ae23-1.21-net.fabricmc.yarn.1_21.1.21+build.9-v2.jar to classpath.
[13:06:16] [main/DEBUG] (FabricLoader/Knot) Adding C:\Users\13904\Documents\Code\longcommandsender-template-1.21\build\classes\java\client to classpath.
[13:06:16] [main/DEBUG] (FabricLoader/Knot) Adding C:\Users\13904\Documents\Code\longcommandsender-template-1.21\build\resources\client to classpath.
[13:06:16] [main/DEBUG] (FabricLoader/Knot) Adding C:\Users\13904\.gradle\caches\fabric-loom\1.21\net.fabricmc.yarn.1_21.1.21+build.9-v2\mappings.jar to classpath.
[13:06:16] [main/DEBUG] (FabricLoader/Knot) Adding C:\Users\13904\.gradle\caches\modules-2\files-2.1\io.github.llamalad7\mixinextras-fabric\0.4.1\8d1a9e96afb990367fa1f904d17580d164da72e3\mixinextras-fabric-0.4.1.jar to classpath.
[13:06:16] [main/DEBUG] (FabricLoader/Knot) Adding C:\Users\13904\.gradle\caches\modules-2\files-2.1\net.fabricmc\dev-launch-injector\0.2.1+build.8\da8bef7e6e2f952da707f282bdb46882a0fce5e3\dev-launch-injector-0.2.1+build.8.jar to classpath.
[13:06:16] [main/DEBUG] (FabricLoader/Knot) Adding C:\Users\13904\.gradle\caches\modules-2\files-2.1\com.github.oshi\oshi-core\6.4.10\b1d8ab82d11d92fd639b56d639f8f46f739dd5fa\oshi-core-6.4.10.jar to classpath.
[13:06:16] [main/DEBUG] (FabricLoader/Knot) Adding C:\Users\13904\.gradle\caches\modules-2\files-2.1\com.google.guava\failureaccess\1.0.1\1dcf1de382a0bf95a3d8b0849546c88bac1292c9\failureaccess-1.0.1.jar to classpath.
[13:06:16] [main/DEBUG] (FabricLoader/Knot) Adding C:\Users\13904\.gradle\caches\modules-2\files-2.1\com.google.guava\guava\32.1.2-jre\5e64ec7e056456bef3a4bc4c6fdaef71e8ab6318\guava-32.1.2-jre.jar to classpath.
[13:06:16] [main/DEBUG] (FabricLoader/Knot) Adding C:\Users\13904\.gradle\caches\modules-2\files-2.1\com.ibm.icu\icu4j\73.2\61ad4ef7f9131fcf6d25c34b817f90d6da06c9e9\icu4j-73.2.jar to classpath.
[13:06:16] [main/DEBUG] (FabricLoader/Knot) Adding C:\Users\13904\.gradle\caches\modules-2\files-2.1\com.mojang\blocklist\1.0.10\5c685c5ffa94c4cd39496c7184c1d122e515ecef\blocklist-1.0.10.jar to classpath.
[13:06:16] [main/DEBUG] (FabricLoader/Knot) Adding C:\Users\13904\.gradle\caches\modules-2\files-2.1\com.mojang\brigadier\1.2.9\73e324f2ee541493a5179abf367237faa782ed21\brigadier-1.2.9.jar to classpath.
[13:06:16] [main/DEBUG] (FabricLoader/Knot) Adding C:\Users\13904\.gradle\caches\modules-2\files-2.1\com.mojang\datafixerupper\8.0.16\67d4de6d7f95d89bcf5862995fb854ebaec02a34\datafixerupper-8.0.16.jar to classpath.
[13:06:16] [main/DEBUG] (FabricLoader/Knot) Adding C:\Users\13904\.gradle\caches\modules-2\files-2.1\com.mojang\patchy\2.2.10\da05971b07cbb379d002cf7eaec6a2048211fefc\patchy-2.2.10.jar to classpath.
[13:06:16] [main/DEBUG] (FabricLoader/Knot) Adding C:\Users\13904\.gradle\caches\modules-2\files-2.1\com.mojang\text2speech\1.17.9\3cad216e3a7f0c19b4b394388bc9ffc446f13b14\text2speech-1.17.9.jar to classpath.
[13:06:16] [main/DEBUG] (FabricLoader/Knot) Adding C:\Users\13904\.gradle\caches\modules-2\files-2.1\commons-codec\commons-codec\1.16.0\4e3eb3d79888d76b54e28b350915b5dc3919c9de\commons-codec-1.16.0.jar to classpath.
[13:06:16] [main/DEBUG] (FabricLoader/Knot) Adding C:\Users\13904\.gradle\caches\modules-2\files-2.1\commons-io\commons-io\2.15.1\f11560da189ab563a5c8e351941415430e9304ea\commons-io-2.15.1.jar to classpath.
[13:06:16] [main/DEBUG] (FabricLoader/Knot) Adding C:\Users\13904\.gradle\caches\modules-2\files-2.1\commons-logging\commons-logging\1.2\4bfc12adfe4842bf07b657f0369c4cb522955686\commons-logging-1.2.jar to classpath.
[13:06:16] [main/DEBUG] (FabricLoader/Knot) Adding C:\Users\13904\.gradle\caches\modules-2\files-2.1\io.netty\netty-buffer\4.1.97.Final\f8f3d8644afa5e6e1a40a3a6aeb9d9aa970ecb4f\netty-buffer-4.1.97.Final.jar to classpath.
[13:06:16] [main/DEBUG] (FabricLoader/Knot) Adding C:\Users\13904\.gradle\caches\modules-2\files-2.1\io.netty\netty-codec\4.1.97.Final\384ba4d75670befbedb45c4d3b497a93639c206d\netty-codec-4.1.97.Final.jar to classpath.
[13:06:16] [main/DEBUG] (FabricLoader/Knot) Adding C:\Users\13904\.gradle\caches\modules-2\files-2.1\io.netty\netty-common\4.1.97.Final\7cceacaf11df8dc63f23d0fb58e9d4640fc88404\netty-common-4.1.97.Final.jar to classpath.
[13:06:16] [main/DEBUG] (FabricLoader/Knot) Adding C:\Users\13904\.gradle\caches\modules-2\files-2.1\io.netty\netty-handler\4.1.97.Final\abb86c6906bf512bf2b797a41cd7d2e8d3cd7c36\netty-handler-4.1.97.Final.jar to classpath.
[13:06:16] [main/DEBUG] (FabricLoader/Knot) Adding C:\Users\13904\.gradle\caches\modules-2\files-2.1\io.netty\netty-resolver\4.1.97.Final\cec8348108dc76c47cf87c669d514be52c922144\netty-resolver-4.1.97.Final.jar to classpath.
[13:06:16] [main/DEBUG] (FabricLoader/Knot) Adding C:\Users\13904\.gradle\caches\modules-2\files-2.1\io.netty\netty-transport-classes-epoll\4.1.97.Final\795da37ded759e862457a82d9d92c4d39ce8ecee\netty-transport-classes-epoll-4.1.97.Final.jar to classpath.
[13:06:16] [main/DEBUG] (FabricLoader/Knot) Adding C:\Users\13904\.gradle\caches\modules-2\files-2.1\io.netty\netty-transport-native-unix-common\4.1.97.Final\d469d84265ab70095b01b40886cabdd433b6e664\netty-transport-native-unix-common-4.1.97.Final.jar to classpath.
[13:06:16] [main/DEBUG] (FabricLoader/Knot) Adding C:\Users\13904\.gradle\caches\modules-2\files-2.1\io.netty\netty-transport\4.1.97.Final\f37380d23c9bb079bc702910833b2fd532c9abd0\netty-transport-4.1.97.Final.jar to classpath.
[13:06:16] [main/DEBUG] (FabricLoader/Knot) Adding C:\Users\13904\.gradle\caches\modules-2\files-2.1\it.unimi.dsi\fastutil\8.5.12\c24946d46824bd528054bface3231d2ecb7e95e8\fastutil-8.5.12.jar to classpath.
[13:06:16] [main/DEBUG] (FabricLoader/Knot) Adding C:\Users\13904\.gradle\caches\modules-2\files-2.1\net.java.dev.jna\jna-platform\5.14.0\28934d48aed814f11e4c584da55c49fa7032b31b\jna-platform-5.14.0.jar to classpath.
[13:06:16] [main/DEBUG] (FabricLoader/Knot) Adding C:\Users\13904\.gradle\caches\modules-2\files-2.1\net.java.dev.jna\jna\5.14.0\67bf3eaea4f0718cb376a181a629e5f88fa1c9dd\jna-5.14.0.jar to classpath.
[13:06:16] [main/DEBUG] (FabricLoader/Knot) Adding C:\Users\13904\.gradle\caches\modules-2\files-2.1\net.sf.jopt-simple\jopt-simple\5.0.4\4fdac2fbe92dfad86aa6e9301736f6b4342a3f5c\jopt-simple-5.0.4.jar to classpath.
[13:06:16] [main/DEBUG] (FabricLoader/Knot) Adding C:\Users\13904\.gradle\caches\modules-2\files-2.1\org.apache.commons\commons-compress\1.26.0\659feffdd12280201c8aacb8f7be94f9a883c824\commons-compress-1.26.0.jar to classpath.
[13:06:16] [main/DEBUG] (FabricLoader/Knot) Adding C:\Users\13904\.gradle\caches\modules-2\files-2.1\org.apache.commons\commons-lang3\3.14.0\1ed471194b02f2c6cb734a0cd6f6f107c673afae\commons-lang3-3.14.0.jar to classpath.
[13:06:16] [main/DEBUG] (FabricLoader/Knot) Adding C:\Users\13904\.gradle\caches\modules-2\files-2.1\org.apache.httpcomponents\httpclient\4.5.13\e5f6cae5ca7ecaac1ec2827a9e2d65ae2869cada\httpclient-4.5.13.jar to classpath.
[13:06:16] [main/DEBUG] (FabricLoader/Knot) Adding C:\Users\13904\.gradle\caches\modules-2\files-2.1\org.apache.httpcomponents\httpcore\4.4.16\51cf043c87253c9f58b539c9f7e44c8894223850\httpcore-4.4.16.jar to classpath.
[13:06:16] [main/DEBUG] (FabricLoader/Knot) Adding C:\Users\13904\.gradle\caches\modules-2\files-2.1\org.jcraft\jorbis\0.0.17\8872d22b293e8f5d7d56ff92be966e6dc28ebdc6\jorbis-0.0.17.jar to classpath.
[13:06:16] [main/DEBUG] (FabricLoader/Knot) Adding C:\Users\13904\.gradle\caches\modules-2\files-2.1\org.joml\joml\1.10.5\22566d58af70ad3d72308bab63b8339906deb649\joml-1.10.5.jar to classpath.
[13:06:16] [main/DEBUG] (FabricLoader/Knot) Adding C:\Users\13904\.gradle\caches\modules-2\files-2.1\org.lwjgl\lwjgl-freetype\3.3.3\a0db6c84a8becc8ca05f9dbfa985edc348a824c7\lwjgl-freetype-3.3.3.jar to classpath.
[13:06:16] [main/DEBUG] (FabricLoader/Knot) Adding C:\Users\13904\.gradle\caches\modules-2\files-2.1\org.lwjgl\lwjgl-freetype\3.3.3\81091b006dbb43fab04c8c638e9ac87c51b4096d\lwjgl-freetype-3.3.3-natives-windows.jar to classpath.
[13:06:16] [main/DEBUG] (FabricLoader/Knot) Adding C:\Users\13904\.gradle\caches\modules-2\files-2.1\org.lwjgl\lwjgl-freetype\3.3.3\82028265a0a2ff33523ca75137ada7dc176e5210\lwjgl-freetype-3.3.3-natives-windows-arm64.jar to classpath.
[13:06:16] [main/DEBUG] (FabricLoader/Knot) Adding C:\Users\13904\.gradle\caches\modules-2\files-2.1\org.lwjgl\lwjgl-freetype\3.3.3\15a8c1de7f51d07a92eae7ce1222557073a0c0c3\lwjgl-freetype-3.3.3-natives-windows-x86.jar to classpath.
[13:06:16] [main/DEBUG] (FabricLoader/Knot) Adding C:\Users\13904\.gradle\caches\modules-2\files-2.1\org.lwjgl\lwjgl-glfw\3.3.3\efa1eb78c5ccd840e9f329717109b5e892d72f8e\lwjgl-glfw-3.3.3.jar to classpath.
[13:06:16] [main/DEBUG] (FabricLoader/Knot) Adding C:\Users\13904\.gradle\caches\modules-2\files-2.1\org.lwjgl\lwjgl-glfw\3.3.3\e449e28b4891fc423c54c85fbc5bb0b9efece67a\lwjgl-glfw-3.3.3-natives-windows.jar to classpath.
[13:06:16] [main/DEBUG] (FabricLoader/Knot) Adding C:\Users\13904\.gradle\caches\modules-2\files-2.1\org.lwjgl\lwjgl-glfw\3.3.3\f27018dc74f6289574502b46cce55d52817554e2\lwjgl-glfw-3.3.3-natives-windows-arm64.jar to classpath.
[13:06:16] [main/DEBUG] (FabricLoader/Knot) Adding C:\Users\13904\.gradle\caches\modules-2\files-2.1\org.lwjgl\lwjgl-glfw\3.3.3\32334f3fd5270a59bad9939a93115acb6de36dcf\lwjgl-glfw-3.3.3-natives-windows-x86.jar to classpath.
[13:06:16] [main/DEBUG] (FabricLoader/Knot) Adding C:\Users\13904\.gradle\caches\modules-2\files-2.1\org.lwjgl\lwjgl-jemalloc\3.3.3\b543467b7ff3c6920539a88ee602d34098628be5\lwjgl-jemalloc-3.3.3.jar to classpath.
[13:06:16] [main/DEBUG] (FabricLoader/Knot) Adding C:\Users\13904\.gradle\caches\modules-2\files-2.1\org.lwjgl\lwjgl-jemalloc\3.3.3\426222fc027602a5f21b9c0fe79cde6a4c7a011f\lwjgl-jemalloc-3.3.3-natives-windows.jar to classpath.
[13:06:16] [main/DEBUG] (FabricLoader/Knot) Adding C:\Users\13904\.gradle\caches\modules-2\files-2.1\org.lwjgl\lwjgl-jemalloc\3.3.3\ba1f3fed0ee4be0217eaa41c5bbfb4b9b1383c33\lwjgl-jemalloc-3.3.3-natives-windows-arm64.jar to classpath.
[13:06:16] [main/DEBUG] (FabricLoader/Knot) Adding C:\Users\13904\.gradle\caches\modules-2\files-2.1\org.lwjgl\lwjgl-jemalloc\3.3.3\f6063b6e0f23be483c5c88d84ce51b39dc69126c\lwjgl-jemalloc-3.3.3-natives-windows-x86.jar to classpath.
[13:06:16] [main/DEBUG] (FabricLoader/Knot) Adding C:\Users\13904\.gradle\caches\modules-2\files-2.1\org.lwjgl\lwjgl-openal\3.3.3\daada81ceb5fc0c291fbfdd4433cb8d9423577f2\lwjgl-openal-3.3.3.jar to classpath.
[13:06:16] [main/DEBUG] (FabricLoader/Knot) Adding C:\Users\13904\.gradle\caches\modules-2\files-2.1\org.lwjgl\lwjgl-openal\3.3.3\cf83862ae95d98496b26915024c7e666d8ab1c8f\lwjgl-openal-3.3.3-natives-windows.jar to classpath.
[13:06:16] [main/DEBUG] (FabricLoader/Knot) Adding C:\Users\13904\.gradle\caches\modules-2\files-2.1\org.lwjgl\lwjgl-openal\3.3.3\8e0615235116b9e4160dfe87bec90f5f6378bf72\lwjgl-openal-3.3.3-natives-windows-arm64.jar to classpath.
[13:06:16] [main/DEBUG] (FabricLoader/Knot) Adding C:\Users\13904\.gradle\caches\modules-2\files-2.1\org.lwjgl\lwjgl-openal\3.3.3\87b8d5050e3adb46bb58fe1cb2669a4a48fce10d\lwjgl-openal-3.3.3-natives-windows-x86.jar to classpath.
[13:06:16] [main/DEBUG] (FabricLoader/Knot) Adding C:\Users\13904\.gradle\caches\modules-2\files-2.1\org.lwjgl\lwjgl-opengl\3.3.3\2f6b0147078396a58979125a4c947664e98293a\lwjgl-opengl-3.3.3.jar to classpath.
[13:06:16] [main/DEBUG] (FabricLoader/Knot) Adding C:\Users\13904\.gradle\caches\modules-2\files-2.1\org.lwjgl\lwjgl-opengl\3.3.3\e6c1eec8be8a71951b830a4d69efc01c6531900c\lwjgl-opengl-3.3.3-natives-windows.jar to classpath.
[13:06:16] [main/DEBUG] (FabricLoader/Knot) Adding C:\Users\13904\.gradle\caches\modules-2\files-2.1\org.lwjgl\lwjgl-opengl\3.3.3\65e956d3735a1abdc82eff4baec1b61174697d4b\lwjgl-opengl-3.3.3-natives-windows-arm64.jar to classpath.
[13:06:16] [main/DEBUG] (FabricLoader/Knot) Adding C:\Users\13904\.gradle\caches\modules-2\files-2.1\org.lwjgl\lwjgl-opengl\3.3.3\d32d833dcaa2f355a886eaf21f0408b5f03241d\lwjgl-opengl-3.3.3-natives-windows-x86.jar to classpath.
[13:06:16] [main/DEBUG] (FabricLoader/Knot) Adding C:\Users\13904\.gradle\caches\modules-2\files-2.1\org.lwjgl\lwjgl-stb\3.3.3\25dd6161988d7e65f71d5065c99902402ee32746\lwjgl-stb-3.3.3.jar to classpath.
[13:06:16] [main/DEBUG] (FabricLoader/Knot) Adding C:\Users\13904\.gradle\caches\modules-2\files-2.1\org.lwjgl\lwjgl-stb\3.3.3\1d9facdf6541de114b0f963be33505b7679c78cb\lwjgl-stb-3.3.3-natives-windows.jar to classpath.
[13:06:16] [main/DEBUG] (FabricLoader/Knot) Adding C:\Users\13904\.gradle\caches\modules-2\files-2.1\org.lwjgl\lwjgl-stb\3.3.3\a584ab44de569708871f0a79561f4d8c37487f2c\lwjgl-stb-3.3.3-natives-windows-arm64.jar to classpath.
[13:06:16] [main/DEBUG] (FabricLoader/Knot) Adding C:\Users\13904\.gradle\caches\modules-2\files-2.1\org.lwjgl\lwjgl-stb\3.3.3\b5c874687b9aac1a936501d4ed2c49567fd1b575\lwjgl-stb-3.3.3-natives-windows-x86.jar to classpath.
[13:06:16] [main/DEBUG] (FabricLoader/Knot) Adding C:\Users\13904\.gradle\caches\modules-2\files-2.1\org.lwjgl\lwjgl-tinyfd\3.3.3\82d755ca94b102e9ca77283b9e2dc46d1b15fbe5\lwjgl-tinyfd-3.3.3.jar to classpath.
[13:06:16] [main/DEBUG] (FabricLoader/Knot) Adding C:\Users\13904\.gradle\caches\modules-2\files-2.1\org.lwjgl\lwjgl-tinyfd\3.3.3\a6697981b0449a5087c1d546fc08b4f73e8f98c9\lwjgl-tinyfd-3.3.3-natives-windows.jar to classpath.
[13:06:16] [main/DEBUG] (FabricLoader/Knot) Adding C:\Users\13904\.gradle\caches\modules-2\files-2.1\org.lwjgl\lwjgl-tinyfd\3.3.3\a88c494f3006eb91a7433b12a3a55a9a6c20788b\lwjgl-tinyfd-3.3.3-natives-windows-arm64.jar to classpath.
[13:06:16] [main/DEBUG] (FabricLoader/Knot) Adding C:\Users\13904\.gradle\caches\modules-2\files-2.1\org.lwjgl\lwjgl-tinyfd\3.3.3\c336c84ee88cccb495c6ffa112395509e7378e8a\lwjgl-tinyfd-3.3.3-natives-windows-x86.jar to classpath.
[13:06:16] [main/DEBUG] (FabricLoader/Knot) Adding C:\Users\13904\.gradle\caches\modules-2\files-2.1\org.lwjgl\lwjgl\3.3.3\29589b5f87ed335a6c7e7ee6a5775f81f97ecb84\lwjgl-3.3.3.jar to classpath.
[13:06:16] [main/DEBUG] (FabricLoader/Knot) Adding C:\Users\13904\.gradle\caches\modules-2\files-2.1\org.lwjgl\lwjgl\3.3.3\a5ed18a2b82fc91b81f40d717cb1f64c9dcb0540\lwjgl-3.3.3-natives-windows.jar to classpath.
[13:06:16] [main/DEBUG] (FabricLoader/Knot) Adding C:\Users\13904\.gradle\caches\modules-2\files-2.1\org.lwjgl\lwjgl\3.3.3\e9aca8c5479b520a2a7f0d542a118140e812c5e8\lwjgl-3.3.3-natives-windows-arm64.jar to classpath.
[13:06:16] [main/DEBUG] (FabricLoader/Knot) Adding C:\Users\13904\.gradle\caches\modules-2\files-2.1\org.lwjgl\lwjgl\3.3.3\9e670718e050aeaeea0c2d5b907cffb142f2e58f\lwjgl-3.3.3-natives-windows-x86.jar to classpath.
[13:06:16] [main/DEBUG] (FabricLoader/Knot) Adding C:\Users\13904\.gradle\caches\modules-2\files-2.1\org.lz4\lz4-java\1.8.0\4b986a99445e49ea5fbf5d149c4b63f6ed6c6780\lz4-java-1.8.0.jar to classpath.
[13:06:16] [main/DEBUG] (FabricLoader/Knot) Adding C:\Users\13904\Documents\Code\longcommandsender-template-1.21\.gradle\loom-cache\minecraftMaven\net\minecraft\minecraft-clientOnly-c453a9ae23\1.21-net.fabricmc.yarn.1_21.1.21+build.9-v2\minecraft-clientOnly-c453a9ae23-1.21-net.fabricmc.yarn.1_21.1.21+build.9-v2.jar to classpath.
[13:06:16] [main/DEBUG] (FabricLoader/Knot) Adding C:\Users\13904\Documents\Code\longcommandsender-template-1.21\.gradle\loom-cache\minecraftMaven\net\minecraft\minecraft-common-c453a9ae23\1.21-net.fabricmc.yarn.1_21.1.21+build.9-v2\minecraft-common-c453a9ae23-1.21-net.fabricmc.yarn.1_21.1.21+build.9-v2.jar to classpath.
[13:06:16] [main/DEBUG] (FabricLoader/Knot) Adding C:\Users\13904\.gradle\caches\modules-2\files-2.1\io.netty\netty-transport-native-epoll\4.1.97.Final\54188f271e388e7f313aea995e82f58ce2cdb809\netty-transport-native-epoll-4.1.97.Final-linux-x86_64.jar to classpath.
[13:06:16] [main/DEBUG] (FabricLoader/Knot) Adding C:\Users\13904\.gradle\caches\modules-2\files-2.1\io.netty\netty-transport-native-epoll\4.1.97.Final\5514744c588190ffda076b35a9b8c9f24946a960\netty-transport-native-epoll-4.1.97.Final-linux-aarch_64.jar to classpath.
[13:06:16] [main/DEBUG] (FabricLoader/Knot) Adding C:\Users\13904\Documents\Code\longcommandsender-template-1.21\.gradle\loom-cache\remapped_mods\remapped\net\fabricmc\fabric-api\fabric-transfer-api-v1-6512ddd1-client\5.1.16+3dccd343d1\fabric-transfer-api-v1-6512ddd1-client-5.1.16+3dccd343d1.jar to classpath.
[13:06:16] [main/DEBUG] (FabricLoader/Knot) Adding C:\Users\13904\Documents\Code\longcommandsender-template-1.21\.gradle\loom-cache\remapped_mods\remapped\net\fabricmc\fabric-api\fabric-blockrenderlayer-v1-6512ddd1-client\1.1.52+0af3f5a7d1\fabric-blockrenderlayer-v1-6512ddd1-client-1.1.52+0af3f5a7d1.jar to classpath.
[13:06:16] [main/DEBUG] (FabricLoader/Knot) Adding C:\Users\13904\Documents\Code\longcommandsender-template-1.21\.gradle\loom-cache\remapped_mods\remapped\net\fabricmc\fabric-api\fabric-client-tags-api-v1-6512ddd1-client\1.1.15+6573ed8cd1\fabric-client-tags-api-v1-6512ddd1-client-1.1.15+6573ed8cd1.jar to classpath.
[13:06:16] [main/DEBUG] (FabricLoader/Knot) Adding C:\Users\13904\Documents\Code\longcommandsender-template-1.21\.gradle\loom-cache\remapped_mods\remapped\net\fabricmc\fabric-api\fabric-command-api-v2-6512ddd1-client\2.2.28+6ced4dd9d1\fabric-command-api-v2-6512ddd1-client-2.2.28+6ced4dd9d1.jar to classpath.
[13:06:16] [main/DEBUG] (FabricLoader/Knot) Adding C:\Users\13904\Documents\Code\longcommandsender-template-1.21\.gradle\loom-cache\remapped_mods\remapped\net\fabricmc\fabric-api\fabric-data-generation-api-v1-6512ddd1-client\20.2.16+16c4ae25d1\fabric-data-generation-api-v1-6512ddd1-client-20.2.16+16c4ae25d1.jar to classpath.
[13:06:16] [main/DEBUG] (FabricLoader/Knot) Adding C:\Users\13904\Documents\Code\longcommandsender-template-1.21\.gradle\loom-cache\remapped_mods\remapped\net\fabricmc\fabric-api\fabric-data-attachment-api-v1-6512ddd1-client\1.1.27+6a6dfa19d1\fabric-data-attachment-api-v1-6512ddd1-client-1.1.27+6a6dfa19d1.jar to classpath.
[13:06:16] [main/DEBUG] (FabricLoader/Knot) Adding C:\Users\13904\Documents\Code\longcommandsender-template-1.21\.gradle\loom-cache\remapped_mods\remapped\net\fabricmc\fabric-api\fabric-entity-events-v1-6512ddd1-client\1.6.12+6fc22b99d1\fabric-entity-events-v1-6512ddd1-client-1.6.12+6fc22b99d1.jar to classpath.
[13:06:16] [main/DEBUG] (FabricLoader/Knot) Adding C:\Users\13904\Documents\Code\longcommandsender-template-1.21\.gradle\loom-cache\remapped_mods\remapped\net\fabricmc\fabric-api\fabric-events-interaction-v0-6512ddd1-client\0.7.12+ba9dae06d1\fabric-events-interaction-v0-6512ddd1-client-0.7.12+ba9dae06d1.jar to classpath.
[13:06:16] [main/DEBUG] (FabricLoader/Knot) Adding C:\Users\13904\Documents\Code\longcommandsender-template-1.21\.gradle\loom-cache\remapped_mods\remapped\net\fabricmc\fabric-api\fabric-item-api-v1-6512ddd1-client\11.0.0+afdfc921d1\fabric-item-api-v1-6512ddd1-client-11.0.0+afdfc921d1.jar to classpath.
[13:06:16] [main/DEBUG] (FabricLoader/Knot) Adding C:\Users\13904\Documents\Code\longcommandsender-template-1.21\.gradle\loom-cache\remapped_mods\remapped\net\fabricmc\fabric-api\fabric-item-group-api-v1-6512ddd1-client\4.1.4+78017270d1\fabric-item-group-api-v1-6512ddd1-client-4.1.4+78017270d1.jar to classpath.
[13:06:16] [main/DEBUG] (FabricLoader/Knot) Adding C:\Users\13904\Documents\Code\longcommandsender-template-1.21\.gradle\loom-cache\remapped_mods\remapped\net\fabricmc\fabric-api\fabric-lifecycle-events-v1-6512ddd1-client\2.3.12+6c1df360d1\fabric-lifecycle-events-v1-6512ddd1-client-2.3.12+6c1df360d1.jar to classpath.
[13:06:16] [main/DEBUG] (FabricLoader/Knot) Adding C:\Users\13904\Documents\Code\longcommandsender-template-1.21\.gradle\loom-cache\remapped_mods\remapped\net\fabricmc\fabric-api\fabric-message-api-v1-6512ddd1-client\6.0.13+6573ed8cd1\fabric-message-api-v1-6512ddd1-client-6.0.13+6573ed8cd1.jar to classpath.
[13:06:16] [main/DEBUG] (FabricLoader/Knot) Adding C:\Users\13904\Documents\Code\longcommandsender-template-1.21\.gradle\loom-cache\remapped_mods\remapped\net\fabricmc\fabric-api\fabric-model-loading-api-v1-6512ddd1-client\2.0.0+fe474d6bd1\fabric-model-loading-api-v1-6512ddd1-client-2.0.0+fe474d6bd1.jar to classpath.
[13:06:16] [main/DEBUG] (FabricLoader/Knot) Adding C:\Users\13904\Documents\Code\longcommandsender-template-1.21\.gradle\loom-cache\remapped_mods\remapped\net\fabricmc\fabric-api\fabric-recipe-api-v1-6512ddd1-client\5.0.12+65089712d1\fabric-recipe-api-v1-6512ddd1-client-5.0.12+65089712d1.jar to classpath.
[13:06:16] [main/DEBUG] (FabricLoader/Knot) Adding C:\Users\13904\Documents\Code\longcommandsender-template-1.21\.gradle\loom-cache\remapped_mods\remapped\net\fabricmc\fabric-api\fabric-screen-handler-api-v1-6512ddd1-client\1.3.86+b5597344d1\fabric-screen-handler-api-v1-6512ddd1-client-1.3.86+b5597344d1.jar to classpath.
[13:06:16] [main/DEBUG] (FabricLoader/Knot) Adding C:\Users\13904\Documents\Code\longcommandsender-template-1.21\.gradle\loom-cache\remapped_mods\remapped\net\fabricmc\fabric-api\fabric-registry-sync-v0-6512ddd1-client\5.1.2+60c3209bd1\fabric-registry-sync-v0-6512ddd1-client-5.1.2+60c3209bd1.jar to classpath.
[13:06:16] [main/DEBUG] (FabricLoader/Knot) Adding C:\Users\13904\Documents\Code\longcommandsender-template-1.21\.gradle\loom-cache\remapped_mods\remapped\net\fabricmc\fabric-api\fabric-networking-api-v1-6512ddd1-client\4.2.2+60c3209bd1\fabric-networking-api-v1-6512ddd1-client-4.2.2+60c3209bd1.jar to classpath.
[13:06:16] [main/DEBUG] (FabricLoader/Knot) Adding C:\Users\13904\Documents\Code\longcommandsender-template-1.21\.gradle\loom-cache\remapped_mods\remapped\net\fabricmc\fabric-api\fabric-object-builder-api-v1-6512ddd1-client\15.2.0+a551f7a4d1\fabric-object-builder-api-v1-6512ddd1-client-15.2.0+a551f7a4d1.jar to classpath.
[13:06:16] [main/DEBUG] (FabricLoader/Knot) Adding C:\Users\13904\Documents\Code\longcommandsender-template-1.21\.gradle\loom-cache\remapped_mods\remapped\net\fabricmc\fabric-api\fabric-particles-v1-6512ddd1-client\4.0.2+6573ed8cd1\fabric-particles-v1-6512ddd1-client-4.0.2+6573ed8cd1.jar to classpath.
[13:06:16] [main/DEBUG] (FabricLoader/Knot) Adding C:\Users\13904\Documents\Code\longcommandsender-template-1.21\.gradle\loom-cache\remapped_mods\remapped\net\fabricmc\fabric-api\fabric-renderer-indigo-6512ddd1-client\1.7.0+c705a49cd1\fabric-renderer-indigo-6512ddd1-client-1.7.0+c705a49cd1.jar to classpath.
[13:06:16] [main/DEBUG] (FabricLoader/Knot) Adding C:\Users\13904\Documents\Code\longcommandsender-template-1.21\.gradle\loom-cache\remapped_mods\remapped\net\fabricmc\fabric-api\fabric-renderer-api-v1-6512ddd1-client\3.4.0+c705a49cd1\fabric-renderer-api-v1-6512ddd1-client-3.4.0+c705a49cd1.jar to classpath.
[13:06:16] [main/DEBUG] (FabricLoader/Knot) Adding C:\Users\13904\Documents\Code\longcommandsender-template-1.21\.gradle\loom-cache\remapped_mods\remapped\net\fabricmc\fabric-api\fabric-rendering-fluids-v1-6512ddd1-client\3.1.6+b5597344d1\fabric-rendering-fluids-v1-6512ddd1-client-3.1.6+b5597344d1.jar to classpath.
[13:06:16] [main/DEBUG] (FabricLoader/Knot) Adding C:\Users\13904\Documents\Code\longcommandsender-template-1.21\.gradle\loom-cache\remapped_mods\remapped\net\fabricmc\fabric-api\fabric-renderer-registries-v1-6512ddd1-client\3.2.68+df3654b3d1\fabric-renderer-registries-v1-6512ddd1-client-3.2.68+df3654b3d1.jar to classpath.
[13:06:16] [main/DEBUG] (FabricLoader/Knot) Adding C:\Users\13904\Documents\Code\longcommandsender-template-1.21\.gradle\loom-cache\remapped_mods\remapped\net\fabricmc\fabric-api\fabric-rendering-v0-6512ddd1-client\1.1.71+df3654b3d1\fabric-rendering-v0-6512ddd1-client-1.1.71+df3654b3d1.jar to classpath.
[13:06:16] [main/DEBUG] (FabricLoader/Knot) Adding C:\Users\13904\Documents\Code\longcommandsender-template-1.21\.gradle\loom-cache\remapped_mods\remapped\net\fabricmc\fabric-api\fabric-rendering-v1-6512ddd1-client\5.0.5+df16efd0d1\fabric-rendering-v1-6512ddd1-client-5.0.5+df16efd0d1.jar to classpath.
[13:06:16] [main/DEBUG] (FabricLoader/Knot) Adding C:\Users\13904\Documents\Code\longcommandsender-template-1.21\.gradle\loom-cache\remapped_mods\remapped\net\fabricmc\fabric-api\fabric-screen-api-v1-6512ddd1-client\2.0.24+b5597344d1\fabric-screen-api-v1-6512ddd1-client-2.0.24+b5597344d1.jar to classpath.
[13:06:16] [main/DEBUG] (FabricLoader/Knot) Adding C:\Users\13904\Documents\Code\longcommandsender-template-1.21\.gradle\loom-cache\remapped_mods\remapped\net\fabricmc\fabric-api\fabric-rendering-data-attachment-v1-6512ddd1-client\0.3.48+73761d2ed1\fabric-rendering-data-attachment-v1-6512ddd1-client-0.3.48+73761d2ed1.jar to classpath.
[13:06:16] [main/DEBUG] (FabricLoader/Knot) Adding C:\Users\13904\Documents\Code\longcommandsender-template-1.21\.gradle\loom-cache\remapped_mods\remapped\net\fabricmc\fabric-api\fabric-block-view-api-v2-6512ddd1-client\1.0.10+6573ed8cd1\fabric-block-view-api-v2-6512ddd1-client-1.0.10+6573ed8cd1.jar to classpath.
[13:06:16] [main/DEBUG] (FabricLoader/Knot) Adding C:\Users\13904\Documents\Code\longcommandsender-template-1.21\.gradle\loom-cache\remapped_mods\remapped\net\fabricmc\fabric-api\fabric-game-rule-api-v1-6512ddd1-client\1.0.53+6ced4dd9d1\fabric-game-rule-api-v1-6512ddd1-client-1.0.53+6ced4dd9d1.jar to classpath.
[13:06:16] [main/DEBUG] (FabricLoader/Knot) Adding C:\Users\13904\Documents\Code\longcommandsender-template-1.21\.gradle\loom-cache\remapped_mods\remapped\net\fabricmc\fabric-api\fabric-keybindings-v0-6512ddd1-client\0.2.45+df3654b3d1\fabric-keybindings-v0-6512ddd1-client-0.2.45+df3654b3d1.jar to classpath.
[13:06:16] [main/DEBUG] (FabricLoader/Knot) Adding C:\Users\13904\Documents\Code\longcommandsender-template-1.21\.gradle\loom-cache\remapped_mods\remapped\net\fabricmc\fabric-api\fabric-key-binding-api-v1-6512ddd1-client\1.0.47+0af3f5a7d1\fabric-key-binding-api-v1-6512ddd1-client-1.0.47+0af3f5a7d1.jar to classpath.
[13:06:16] [main/DEBUG] (FabricLoader/Knot) Adding C:\Users\13904\Documents\Code\longcommandsender-template-1.21\.gradle\loom-cache\remapped_mods\remapped\net\fabricmc\fabric-api\fabric-resource-loader-v0-6512ddd1-client\1.3.0+56599129d1\fabric-resource-loader-v0-6512ddd1-client-1.3.0+56599129d1.jar to classpath.
[13:06:16] [main/DEBUG] (FabricLoader/Knot) Adding C:\Users\13904\Documents\Code\longcommandsender-template-1.21\.gradle\loom-cache\remapped_mods\remapped\net\fabricmc\fabric-api\fabric-sound-api-v1-6512ddd1-client\1.0.23+6573ed8cd1\fabric-sound-api-v1-6512ddd1-client-1.0.23+6573ed8cd1.jar to classpath.
[13:06:16] [main/DEBUG] (FabricLoader/Knot) Adding C:\Users\13904\Documents\Code\longcommandsender-template-1.21\.gradle\loom-cache\remapped_mods\remapped\net\fabricmc\fabric-api\fabric-api-6512ddd1-common\0.102.0+1.21\fabric-api-6512ddd1-common-0.102.0+1.21.jar to classpath.
[13:06:16] [main/DEBUG] (FabricLoader/Knot) Adding C:\Users\13904\Documents\Code\longcommandsender-template-1.21\.gradle\loom-cache\remapped_mods\remapped\net\fabricmc\fabric-api\fabric-transfer-api-v1-6512ddd1-common\5.1.16+3dccd343d1\fabric-transfer-api-v1-6512ddd1-common-5.1.16+3dccd343d1.jar to classpath.
[13:06:16] [main/DEBUG] (FabricLoader/Knot) Adding C:\Users\13904\Documents\Code\longcommandsender-template-1.21\.gradle\loom-cache\remapped_mods\remapped\net\fabricmc\fabric-api\fabric-api-lookup-api-v1-6512ddd1-common\1.6.68+b5597344d1\fabric-api-lookup-api-v1-6512ddd1-common-1.6.68+b5597344d1.jar to classpath.
[13:06:16] [main/DEBUG] (FabricLoader/Knot) Adding C:\Users\13904\Documents\Code\longcommandsender-template-1.21\.gradle\loom-cache\remapped_mods\remapped\net\fabricmc\fabric-api\fabric-command-api-v1-6512ddd1-common\1.2.49+f71b366fd1\fabric-command-api-v1-6512ddd1-common-1.2.49+f71b366fd1.jar to classpath.
[13:06:16] [main/DEBUG] (FabricLoader/Knot) Adding C:\Users\13904\Documents\Code\longcommandsender-template-1.21\.gradle\loom-cache\remapped_mods\remapped\net\fabricmc\fabric-api\fabric-commands-v0-6512ddd1-common\0.2.66+df3654b3d1\fabric-commands-v0-6512ddd1-common-0.2.66+df3654b3d1.jar to classpath.
[13:06:16] [main/DEBUG] (FabricLoader/Knot) Adding C:\Users\13904\Documents\Code\longcommandsender-template-1.21\.gradle\loom-cache\remapped_mods\remapped\net\fabricmc\fabric-api\fabric-command-api-v2-6512ddd1-common\2.2.28+6ced4dd9d1\fabric-command-api-v2-6512ddd1-common-2.2.28+6ced4dd9d1.jar to classpath.
[13:06:16] [main/DEBUG] (FabricLoader/Knot) Adding C:\Users\13904\Documents\Code\longcommandsender-template-1.21\.gradle\loom-cache\remapped_mods\remapped\net\fabricmc\fabric-api\fabric-content-registries-v0-6512ddd1-common\8.0.16+b5597344d1\fabric-content-registries-v0-6512ddd1-common-8.0.16+b5597344d1.jar to classpath.
[13:06:16] [main/DEBUG] (FabricLoader/Knot) Adding C:\Users\13904\Documents\Code\longcommandsender-template-1.21\.gradle\loom-cache\remapped_mods\remapped\net\fabricmc\fabric-api\fabric-data-generation-api-v1-6512ddd1-common\20.2.16+16c4ae25d1\fabric-data-generation-api-v1-6512ddd1-common-20.2.16+16c4ae25d1.jar to classpath.
[13:06:16] [main/DEBUG] (FabricLoader/Knot) Adding C:\Users\13904\Documents\Code\longcommandsender-template-1.21\.gradle\loom-cache\remapped_mods\remapped\net\fabricmc\fabric-api\fabric-convention-tags-v1-6512ddd1-common\2.0.19+7f945d5bd1\fabric-convention-tags-v1-6512ddd1-common-2.0.19+7f945d5bd1.jar to classpath.
[13:06:16] [main/DEBUG] (FabricLoader/Knot) Adding C:\Users\13904\Documents\Code\longcommandsender-template-1.21\.gradle\loom-cache\remapped_mods\remapped\net\fabricmc\fabric-api\fabric-convention-tags-v2-6512ddd1-common\2.5.0+c5e2b5c6d1\fabric-convention-tags-v2-6512ddd1-common-2.5.0+c5e2b5c6d1.jar to classpath.
[13:06:16] [main/DEBUG] (FabricLoader/Knot) Adding C:\Users\13904\Documents\Code\longcommandsender-template-1.21\.gradle\loom-cache\remapped_mods\remapped\net\fabricmc\fabric-api\fabric-data-attachment-api-v1-6512ddd1-common\1.1.27+6a6dfa19d1\fabric-data-attachment-api-v1-6512ddd1-common-1.1.27+6a6dfa19d1.jar to classpath.
[13:06:16] [main/DEBUG] (FabricLoader/Knot) Adding C:\Users\13904\Documents\Code\longcommandsender-template-1.21\.gradle\loom-cache\remapped_mods\remapped\net\fabricmc\fabric-api\fabric-entity-events-v1-6512ddd1-common\1.6.12+6fc22b99d1\fabric-entity-events-v1-6512ddd1-common-1.6.12+6fc22b99d1.jar to classpath.
[13:06:16] [main/DEBUG] (FabricLoader/Knot) Adding C:\Users\13904\Documents\Code\longcommandsender-template-1.21\.gradle\loom-cache\remapped_mods\remapped\net\fabricmc\fabric-api\fabric-events-interaction-v0-6512ddd1-common\0.7.12+ba9dae06d1\fabric-events-interaction-v0-6512ddd1-common-0.7.12+ba9dae06d1.jar to classpath.
[13:06:16] [main/DEBUG] (FabricLoader/Knot) Adding C:\Users\13904\Documents\Code\longcommandsender-template-1.21\.gradle\loom-cache\remapped_mods\remapped\net\fabricmc\fabric-api\fabric-gametest-api-v1-6512ddd1-common\2.0.4+6fc22b99d1\fabric-gametest-api-v1-6512ddd1-common-2.0.4+6fc22b99d1.jar to classpath.
[13:06:16] [main/DEBUG] (FabricLoader/Knot) Adding C:\Users\13904\Documents\Code\longcommandsender-template-1.21\.gradle\loom-cache\remapped_mods\remapped\net\fabricmc\fabric-api\fabric-item-api-v1-6512ddd1-common\11.0.0+afdfc921d1\fabric-item-api-v1-6512ddd1-common-11.0.0+afdfc921d1.jar to classpath.
[13:06:16] [main/DEBUG] (FabricLoader/Knot) Adding C:\Users\13904\Documents\Code\longcommandsender-template-1.21\.gradle\loom-cache\remapped_mods\remapped\net\fabricmc\fabric-api\fabric-item-group-api-v1-6512ddd1-common\4.1.4+78017270d1\fabric-item-group-api-v1-6512ddd1-common-4.1.4+78017270d1.jar to classpath.
[13:06:16] [main/DEBUG] (FabricLoader/Knot) Adding C:\Users\13904\Documents\Code\longcommandsender-template-1.21\.gradle\loom-cache\remapped_mods\remapped\net\fabricmc\fabric-api\fabric-lifecycle-events-v1-6512ddd1-common\2.3.12+6c1df360d1\fabric-lifecycle-events-v1-6512ddd1-common-2.3.12+6c1df360d1.jar to classpath.
[13:06:16] [main/DEBUG] (FabricLoader/Knot) Adding C:\Users\13904\Documents\Code\longcommandsender-template-1.21\.gradle\loom-cache\remapped_mods\remapped\net\fabricmc\fabric-api\fabric-loot-api-v2-6512ddd1-common\3.0.14+3f89f5a5d1\fabric-loot-api-v2-6512ddd1-common-3.0.14+3f89f5a5d1.jar to classpath.
[13:06:16] [main/DEBUG] (FabricLoader/Knot) Adding C:\Users\13904\Documents\Code\longcommandsender-template-1.21\.gradle\loom-cache\remapped_mods\remapped\net\fabricmc\fabric-api\fabric-loot-api-v3-6512ddd1-common\1.0.2+3f89f5a5d1\fabric-loot-api-v3-6512ddd1-common-1.0.2+3f89f5a5d1.jar to classpath.
[13:06:16] [main/DEBUG] (FabricLoader/Knot) Adding C:\Users\13904\Documents\Code\longcommandsender-template-1.21\.gradle\loom-cache\remapped_mods\remapped\net\fabricmc\fabric-api\fabric-message-api-v1-6512ddd1-common\6.0.13+6573ed8cd1\fabric-message-api-v1-6512ddd1-common-6.0.13+6573ed8cd1.jar to classpath.
[13:06:16] [main/DEBUG] (FabricLoader/Knot) Adding C:\Users\13904\Documents\Code\longcommandsender-template-1.21\.gradle\loom-cache\remapped_mods\remapped\net\fabricmc\fabric-api\fabric-recipe-api-v1-6512ddd1-common\5.0.12+65089712d1\fabric-recipe-api-v1-6512ddd1-common-5.0.12+65089712d1.jar to classpath.
[13:06:16] [main/DEBUG] (FabricLoader/Knot) Adding C:\Users\13904\Documents\Code\longcommandsender-template-1.21\.gradle\loom-cache\remapped_mods\remapped\net\fabricmc\fabric-api\fabric-screen-handler-api-v1-6512ddd1-common\1.3.86+b5597344d1\fabric-screen-handler-api-v1-6512ddd1-common-1.3.86+b5597344d1.jar to classpath.
[13:06:16] [main/DEBUG] (FabricLoader/Knot) Adding C:\Users\13904\Documents\Code\longcommandsender-template-1.21\.gradle\loom-cache\remapped_mods\remapped\net\fabricmc\fabric-api\fabric-registry-sync-v0-6512ddd1-common\5.1.2+60c3209bd1\fabric-registry-sync-v0-6512ddd1-common-5.1.2+60c3209bd1.jar to classpath.
[13:06:16] [main/DEBUG] (FabricLoader/Knot) Adding C:\Users\13904\Documents\Code\longcommandsender-template-1.21\.gradle\loom-cache\remapped_mods\remapped\net\fabricmc\fabric-api\fabric-networking-api-v1-6512ddd1-common\4.2.2+60c3209bd1\fabric-networking-api-v1-6512ddd1-common-4.2.2+60c3209bd1.jar to classpath.
[13:06:16] [main/DEBUG] (FabricLoader/Knot) Adding C:\Users\13904\Documents\Code\longcommandsender-template-1.21\.gradle\loom-cache\remapped_mods\remapped\net\fabricmc\fabric-api\fabric-object-builder-api-v1-6512ddd1-common\15.2.0+a551f7a4d1\fabric-object-builder-api-v1-6512ddd1-common-15.2.0+a551f7a4d1.jar to classpath.
[13:06:16] [main/DEBUG] (FabricLoader/Knot) Adding C:\Users\13904\Documents\Code\longcommandsender-template-1.21\.gradle\loom-cache\remapped_mods\remapped\net\fabricmc\fabric-api\fabric-particles-v1-6512ddd1-common\4.0.2+6573ed8cd1\fabric-particles-v1-6512ddd1-common-4.0.2+6573ed8cd1.jar to classpath.
[13:06:16] [main/DEBUG] (FabricLoader/Knot) Adding C:\Users\13904\Documents\Code\longcommandsender-template-1.21\.gradle\loom-cache\remapped_mods\remapped\net\fabricmc\fabric-api\fabric-rendering-fluids-v1-6512ddd1-common\3.1.6+b5597344d1\fabric-rendering-fluids-v1-6512ddd1-common-3.1.6+b5597344d1.jar to classpath.
[13:06:16] [main/DEBUG] (FabricLoader/Knot) Adding C:\Users\13904\Documents\Code\longcommandsender-template-1.21\.gradle\loom-cache\remapped_mods\remapped\net\fabricmc\fabric-api\fabric-api-base-6512ddd1-common\0.4.42+6573ed8cd1\fabric-api-base-6512ddd1-common-0.4.42+6573ed8cd1.jar to classpath.
[13:06:16] [main/DEBUG] (FabricLoader/Knot) Adding C:\Users\13904\Documents\Code\longcommandsender-template-1.21\.gradle\loom-cache\remapped_mods\remapped\net\fabricmc\fabric-api\fabric-biome-api-v1-6512ddd1-common\13.0.29+5bd9f1bcd1\fabric-biome-api-v1-6512ddd1-common-13.0.29+5bd9f1bcd1.jar to classpath.
[13:06:16] [main/DEBUG] (FabricLoader/Knot) Adding C:\Users\13904\Documents\Code\longcommandsender-template-1.21\.gradle\loom-cache\remapped_mods\remapped\net\fabricmc\fabric-api\fabric-block-api-v1-6512ddd1-common\1.0.22+0af3f5a7d1\fabric-block-api-v1-6512ddd1-common-1.0.22+0af3f5a7d1.jar to classpath.
[13:06:16] [main/DEBUG] (FabricLoader/Knot) Adding C:\Users\13904\Documents\Code\longcommandsender-template-1.21\.gradle\loom-cache\remapped_mods\remapped\net\fabricmc\fabric-api\fabric-rendering-data-attachment-v1-6512ddd1-common\0.3.48+73761d2ed1\fabric-rendering-data-attachment-v1-6512ddd1-common-0.3.48+73761d2ed1.jar to classpath.
[13:06:16] [main/DEBUG] (FabricLoader/Knot) Adding C:\Users\13904\Documents\Code\longcommandsender-template-1.21\.gradle\loom-cache\remapped_mods\remapped\net\fabricmc\fabric-api\fabric-block-view-api-v2-6512ddd1-common\1.0.10+6573ed8cd1\fabric-block-view-api-v2-6512ddd1-common-1.0.10+6573ed8cd1.jar to classpath.
[13:06:16] [main/DEBUG] (FabricLoader/Knot) Adding C:\Users\13904\Documents\Code\longcommandsender-template-1.21\.gradle\loom-cache\remapped_mods\remapped\net\fabricmc\fabric-api\fabric-crash-report-info-v1-6512ddd1-common\0.2.29+0af3f5a7d1\fabric-crash-report-info-v1-6512ddd1-common-0.2.29+0af3f5a7d1.jar to classpath.
[13:06:16] [main/DEBUG] (FabricLoader/Knot) Adding C:\Users\13904\Documents\Code\longcommandsender-template-1.21\.gradle\loom-cache\remapped_mods\remapped\net\fabricmc\fabric-api\fabric-dimensions-v1-6512ddd1-common\4.0.0+6fc22b99d1\fabric-dimensions-v1-6512ddd1-common-4.0.0+6fc22b99d1.jar to classpath.
[13:06:16] [main/DEBUG] (FabricLoader/Knot) Adding C:\Users\13904\Documents\Code\longcommandsender-template-1.21\.gradle\loom-cache\remapped_mods\remapped\net\fabricmc\fabric-api\fabric-game-rule-api-v1-6512ddd1-common\1.0.53+6ced4dd9d1\fabric-game-rule-api-v1-6512ddd1-common-1.0.53+6ced4dd9d1.jar to classpath.
[13:06:16] [main/DEBUG] (FabricLoader/Knot) Adding C:\Users\13904\Documents\Code\longcommandsender-template-1.21\.gradle\loom-cache\remapped_mods\remapped\net\fabricmc\fabric-api\fabric-resource-conditions-api-v1-6512ddd1-common\4.3.0+8dc279b1d1\fabric-resource-conditions-api-v1-6512ddd1-common-4.3.0+8dc279b1d1.jar to classpath.
[13:06:16] [main/DEBUG] (FabricLoader/Knot) Adding C:\Users\13904\Documents\Code\longcommandsender-template-1.21\.gradle\loom-cache\remapped_mods\remapped\net\fabricmc\fabric-api\fabric-resource-loader-v0-6512ddd1-common\1.3.0+56599129d1\fabric-resource-loader-v0-6512ddd1-common-1.3.0+56599129d1.jar to classpath.
[13:06:16] [main/DEBUG] (FabricLoader/Knot) Adding C:\Users\13904\Documents\Code\longcommandsender-template-1.21\.gradle\loom-cache\remapped_mods\remapped\net\fabricmc\fabric-api\fabric-transitive-access-wideners-v1-6512ddd1-common\6.1.0+176f9036d1\fabric-transitive-access-wideners-v1-6512ddd1-common-6.1.0+176f9036d1.jar to classpath.
[13:06:16] [main/DEBUG] (FabricLoader/Knot) Adding C:\Users\13904\.gradle\caches\modules-2\files-2.1\org.jline\jline-reader\3.20.0\8f15415b022a25b473e8e16c28ae913186ffb9c4\jline-reader-3.20.0.jar to classpath.
[13:06:16] [main/DEBUG] (FabricLoader/Knot) Adding C:\Users\13904\.gradle\caches\modules-2\files-2.1\org.jline\jline-terminal\3.20.0\d0ddcc708ddf527a3454c941b7b9225cc83a15ff\jline-terminal-3.20.0.jar to classpath.
[13:06:16] [main/DEBUG] (FabricLoader/Knot) Adding C:\Users\13904\Documents\Code\longcommandsender-template-1.21\build\classes\java\main to classpath.
[13:06:16] [main/DEBUG] (FabricLoader/Knot) Adding C:\Users\13904\Documents\Code\longcommandsender-template-1.21\build\resources\main to classpath.
[13:06:16] [main/DEBUG] (FabricLoader/Entrypoint) No subscribers for entrypoint 'preLaunch'
[13:06:16] [main/DEBUG] (FabricLoader/Mixin) Preparing mixins for MixinEnvironment[DEFAULT]
[13:06:16] [main/DEBUG] (FabricLoader/Mixin) Selecting config fabric-biome-api-v1.mixins.json
[13:06:16] [main/DEBUG] (FabricLoader/Mixin) Remapping refMap fabric-biome-api-v1-refmap.json using remapper chain
[13:06:16] [main/DEBUG] (FabricLoader/Mixin) Selecting config fabric-message-api-v1.mixins.json
[13:06:16] [main/DEBUG] (FabricLoader/Mixin) Remapping refMap fabric-message-api-v1-refmap.json using remapper chain
[13:06:16] [main/DEBUG] (FabricLoader/Mixin) Selecting config fabric-message-api-v1.client.mixins.json
[13:06:16] [main/DEBUG] (FabricLoader/Mixin) Remapping refMap client-fabric-message-api-v1-refmap.json using remapper chain
[13:06:16] [main/DEBUG] (FabricLoader/Mixin) Selecting config fabric-sound-api-v1.mixins.json
[13:06:16] [main/DEBUG] (FabricLoader/Mixin) Remapping refMap client-fabric-sound-api-v1-refmap.json using remapper chain
[13:06:16] [main/DEBUG] (FabricLoader/Mixin) Selecting config fabric-rendering-data-attachment-v1.mixins.json
[13:06:16] [main/DEBUG] (FabricLoader/Mixin) Remapping refMap fabric-rendering-data-attachment-v1-refmap.json using remapper chain
[13:06:16] [main/DEBUG] (FabricLoader/Mixin) Selecting config fabric-rendering-data-attachment-v1.client.mixins.json
[13:06:16] [main/DEBUG] (FabricLoader/Mixin) Remapping refMap client-fabric-rendering-data-attachment-v1-refmap.json using remapper chain
[13:06:16] [main/DEBUG] (FabricLoader/Mixin) Selecting config longcommandsender.mixins.json
[13:06:16] [main/DEBUG] (FabricLoader/Mixin) Selecting config longcommandsender.client.mixins.json
[13:06:16] [main/DEBUG] (FabricLoader/Mixin) Selecting config fabric-convention-tags-api-v2.mixins.json
[13:06:16] [main/DEBUG] (FabricLoader/Mixin) Remapping refMap fabric-convention-tags-v2-refmap.json using remapper chain
[13:06:16] [main/DEBUG] (FabricLoader/Mixin) Selecting config fabric-lifecycle-events-v1.mixins.json
[13:06:16] [main/DEBUG] (FabricLoader/Mixin) Remapping refMap fabric-lifecycle-events-v1-refmap.json using remapper chain
[13:06:16] [main/DEBUG] (FabricLoader/Mixin) Selecting config fabric-lifecycle-events-v1.client.mixins.json
[13:06:16] [main/DEBUG] (FabricLoader/Mixin) Remapping refMap client-fabric-lifecycle-events-v1-refmap.json using remapper chain
[13:06:16] [main/DEBUG] (FabricLoader/Mixin) Selecting config fabric-content-registries-v0.mixins.json
[13:06:16] [main/DEBUG] (FabricLoader/Mixin) Remapping refMap fabric-content-registries-v0-refmap.json using remapper chain
[13:06:16] [main/DEBUG] (FabricLoader/Mixin) Selecting config fabric-transfer-api-v1.mixins.json
[13:06:16] [main/DEBUG] (FabricLoader/Mixin) Remapping refMap fabric-transfer-api-v1-refmap.json using remapper chain
[13:06:16] [main/DEBUG] (FabricLoader/Mixin) Selecting config fabric-data-generation-api-v1.mixins.json
[13:06:16] [main/DEBUG] (FabricLoader/Mixin) Remapping refMap fabric-data-generation-api-v1-refmap.json using remapper chain
[13:06:16] [main/DEBUG] (FabricLoader/Mixin) Selecting config fabric-data-generation-api-v1.client.mixins.json
[13:06:16] [main/DEBUG] (FabricLoader/Mixin) Remapping refMap client-fabric-data-generation-api-v1-refmap.json using remapper chain
[13:06:16] [main/DEBUG] (FabricLoader/Mixin) Selecting config fabric-resource-conditions-api-v1.mixins.json
[13:06:16] [main/DEBUG] (FabricLoader/Mixin) Remapping refMap fabric-resource-conditions-api-v1-refmap.json using remapper chain
[13:06:16] [main/DEBUG] (FabricLoader/Mixin) Selecting config fabric-resource-loader-v0.mixins.json
[13:06:16] [main/DEBUG] (FabricLoader/Mixin) Remapping refMap fabric-resource-loader-v0-refmap.json using remapper chain
[13:06:16] [main/DEBUG] (FabricLoader/Mixin) Selecting config fabric-resource-loader-v0.client.mixins.json
[13:06:16] [main/DEBUG] (FabricLoader/Mixin) Remapping refMap client-fabric-resource-loader-v0-refmap.json using remapper chain
[13:06:16] [main/DEBUG] (FabricLoader/Mixin) Selecting config fabric-key-binding-api-v1.mixins.json
[13:06:16] [main/DEBUG] (FabricLoader/Mixin) Remapping refMap client-fabric-key-binding-api-v1-refmap.json using remapper chain
[13:06:16] [main/DEBUG] (FabricLoader/Mixin) Selecting config fabric-entity-events-v1.mixins.json
[13:06:16] [main/DEBUG] (FabricLoader/Mixin) Remapping refMap fabric-entity-events-v1-refmap.json using remapper chain
[13:06:16] [main/DEBUG] (FabricLoader/Mixin) Selecting config fabric-entity-events-v1.client.mixins.json
[13:06:16] [main/DEBUG] (FabricLoader/Mixin) Remapping refMap client-fabric-entity-events-v1-refmap.json using remapper chain
[13:06:16] [main/DEBUG] (FabricLoader/Mixin) Selecting config fabric-recipe-api-v1.mixins.json
[13:06:16] [main/DEBUG] (FabricLoader/Mixin) Remapping refMap fabric-recipe-api-v1-refmap.json using remapper chain
[13:06:16] [main/DEBUG] (FabricLoader/Mixin) Selecting config fabric-api-lookup-api-v1.mixins.json
[13:06:16] [main/DEBUG] (FabricLoader/Mixin) Remapping refMap fabric-api-lookup-api-v1-refmap.json using remapper chain
[13:06:16] [main/DEBUG] (FabricLoader/Mixin) Selecting config fabric-screen-api-v1.mixins.json
[13:06:16] [main/DEBUG] (FabricLoader/Mixin) Remapping refMap client-fabric-screen-api-v1-refmap.json using remapper chain
[13:06:16] [main/DEBUG] (FabricLoader/Mixin) Selecting config fabric-renderer-indigo.mixins.json
[13:06:16] [main/DEBUG] (FabricLoader/Mixin) Remapping refMap client-fabric-renderer-indigo-refmap.json using remapper chain
[13:06:16] [main/DEBUG] (FabricLoader/Mixin) Selecting config fabric-events-interaction-v0.mixins.json
[13:06:16] [main/DEBUG] (FabricLoader/Mixin) Remapping refMap fabric-events-interaction-v0-refmap.json using remapper chain
[13:06:16] [main/DEBUG] (FabricLoader/Mixin) Selecting config fabric-events-interaction-v0.client.mixins.json
[13:06:16] [main/DEBUG] (FabricLoader/Mixin) Remapping refMap client-fabric-events-interaction-v0-refmap.json using remapper chain
[13:06:16] [main/DEBUG] (FabricLoader/Mixin) Selecting config fabric-object-builder-v1.mixins.json
[13:06:16] [main/DEBUG] (FabricLoader/Mixin) Remapping refMap fabric-object-builder-api-v1-refmap.json using remapper chain
[13:06:16] [main/DEBUG] (FabricLoader/Mixin) Selecting config fabric-object-builder-v1.client.mixins.json
[13:06:16] [main/DEBUG] (FabricLoader/Mixin) Remapping refMap client-fabric-object-builder-api-v1-refmap.json using remapper chain
[13:06:16] [main/DEBUG] (FabricLoader/Mixin) Selecting config fabric-gametest-api-v1.mixins.json
[13:06:16] [main/DEBUG] (FabricLoader/Mixin) Remapping refMap fabric-gametest-api-v1-refmap.json using remapper chain
[13:06:16] [main/DEBUG] (FabricLoader/Mixin) Selecting config fabric-loot-api-v3.mixins.json
[13:06:16] [main/DEBUG] (FabricLoader/Mixin) Remapping refMap fabric-loot-api-v3-refmap.json using remapper chain
[13:06:16] [main/DEBUG] (FabricLoader/Mixin) Selecting config fabric-networking-api-v1.mixins.json
[13:06:16] [main/DEBUG] (FabricLoader/Mixin) Remapping refMap fabric-networking-api-v1-refmap.json using remapper chain
[13:06:16] [main/DEBUG] (FabricLoader/Mixin) Selecting config fabric-networking-api-v1.client.mixins.json
[13:06:16] [main/DEBUG] (FabricLoader/Mixin) Remapping refMap client-fabric-networking-api-v1-refmap.json using remapper chain
[13:06:16] [main/DEBUG] (FabricLoader/Mixin) Selecting config fabric-screen-handler-api-v1.mixins.json
[13:06:16] [main/DEBUG] (FabricLoader/Mixin) Remapping refMap fabric-screen-handler-api-v1-refmap.json using remapper chain
[13:06:16] [main/DEBUG] (FabricLoader/Mixin) Selecting config fabric-item-group-api-v1.mixins.json
[13:06:16] [main/DEBUG] (FabricLoader/Mixin) Remapping refMap fabric-item-group-api-v1-refmap.json using remapper chain
[13:06:16] [main/DEBUG] (FabricLoader/Mixin) Selecting config fabric-item-group-api-v1.client.mixins.json
[13:06:16] [main/DEBUG] (FabricLoader/Mixin) Remapping refMap client-fabric-item-group-api-v1-refmap.json using remapper chain
[13:06:16] [main/DEBUG] (FabricLoader/Mixin) Selecting config fabric-rendering-fluids-v1.mixins.json
[13:06:16] [main/DEBUG] (FabricLoader/Mixin) Remapping refMap client-fabric-rendering-fluids-v1-refmap.json using remapper chain
[13:06:16] [main/DEBUG] (FabricLoader/Mixin) Selecting config fabric-command-api-v2.mixins.json
[13:06:16] [main/DEBUG] (FabricLoader/Mixin) Remapping refMap fabric-command-api-v2-refmap.json using remapper chain
[13:06:16] [main/DEBUG] (FabricLoader/Mixin) Selecting config fabric-command-api-v2.client.mixins.json
[13:06:16] [main/DEBUG] (FabricLoader/Mixin) Remapping refMap client-fabric-command-api-v2-refmap.json using remapper chain
[13:06:16] [main/DEBUG] (FabricLoader/Mixin) Selecting config fabric-data-attachment-api-v1.mixins.json
[13:06:16] [main/DEBUG] (FabricLoader/Mixin) Remapping refMap fabric-data-attachment-api-v1-refmap.json using remapper chain
[13:06:16] [main/DEBUG] (FabricLoader/Mixin) Selecting config fabric-data-attachment-api-v1.client.mixins.json
[13:06:16] [main/DEBUG] (FabricLoader/Mixin) Remapping refMap client-fabric-data-attachment-api-v1-refmap.json using remapper chain
[13:06:16] [main/DEBUG] (FabricLoader/Mixin) Selecting config fabric-rendering-v1.mixins.json
[13:06:16] [main/DEBUG] (FabricLoader/Mixin) Remapping refMap client-fabric-rendering-v1-refmap.json using remapper chain
[13:06:16] [main/DEBUG] (FabricLoader/Mixin) Selecting config fabric-item-api-v1.mixins.json
[13:06:16] [main/DEBUG] (FabricLoader/Mixin) Remapping refMap fabric-item-api-v1-refmap.json using remapper chain
[13:06:16] [main/DEBUG] (FabricLoader/Mixin) Selecting config fabric-item-api-v1.client.mixins.json
[13:06:16] [main/DEBUG] (FabricLoader/Mixin) Remapping refMap client-fabric-item-api-v1-refmap.json using remapper chain
[13:06:16] [main/DEBUG] (FabricLoader/Mixin) Selecting config viafabricplus.mixins.json
[13:06:16] [main/DEBUG] (FabricLoader/Mixin) Remapping refMap ViaFabricPlus-refmap.json using remapper chain
[13:06:16] [main/DEBUG] (FabricLoader/Mixin) Selecting config fabric-dimensions-v1.mixins.json
[13:06:16] [main/DEBUG] (FabricLoader/Mixin) Remapping refMap fabric-dimensions-v1-refmap.json using remapper chain
[13:06:16] [main/DEBUG] (FabricLoader/Mixin) Selecting config fabric-game-rule-api-v1.mixins.json
[13:06:16] [main/DEBUG] (FabricLoader/Mixin) Remapping refMap fabric-game-rule-api-v1-refmap.json using remapper chain
[13:06:16] [main/DEBUG] (FabricLoader/Mixin) Selecting config fabric-game-rule-api-v1.client.mixins.json
[13:06:16] [main/DEBUG] (FabricLoader/Mixin) Remapping refMap client-fabric-game-rule-api-v1-refmap.json using remapper chain
[13:06:16] [main/DEBUG] (FabricLoader/Mixin) Selecting config fabric-loot-api-v2.mixins.json
[13:06:16] [main/DEBUG] (FabricLoader/Mixin) Remapping refMap fabric-loot-api-v2-refmap.json using remapper chain
[13:06:16] [main/DEBUG] (FabricLoader/Mixin) Selecting config fabric-blockrenderlayer-v1.mixins.json
[13:06:16] [main/DEBUG] (FabricLoader/Mixin) Remapping refMap client-fabric-blockrenderlayer-v1-refmap.json using remapper chain
[13:06:16] [main/DEBUG] (FabricLoader/Mixin) Selecting config fabric-block-api-v1.mixins.json
[13:06:16] [main/DEBUG] (FabricLoader/Mixin) Remapping refMap fabric-block-api-v1-refmap.json using remapper chain
[13:06:16] [main/DEBUG] (FabricLoader/Mixin) Selecting config fabric-renderer-api-v1.mixins.json
[13:06:16] [main/DEBUG] (FabricLoader/Mixin) Remapping refMap client-fabric-renderer-api-v1-refmap.json using remapper chain
[13:06:16] [main/DEBUG] (FabricLoader/Mixin) Selecting config fabric-renderer-api-v1.debughud.mixins.json
[13:06:16] [main/DEBUG] (FabricLoader/Mixin) Remapping refMap client-fabric-renderer-api-v1-refmap.json using remapper chain
[13:06:16] [main/DEBUG] (FabricLoader/Mixin) Selecting config fabric-model-loading-api-v1.mixins.json
[13:06:16] [main/DEBUG] (FabricLoader/Mixin) Remapping refMap client-fabric-model-loading-api-v1-refmap.json using remapper chain
[13:06:16] [main/DEBUG] (FabricLoader/Mixin) Selecting config fabric-crash-report-info-v1.mixins.json
[13:06:16] [main/DEBUG] (FabricLoader/Mixin) Remapping refMap fabric-crash-report-info-v1-refmap.json using remapper chain
[13:06:16] [main/DEBUG] (FabricLoader/Mixin) Selecting config fabric-particles-v1.client.mixins.json
[13:06:16] [main/DEBUG] (FabricLoader/Mixin) Remapping refMap client-fabric-particles-v1-refmap.json using remapper chain
[13:06:16] [main/DEBUG] (FabricLoader/Mixin) Selecting config fabric-block-view-api-v2.mixins.json
[13:06:16] [main/DEBUG] (FabricLoader/Mixin) Remapping refMap fabric-block-view-api-v2-refmap.json using remapper chain
[13:06:16] [main/DEBUG] (FabricLoader/Mixin) Selecting config fabric-block-view-api-v2.client.mixins.json
[13:06:16] [main/DEBUG] (FabricLoader/Mixin) Remapping refMap client-fabric-block-view-api-v2-refmap.json using remapper chain
[13:06:16] [main/DEBUG] (FabricLoader/Mixin) Selecting config fabric-registry-sync-v0.mixins.json
[13:06:16] [main/DEBUG] (FabricLoader/Mixin) Remapping refMap fabric-registry-sync-v0-refmap.json using remapper chain
[13:06:16] [main/DEBUG] (FabricLoader/Mixin) Selecting config fabric-registry-sync-v0.client.mixins.json
[13:06:16] [main/DEBUG] (FabricLoader/Mixin) Remapping refMap client-fabric-registry-sync-v0-refmap.json using remapper chain
[13:06:16] [main/DEBUG] (FabricLoader/Mixin) Selecting config mixinextras.init.mixins.json
[13:06:16] [main/DEBUG] (FabricLoader/MixinExtras|Service) com.llamalad7.mixinextras.service.MixinExtrasServiceImpl(version=0.4.1) is taking over from null
[13:06:16] [main/DEBUG] (FabricLoader/Mixin) Registering new injector for @Inject with org.spongepowered.asm.mixin.injection.struct.CallbackInjectionInfo
[13:06:16] [main/DEBUG] (FabricLoader/Mixin) Registering new injector for @ModifyArg with org.spongepowered.asm.mixin.injection.struct.ModifyArgInjectionInfo
[13:06:16] [main/DEBUG] (FabricLoader/Mixin) Registering new injector for @ModifyArgs with org.spongepowered.asm.mixin.injection.struct.ModifyArgsInjectionInfo
[13:06:16] [main/DEBUG] (FabricLoader/Mixin) Registering new injector for @Redirect with org.spongepowered.asm.mixin.injection.struct.RedirectInjectionInfo
[13:06:16] [main/DEBUG] (FabricLoader/Mixin) Registering new injector for @ModifyVariable with org.spongepowered.asm.mixin.injection.struct.ModifyVariableInjectionInfo
[13:06:16] [main/DEBUG] (FabricLoader/Mixin) Registering new injector for @ModifyConstant with org.spongepowered.asm.mixin.injection.struct.ModifyConstantInjectionInfo
[13:06:16] [main/DEBUG] (FabricLoader/Mixin) Preparing fabric-biome-api-v1.mixins.json (9)
[13:06:16] [main/DEBUG] (FabricLoader/Mixin) @Mixin target net/minecraft/world/biome/source/MultiNoiseBiomeSourceParameterList$Preset$1 is public in fabric-biome-api-v1.mixins.json:NetherBiomePresetMixin from mod fabric-biome-api-v1 and should be specified in value
[13:06:16] [main/DEBUG] (FabricLoader/Mixin) Preparing fabric-message-api-v1.mixins.json (2)
[13:06:16] [main/DEBUG] (FabricLoader/Mixin) Preparing fabric-message-api-v1.client.mixins.json (2)
[13:06:16] [main/DEBUG] (FabricLoader/Mixin) Preparing fabric-sound-api-v1.mixins.json (2)
[13:06:16] [main/DEBUG] (FabricLoader/Mixin) Preparing fabric-rendering-data-attachment-v1.mixins.json (2)
[13:06:16] [main/DEBUG] (FabricLoader/Mixin) Preparing fabric-rendering-data-attachment-v1.client.mixins.json (1)
[13:06:16] [main/DEBUG] (FabricLoader/Mixin) Preparing longcommandsender.mixins.json (1)
[13:06:16] [main/DEBUG] (FabricLoader/Mixin) Preparing longcommandsender.client.mixins.json (0)
[13:06:16] [main/DEBUG] (FabricLoader/Mixin) Preparing fabric-convention-tags-api-v2.mixins.json (1)
[13:06:16] [main/DEBUG] (FabricLoader/Mixin) Preparing fabric-lifecycle-events-v1.mixins.json (10)
[13:06:16] [main/DEBUG] (FabricLoader/Mixin) @Mixin target net/minecraft/server/world/ServerWorld$ServerEntityHandler is public in fabric-lifecycle-events-v1.mixins.json:ServerWorldServerEntityHandlerMixin from mod fabric-lifecycle-events-v1 and should be specified in value
[13:06:16] [main/DEBUG] (FabricLoader/Mixin) Preparing fabric-lifecycle-events-v1.client.mixins.json (7)
[13:06:16] [main/DEBUG] (FabricLoader/Mixin) @Mixin target net/minecraft/client/world/ClientWorld$ClientEntityHandler is public in fabric-lifecycle-events-v1.client.mixins.json:ClientWorldClientEntityHandlerMixin from mod fabric-lifecycle-events-v1 and should be specified in value
[13:06:16] [main/DEBUG] (FabricLoader/Mixin) Preparing fabric-content-registries-v0.mixins.json (13)
[13:06:16] [main/DEBUG] (FabricLoader/Mixin) Preparing fabric-transfer-api-v1.mixins.json (12)
[13:06:16] [main/DEBUG] (FabricLoader/Mixin) Preparing fabric-data-generation-api-v1.mixins.json (7)
[13:06:16] [main/DEBUG] (FabricLoader/Mixin) Preparing fabric-data-generation-api-v1.client.mixins.json (1)
[13:06:16] [main/DEBUG] (FabricLoader/Mixin) Preparing fabric-resource-conditions-api-v1.mixins.json (10)
[13:06:16] [main/DEBUG] (FabricLoader/Mixin) Preparing fabric-resource-loader-v0.mixins.json (14)
[13:06:16] [main/DEBUG] (FabricLoader/Mixin) Preparing fabric-resource-loader-v0.client.mixins.json (8)
[13:06:16] [main/DEBUG] (FabricLoader/Mixin) @Mixin target net/minecraft/client/option/GameOptions$3 is public in fabric-resource-loader-v0.client.mixins.json:GameOptionsWriteVisitorMixin from mod fabric-resource-loader-v0 and should be specified in value
[13:06:16] [main/DEBUG] (FabricLoader/Mixin) Preparing fabric-key-binding-api-v1.mixins.json (2)
[13:06:16] [main/DEBUG] (FabricLoader/Mixin) Preparing fabric-entity-events-v1.mixins.json (12)
[13:06:16] [main/DEBUG] (FabricLoader/Mixin) Preparing fabric-entity-events-v1.client.mixins.json (1)
[13:06:16] [main/DEBUG] (FabricLoader/Mixin) Preparing fabric-recipe-api-v1.mixins.json (3)
[13:06:16] [main/DEBUG] (FabricLoader/Mixin) Preparing fabric-api-lookup-api-v1.mixins.json (2)
[13:06:16] [main/DEBUG] (FabricLoader/Mixin) Preparing fabric-screen-api-v1.mixins.json (6)
[13:06:16] [main/DEBUG] (FabricLoader/Mixin) Preparing fabric-renderer-indigo.mixins.json (5)
[13:06:16] [main/DEBUG] (FabricLoader/Mixin) Preparing fabric-events-interaction-v0.mixins.json (4)
[13:06:16] [main/DEBUG] (FabricLoader/Mixin) @Mixin target net/minecraft/server/network/ServerPlayNetworkHandler$1 is public in fabric-events-interaction-v0.mixins.json:ServerPlayNetworkHandlerMixin from mod fabric-events-interaction-v0 and should be specified in value
[13:06:16] [main/DEBUG] (FabricLoader/Mixin) Preparing fabric-events-interaction-v0.client.mixins.json (3)
[13:06:16] [main/DEBUG] (FabricLoader/Mixin) Preparing fabric-object-builder-v1.mixins.json (11)
[13:06:16] [main/DEBUG] (FabricLoader/Mixin) Preparing fabric-object-builder-v1.client.mixins.json (5)
[13:06:16] [main/DEBUG] (FabricLoader/Mixin) Preparing fabric-gametest-api-v1.mixins.json (8)
[13:06:16] [main/DEBUG] (FabricLoader/Mixin) Preparing fabric-loot-api-v3.mixins.json (6)
[13:06:16] [main/DEBUG] (FabricLoader/Mixin) Preparing fabric-networking-api-v1.mixins.json (18)
[13:06:16] [main/DEBUG] (FabricLoader/Mixin) @Mixin target net/minecraft/network/packet/CustomPayload$1 is public in fabric-networking-api-v1.mixins.json:CustomPayloadPacketCodecMixin from mod fabric-networking-api-v1 and should be specified in value
[13:06:16] [main/DEBUG] (FabricLoader/Mixin) @Mixin target net/minecraft/server/world/ServerChunkLoadingManager$EntityTracker is public in fabric-networking-api-v1.mixins.json:accessor.EntityTrackerAccessor from mod fabric-networking-api-v1 and should be specified in value
[13:06:16] [main/DEBUG] (FabricLoader/Mixin) Preparing fabric-networking-api-v1.client.mixins.json (9)
[13:06:16] [main/DEBUG] (FabricLoader/Mixin) Preparing fabric-screen-handler-api-v1.mixins.json (2)
[13:06:16] [main/DEBUG] (FabricLoader/Mixin) Preparing fabric-item-group-api-v1.mixins.json (3)
[13:06:16] [main/DEBUG] (FabricLoader/Mixin) Preparing fabric-item-group-api-v1.client.mixins.json (1)
[13:06:16] [main/DEBUG] (FabricLoader/Mixin) Preparing fabric-rendering-fluids-v1.mixins.json (1)
[13:06:16] [main/DEBUG] (FabricLoader/Mixin) Preparing fabric-command-api-v2.mixins.json (5)
[13:06:16] [main/DEBUG] (FabricLoader/Mixin) Preparing fabric-command-api-v2.client.mixins.json (2)
[13:06:16] [main/DEBUG] (FabricLoader/Mixin) Preparing fabric-data-attachment-api-v1.mixins.json (8)
[13:06:16] [main/DEBUG] (FabricLoader/Mixin) Preparing fabric-data-attachment-api-v1.client.mixins.json (1)
[13:06:16] [main/DEBUG] (FabricLoader/Mixin) Preparing fabric-rendering-v1.mixins.json (19)
[13:06:16] [main/DEBUG] (FabricLoader/Mixin) @Mixin target net/minecraft/client/gl/ShaderProgram$1 is public in fabric-rendering-v1.mixins.json:shader.ShaderProgramImportProcessorMixin from mod fabric-rendering-v1 and should be specified in value
[13:06:16] [main/DEBUG] (FabricLoader/Mixin) Preparing fabric-item-api-v1.mixins.json (13)
[13:06:16] [main/DEBUG] (FabricLoader/Mixin) Preparing fabric-item-api-v1.client.mixins.json (3)
[13:06:16] [main/DEBUG] (FabricLoader/Mixin) Preparing viafabricplus.mixins.json (210)
[13:06:17] [main/DEBUG] (FabricLoader/Mixin) @Mixin target net/minecraft/network/ClientConnection$1 is public in viafabricplus.mixins.json:base.connect.MixinClientConnection_1 from mod viafabricplus and should be specified in value
[13:06:17] [main/DEBUG] (FabricLoader/Mixin) @Mixin target net/minecraft/client/gui/screen/multiplayer/ConnectScreen$1 is public in viafabricplus.mixins.json:base.connect.MixinConnectScreen_1 from mod viafabricplus and should be specified in value
[13:06:17] [main/DEBUG] (FabricLoader/Mixin) @Mixin target net/minecraft/client/gui/screen/multiplayer/ConnectScreen$1 is public in viafabricplus.mixins.json:base.integration.MixinConnectScreen_1 from mod viafabricplus and should be specified in value
[13:06:17] [main/DEBUG] (FabricLoader/Mixin) @Mixin target net/minecraft/client/network/MultiplayerServerListPinger$1 is public in viafabricplus.mixins.json:base.integration.MixinMultiplayerServerListPinger_1 from mod viafabricplus and should be specified in value
[13:06:17] [main/DEBUG] (FabricLoader/Mixin) @Mixin target net/minecraft/client/resource/server/ServerResourcePackLoader$4 is public in viafabricplus.mixins.json:fixes.minecraft.MixinServerResourcePackLoader_4 from mod viafabricplus and should be specified in value
[13:06:17] [main/DEBUG] (FabricLoader/Mixin) @Mixin target net/minecraft/item/ItemGroup$EntriesImpl is public in viafabricplus.mixins.json:fixes.minecraft.item.MixinItemGroup_EntriesImpl from mod viafabricplus and should be specified in value
[13:06:17] [main/DEBUG] (FabricLoader/Mixin) @Mixin target net/minecraft/client/gui/screen/multiplayer/ConnectScreen$1 is public in viafabricplus.mixins.json:fixes.minecraft.screen.MixinConnectScreen_1 from mod viafabricplus and should be specified in value
[13:06:17] [main/DEBUG] (FabricLoader/Mixin) @Mixin target net/minecraft/client/gui/screen/ingame/StructureBlockScreen$1 is public in viafabricplus.mixins.json:fixes.minecraft.screen.MixinStructureBlockScreen_1 from mod viafabricplus and should be specified in value
[13:06:17] [main/DEBUG] (FabricLoader/Mixin) @Mixin target net/minecraft/screen/BrewingStandScreenHandler$FuelSlot is public in viafabricplus.mixins.json:fixes.minecraft.screen.screenhandler.MixinBrewingStandScreenHandler_FuelSlot from mod viafabricplus and should be specified in value
[13:06:17] [main/DEBUG] (FabricLoader/Mixin) Preparing fabric-dimensions-v1.mixins.json (4)
[13:06:17] [main/DEBUG] (FabricLoader/Mixin) Preparing fabric-game-rule-api-v1.mixins.json (6)
[13:06:17] [main/DEBUG] (FabricLoader/Mixin) @Mixin target net/minecraft/server/command/GameRuleCommand$1 is public in fabric-game-rule-api-v1.mixins.json:GameRuleCommandVisitorMixin from mod fabric-game-rule-api-v1 and should be specified in value
[13:06:17] [main/DEBUG] (FabricLoader/Mixin) Preparing fabric-game-rule-api-v1.client.mixins.json (3)
[13:06:17] [main/DEBUG] (FabricLoader/Mixin) @Mixin target net/minecraft/client/gui/screen/world/EditGameRulesScreen$RuleListWidget$1 is public in fabric-game-rule-api-v1.client.mixins.json:RuleListWidgetVisitorMixin from mod fabric-game-rule-api-v1 and should be specified in value
[13:06:17] [main/DEBUG] (FabricLoader/Mixin) Preparing fabric-loot-api-v2.mixins.json (2)
[13:06:17] [main/DEBUG] (FabricLoader/Mixin) Preparing fabric-blockrenderlayer-v1.mixins.json (1)
[13:06:17] [main/DEBUG] (FabricLoader/Mixin) Preparing fabric-block-api-v1.mixins.json (4)
[13:06:17] [main/DEBUG] (FabricLoader/Mixin) @Mixin target net/minecraft/world/chunk/ChunkSection$BlockStateCounter is public in fabric-block-api-v1.mixins.json:ChunkSectionBlockStateCounterMixin from mod fabric-block-api-v1 and should be specified in value
[13:06:17] [main/DEBUG] (FabricLoader/Mixin) Preparing fabric-renderer-api-v1.mixins.json (4)
[13:06:17] [main/DEBUG] (FabricLoader/Mixin) Preparing fabric-renderer-api-v1.debughud.mixins.json (1)
[13:06:17] [main/DEBUG] (FabricLoader/Mixin) Preparing fabric-model-loading-api-v1.mixins.json (4)
[13:06:17] [main/DEBUG] (FabricLoader/Mixin) @Mixin target net/minecraft/client/render/model/ModelLoader$BakerImpl is public in fabric-model-loading-api-v1.mixins.json:ModelLoaderBakerImplMixin from mod fabric-model-loading-api-v1 and should be specified in value
[13:06:17] [main/DEBUG] (FabricLoader/Mixin) Preparing fabric-crash-report-info-v1.mixins.json (1)
[13:06:17] [main/DEBUG] (FabricLoader/Mixin) Preparing fabric-particles-v1.client.mixins.json (4)
[13:06:17] [main/DEBUG] (FabricLoader/Mixin) Preparing fabric-block-view-api-v2.mixins.json (2)
[13:06:17] [main/DEBUG] (FabricLoader/Mixin) Preparing fabric-block-view-api-v2.client.mixins.json (2)
[13:06:17] [main/DEBUG] (FabricLoader/Mixin) Preparing fabric-registry-sync-v0.mixins.json (14)
[13:06:17] [main/DEBUG] (FabricLoader/Mixin) Preparing fabric-registry-sync-v0.client.mixins.json (6)
[13:06:17] [main/DEBUG] (FabricLoader/Mixin) @Mixin target net/minecraft/client/network/ClientRegistries$DynamicRegistries is public in fabric-registry-sync-v0.client.mixins.json:ClientRegistriesDynamicRegistriesMixin from mod fabric-registry-sync-v0 and should be specified in value
[13:06:17] [main/DEBUG] (FabricLoader/Mixin) Preparing mixinextras.init.mixins.json (0)
[13:06:17] [main/DEBUG] (FabricLoader/Mixin) Inner class net/fabricmc/fabric/mixin/transfer/ChiseledBookshelfBlockEntityMixin$1 in net/fabricmc/fabric/mixin/transfer/ChiseledBookshelfBlockEntityMixin on net/minecraft/block/entity/ChiseledBookshelfBlockEntity gets unique name net/minecraft/block/entity/ChiseledBookshelfBlockEntity$Anonymous$771131600335462fb72962f26224054d
[13:06:17] [main/DEBUG] (FabricLoader/Mixin) Inner class net/fabricmc/fabric/mixin/itemgroup/ItemGroupsMixin$1ItemGroupPosition in net/fabricmc/fabric/mixin/itemgroup/ItemGroupsMixin on net/minecraft/item/ItemGroups gets unique name net/minecraft/item/ItemGroups$1ItemGroupPosition$85d15c64b14d48b288c27238f1e8db6e
[13:06:17] [main/DEBUG] (FabricLoader/Mixin) Inner class de/florianmichael/viafabricplus/injection/mixin/fixes/minecraft/MixinPlayerInventory$2 in de/florianmichael/viafabricplus/injection/mixin/fixes/minecraft/MixinPlayerInventory on net/minecraft/entity/player/PlayerInventory gets unique name net/minecraft/entity/player/PlayerInventory$Anonymous$b8d5d33eea4a4f7e827230531b161440
[13:06:17] [main/DEBUG] (FabricLoader/Mixin) Inner class de/florianmichael/viafabricplus/injection/mixin/fixes/minecraft/MixinPlayerInventory$1 in de/florianmichael/viafabricplus/injection/mixin/fixes/minecraft/MixinPlayerInventory on net/minecraft/entity/player/PlayerInventory gets unique name net/minecraft/entity/player/PlayerInventory$Anonymous$0f7566b1a6d0440cb99f032bb56fd82a
[13:06:17] [main/DEBUG] (FabricLoader/Mixin) Inner class de/florianmichael/viafabricplus/injection/mixin/fixes/vialegacy/MixinProtocolc0_30cpeToc0_28_30$1 in de/florianmichael/viafabricplus/injection/mixin/fixes/vialegacy/MixinProtocolc0_30cpeToc0_28_30 on net/raphimc/vialegacy/protocol/classic/c0_30cpetoc0_28_30/Protocolc0_30cpeToc0_28_30 gets unique name net/raphimc/vialegacy/protocol/classic/c0_30cpetoc0_28_30/Protocolc0_30cpeToc0_28_30$Anonymous$c06096c7ed25423199c43b4f3ad4a78d
[13:06:17] [main/DEBUG] (FabricLoader/Mixin) Inner class de/florianmichael/viafabricplus/injection/mixin/fixes/vialegacy/MixinProtocolr1_7_6_10Tor1_8$2 in de/florianmichael/viafabricplus/injection/mixin/fixes/vialegacy/MixinProtocolr1_7_6_10Tor1_8 on net/raphimc/vialegacy/protocol/release/r1_7_6_10tor1_8/Protocolr1_7_6_10Tor1_8 gets unique name net/raphimc/vialegacy/protocol/release/r1_7_6_10tor1_8/Protocolr1_7_6_10Tor1_8$Anonymous$ded5339d135f4635a304798b6824969d
[13:06:17] [main/DEBUG] (FabricLoader/Mixin) Inner class de/florianmichael/viafabricplus/injection/mixin/fixes/vialegacy/MixinProtocolr1_7_6_10Tor1_8$1 in de/florianmichael/viafabricplus/injection/mixin/fixes/vialegacy/MixinProtocolr1_7_6_10Tor1_8 on net/raphimc/vialegacy/protocol/release/r1_7_6_10tor1_8/Protocolr1_7_6_10Tor1_8 gets unique name net/raphimc/vialegacy/protocol/release/r1_7_6_10tor1_8/Protocolr1_7_6_10Tor1_8$Anonymous$68de5b54a8884bec887ac2275420bce1
[13:06:17] [main/DEBUG] (FabricLoader/Mixin) Prepared 514 mixins in 0.966 sec (1.9ms avg) (0ms load, 0ms transform, 0ms plugin)
[13:06:17] [main/INFO] (FabricLoader/MixinExtras|Service) Initializing MixinExtras via com.llamalad7.mixinextras.service.MixinExtrasServiceImpl(version=0.4.1).
[13:06:17] [main/DEBUG] (FabricLoader/Mixin) Registering new injector for @SugarWrapper with com.llamalad7.mixinextras.sugar.impl.SugarWrapperInjectionInfo
[13:06:17] [main/DEBUG] (FabricLoader/Mixin) Registering new injector for @FactoryRedirectWrapper with com.llamalad7.mixinextras.wrapper.factory.FactoryRedirectWrapperInjectionInfo
[13:06:17] [main/DEBUG] (FabricLoader/Mixin) Mixing base.MixinMain from viafabricplus.mixins.json into net.minecraft.client.main.Main
[13:06:17] [main/DEBUG] (FabricLoader/Mixin) viafabricplus.mixins.json:base.MixinMain from mod viafabricplus->@Inject::bootstrap(Lorg/spongepowered/asm/mixin/injection/callback/CallbackInfo;)V doesn't use it's CallbackInfo
[13:06:17] [main/DEBUG] (io.netty.util.internal.logging.InternalLoggerFactory) Using SLF4J as the default logging framework
[13:06:17] [main/DEBUG] (io.netty.util.ResourceLeakDetector) -Dio.netty.leakDetection.level: simple
[13:06:17] [main/DEBUG] (io.netty.util.ResourceLeakDetector) -Dio.netty.leakDetection.targetRecords: 4
[13:06:18] [main/DEBUG] (FabricLoader/Mixin) Mixing TaggedChoiceMixin from fabric-dimensions-v1.mixins.json into com.mojang.datafixers.types.templates.TaggedChoice
[13:06:18] [main/DEBUG] (FabricLoader/Mixin) fabric-dimensions-v1.mixins.json:TaggedChoiceMixin from mod fabric-dimensions-v1: Class version 65 required is higher than the class version supported by the current version of Mixin (JAVA_17 supports class version 61)
[13:06:18] [main/DEBUG] (FabricLoader/Mixin) fabric-dimensions-v1.mixins.json:TaggedChoiceMixin from mod fabric-dimensions-v1->@Inject::onApply(Lcom/mojang/datafixers/util/Pair;Lorg/spongepowered/asm/mixin/injection/callback/CallbackInfoReturnable;)V does use it's CallbackInfoReturnable
[13:06:18] [main/DEBUG] (FabricLoader/Mixin) Mixing TaggedChoiceTypeMixin from fabric-dimensions-v1.mixins.json into com.mojang.datafixers.types.templates.TaggedChoice$TaggedChoiceType
[13:06:18] [main/DEBUG] (FabricLoader/Mixin) fabric-dimensions-v1.mixins.json:TaggedChoiceTypeMixin from mod fabric-dimensions-v1: Class version 65 required is higher than the class version supported by the current version of Mixin (JAVA_17 supports class version 61)
[13:06:18] [main/DEBUG] (FabricLoader/Mixin) fabric-dimensions-v1.mixins.json:TaggedChoiceTypeMixin from mod fabric-dimensions-v1->@Inject::onGetCodec(Ljava/lang/Object;Lorg/spongepowered/asm/mixin/injection/callback/CallbackInfoReturnable;)V does use it's CallbackInfoReturnable
[13:06:18] [main/DEBUG] (FabricLoader/Mixin) Mixing Schema2832Mixin from fabric-dimensions-v1.mixins.json into net.minecraft.datafixer.schema.Schema2832
[13:06:18] [main/DEBUG] (FabricLoader/Mixin) fabric-dimensions-v1.mixins.json:Schema2832Mixin from mod fabric-dimensions-v1: Class version 65 required is higher than the class version supported by the current version of Mixin (JAVA_17 supports class version 61)
[13:06:18] [main/DEBUG] (FabricLoader/Mixin) Mixing SystemDetailsMixin from fabric-crash-report-info-v1.mixins.json into net.minecraft.util.SystemDetails
[13:06:18] [main/DEBUG] (FabricLoader/Mixin) fabric-crash-report-info-v1.mixins.json:SystemDetailsMixin from mod fabric-crash-report-info-v1: Class version 65 required is higher than the class version supported by the current version of Mixin (JAVA_17 supports class version 61)
[13:06:18] [main/DEBUG] (FabricLoader/Mixin) Renaming synthetic method lambda$appendMods$1(Lnet/fabricmc/loader/api/ModContainer;)Ljava/lang/String; to mdfed865$fabric-crash-report-info-v1$lambda$appendMods$1$0 in fabric-crash-report-info-v1.mixins.json:SystemDetailsMixin from mod fabric-crash-report-info-v1
[13:06:18] [main/DEBUG] (FabricLoader/Mixin) Renaming synthetic method lambda$fillSystemDetails$0()Ljava/lang/String; to mdfed865$fabric-crash-report-info-v1$lambda$fillSystemDetails$0$1 in fabric-crash-report-info-v1.mixins.json:SystemDetailsMixin from mod fabric-crash-report-info-v1
[13:06:18] [main/DEBUG] (FabricLoader/Mixin) fabric-crash-report-info-v1.mixins.json:SystemDetailsMixin from mod fabric-crash-report-info-v1->@Inject::fillSystemDetails(Lorg/spongepowered/asm/mixin/injection/callback/CallbackInfo;)V doesn't use it's CallbackInfo
[13:06:18] [main/DEBUG] (FabricLoader/Mixin) fabric-crash-report-info-v1.mixins.json:SystemDetailsMixin from mod fabric-crash-report-info-v1->@Inject::fillSystemDetails(Lorg/spongepowered/asm/mixin/injection/callback/CallbackInfo;)V has 0 override(s) in child classes
[13:06:18] [main/DEBUG] (FabricLoader/Mixin) fabric-crash-report-info-v1.mixins.json:SystemDetailsMixin from mod fabric-crash-report-info-v1->@Inject::fillSystemDetails(Lorg/spongepowered/asm/mixin/injection/callback/CallbackInfo;)V won't be passed a CallbackInfo as a result
[13:06:19] [Datafixer Bootstrap/INFO] (com.mojang.datafixers.DataFixerBuilder) 226 Datafixer optimizations took 517 milliseconds
[13:06:19] [main/DEBUG] (FabricLoader/Mixin) Mixing BootstrapMixin from fabric-registry-sync-v0.mixins.json into net.minecraft.Bootstrap
[13:06:19] [main/DEBUG] (FabricLoader/Mixin) fabric-registry-sync-v0.mixins.json:BootstrapMixin from mod fabric-registry-sync-v0: Class version 65 required is higher than the class version supported by the current version of Mixin (JAVA_17 supports class version 61)
[13:06:19] [main/DEBUG] (FabricLoader/Mixin) Renaming synthetic method lambda$initialize$1(Lnet/minecraft/fluid/Fluid;)Ljava/util/Collection; to mdfed865$fabric-registry-sync-v0$lambda$initialize$1$0 in fabric-registry-sync-v0.mixins.json:BootstrapMixin from mod fabric-registry-sync-v0
[13:06:19] [main/DEBUG] (FabricLoader/Mixin) Renaming synthetic method lambda$initialize$0(Lnet/minecraft/block/Block;)Ljava/util/Collection; to mdfed865$fabric-registry-sync-v0$lambda$initialize$0$1 in fabric-registry-sync-v0.mixins.json:BootstrapMixin from mod fabric-registry-sync-v0
[13:06:19] [main/DEBUG] (FabricLoader/Mixin) fabric-registry-sync-v0.mixins.json:BootstrapMixin from mod fabric-registry-sync-v0->@Inject::initialize(Lorg/spongepowered/asm/mixin/injection/callback/CallbackInfo;)V doesn't use it's CallbackInfo
[13:06:19] [main/DEBUG] (FabricLoader/Mixin) Mixing RegistriesMixin from fabric-item-api-v1.mixins.json into net.minecraft.registry.Registries
[13:06:19] [main/DEBUG] (FabricLoader/Mixin) fabric-item-api-v1.mixins.json:RegistriesMixin from mod fabric-item-api-v1: Class version 65 required is higher than the class version supported by the current version of Mixin (JAVA_17 supports class version 61)
[13:06:19] [main/DEBUG] (FabricLoader/Mixin) Mixing RegistriesAccessor from fabric-registry-sync-v0.mixins.json into net.minecraft.registry.Registries
[13:06:19] [main/DEBUG] (FabricLoader/Mixin) fabric-registry-sync-v0.mixins.json:RegistriesAccessor from mod fabric-registry-sync-v0: Class version 65 required is higher than the class version supported by the current version of Mixin (JAVA_17 supports class version 61)
[13:06:19] [main/DEBUG] (FabricLoader/Mixin) Renaming @Accessor method getROOT()Lnet/minecraft/registry/MutableRegistry; to getROOT$fabric-registry-sync-v0_$md$fed865$0 in fabric-registry-sync-v0.mixins.json:RegistriesAccessor from mod fabric-registry-sync-v0
[13:06:19] [main/DEBUG] (FabricLoader/Mixin) Mixing RegistriesMixin from fabric-registry-sync-v0.mixins.json into net.minecraft.registry.Registries
[13:06:19] [main/DEBUG] (FabricLoader/Mixin) fabric-registry-sync-v0.mixins.json:RegistriesMixin from mod fabric-registry-sync-v0: Class version 65 required is higher than the class version supported by the current version of Mixin (JAVA_17 supports class version 61)
[13:06:19] [main/DEBUG] (FabricLoader/Mixin) fabric-item-api-v1.mixins.json:RegistriesMixin from mod fabric-item-api-v1->@Inject::modifyDefaultItemComponents(Lorg/spongepowered/asm/mixin/injection/callback/CallbackInfo;)V doesn't use it's CallbackInfo
[13:06:19] [main/DEBUG] (FabricLoader/Mixin) fabric-registry-sync-v0.mixins.json:RegistriesMixin from mod fabric-registry-sync-v0->@Inject::init(Lorg/spongepowered/asm/mixin/injection/callback/CallbackInfo;)V does use it's CallbackInfo
[13:06:20] [main/DEBUG] (FabricLoader/Mixin) Mixing SimpleRegistryAccessor from fabric-registry-sync-v0.mixins.json into net.minecraft.registry.SimpleRegistry
[13:06:20] [main/DEBUG] (FabricLoader/Mixin) fabric-registry-sync-v0.mixins.json:SimpleRegistryAccessor from mod fabric-registry-sync-v0: Class version 65 required is higher than the class version supported by the current version of Mixin (JAVA_17 supports class version 61)
[13:06:20] [main/DEBUG] (FabricLoader/Mixin) Mixing SimpleRegistryMixin from fabric-registry-sync-v0.mixins.json into net.minecraft.registry.SimpleRegistry
[13:06:20] [main/DEBUG] (FabricLoader/Mixin) fabric-registry-sync-v0.mixins.json:SimpleRegistryMixin from mod fabric-registry-sync-v0: Class version 65 required is higher than the class version supported by the current version of Mixin (JAVA_17 supports class version 61)
[13:06:20] [main/DEBUG] (FabricLoader/Mixin) Renaming synthetic method lambda$init$3([Lnet/fabricmc/fabric/api/event/registry/RegistryIdRemapCallback;)Lnet/fabricmc/fabric/api/event/registry/RegistryIdRemapCallback; to mdfed865$fabric-registry-sync-v0$lambda$init$3$0 in fabric-registry-sync-v0.mixins.json:SimpleRegistryMixin from mod fabric-registry-sync-v0
[13:06:20] [main/DEBUG] (FabricLoader/Mixin) Renaming synthetic method lambda$init$2([Lnet/fabricmc/fabric/api/event/registry/RegistryIdRemapCallback;Lnet/fabricmc/fabric/api/event/registry/RegistryIdRemapCallback$RemapState;)V to mdfed865$fabric-registry-sync-v0$lambda$init$2$1 in fabric-registry-sync-v0.mixins.json:SimpleRegistryMixin from mod fabric-registry-sync-v0
[13:06:20] [main/DEBUG] (FabricLoader/Mixin) Renaming synthetic method lambda$init$1([Lnet/fabricmc/fabric/api/event/registry/RegistryEntryAddedCallback;)Lnet/fabricmc/fabric/api/event/registry/RegistryEntryAddedCallback; to mdfed865$fabric-registry-sync-v0$lambda$init$1$2 in fabric-registry-sync-v0.mixins.json:SimpleRegistryMixin from mod fabric-registry-sync-v0
[13:06:20] [main/DEBUG] (FabricLoader/Mixin) Renaming synthetic method lambda$init$0([Lnet/fabricmc/fabric/api/event/registry/RegistryEntryAddedCallback;ILnet/minecraft/util/Identifier;Ljava/lang/Object;)V to mdfed865$fabric-registry-sync-v0$lambda$init$0$3 in fabric-registry-sync-v0.mixins.json:SimpleRegistryMixin from mod fabric-registry-sync-v0
[13:06:20] [main/DEBUG] (FabricLoader/Mixin) Renaming @Unique field LOGGERLorg/slf4j/Logger; to fdfed865$fabric-registry-sync-v0$LOGGER$0 in fabric-registry-sync-v0.mixins.json:SimpleRegistryMixin from mod fabric-registry-sync-v0
[13:06:20] [main/DEBUG] (FabricLoader/Mixin) fabric-registry-sync-v0.mixins.json:SimpleRegistryMixin from mod fabric-registry-sync-v0->@Inject::init(Lnet/minecraft/registry/RegistryKey;Lcom/mojang/serialization/Lifecycle;ZLorg/spongepowered/asm/mixin/injection/callback/CallbackInfo;)V doesn't use it's CallbackInfo
[13:06:20] [main/DEBUG] (FabricLoader/Mixin) fabric-registry-sync-v0.mixins.json:SimpleRegistryMixin from mod fabric-registry-sync-v0->@Inject::init(Lnet/minecraft/registry/RegistryKey;Lcom/mojang/serialization/Lifecycle;ZLorg/spongepowered/asm/mixin/injection/callback/CallbackInfo;)V has 0 override(s) in child classes
[13:06:20] [main/DEBUG] (FabricLoader/Mixin) fabric-registry-sync-v0.mixins.json:SimpleRegistryMixin from mod fabric-registry-sync-v0->@Inject::init(Lnet/minecraft/registry/RegistryKey;Lcom/mojang/serialization/Lifecycle;ZLorg/spongepowered/asm/mixin/injection/callback/CallbackInfo;)V won't be passed a CallbackInfo as a result
[13:06:20] [main/DEBUG] (FabricLoader/Mixin) fabric-registry-sync-v0.mixins.json:SimpleRegistryMixin from mod fabric-registry-sync-v0->@Inject::set(Lnet/minecraft/registry/RegistryKey;Ljava/lang/Object;Lnet/minecraft/registry/entry/RegistryEntryInfo;Lorg/spongepowered/asm/mixin/injection/callback/CallbackInfoReturnable;)V does use it's CallbackInfoReturnable
[13:06:20] [main/DEBUG] (FabricLoader/Mixin) Mixing RegistryKeysMixin from fabric-registry-sync-v0.mixins.json into net.minecraft.registry.RegistryKeys
[13:06:20] [main/DEBUG] (FabricLoader/Mixin) fabric-registry-sync-v0.mixins.json:RegistryKeysMixin from mod fabric-registry-sync-v0: Class version 65 required is higher than the class version supported by the current version of Mixin (JAVA_17 supports class version 61)
[13:06:20] [main/DEBUG] (FabricLoader/Mixin) Mixing compat.fabricapi.MixinRegistrySyncManager from viafabricplus.mixins.json into net.fabricmc.fabric.impl.registry.sync.RegistrySyncManager
[13:06:20] [main/DEBUG] (FabricLoader/Mixin) viafabricplus.mixins.json:compat.fabricapi.MixinRegistrySyncManager from mod viafabricplus->@Inject::ignoreFabricSyncErrors(Ljava/util/Map;Lorg/spongepowered/asm/mixin/injection/callback/CallbackInfo;)V does use it's CallbackInfo
[13:06:20] [main/DEBUG] (FabricLoader/Mixin) Mixing ArgumentTypesMixin from fabric-gametest-api-v1.mixins.json into net.minecraft.command.argument.ArgumentTypes
[13:06:20] [main/DEBUG] (FabricLoader/Mixin) fabric-gametest-api-v1.mixins.json:ArgumentTypesMixin from mod fabric-gametest-api-v1: Class version 65 required is higher than the class version supported by the current version of Mixin (JAVA_17 supports class version 61)
[13:06:20] [main/DEBUG] (FabricLoader/Mixin) Mixing ArgumentTypesAccessor from fabric-command-api-v2.mixins.json into net.minecraft.command.argument.ArgumentTypes
[13:06:20] [main/DEBUG] (FabricLoader/Mixin) fabric-command-api-v2.mixins.json:ArgumentTypesAccessor from mod fabric-command-api-v2: Class version 65 required is higher than the class version supported by the current version of Mixin (JAVA_17 supports class version 61)
[13:06:20] [main/DEBUG] (FabricLoader/Mixin) Renaming @Accessor method fabric_getClassMap()Ljava/util/Map; to fabric_getClassMap$fabric-command-api-v2_$md$fed865$0 in fabric-command-api-v2.mixins.json:ArgumentTypesAccessor from mod fabric-command-api-v2
[13:06:20] [main/DEBUG] (FabricLoader/Mixin) fabric-gametest-api-v1.mixins.json:ArgumentTypesMixin from mod fabric-gametest-api-v1->@Inject::register(Lnet/minecraft/registry/Registry;Lorg/spongepowered/asm/mixin/injection/callback/CallbackInfoReturnable;)V doesn't use it's CallbackInfoReturnable
[13:06:20] [main/DEBUG] (FabricLoader/Mixin) Mixing ItemGroupsMixin from fabric-item-group-api-v1.mixins.json into net.minecraft.item.ItemGroups
[13:06:20] [main/DEBUG] (FabricLoader/Mixin) fabric-item-group-api-v1.mixins.json:ItemGroupsMixin from mod fabric-item-group-api-v1: Class version 65 required is higher than the class version supported by the current version of Mixin (JAVA_17 supports class version 61)
[13:06:20] [main/DEBUG] (FabricLoader/Mixin) Renaming synthetic method lambda$paginateGroups$0(Lnet/minecraft/registry/entry/RegistryEntry$Reference;Lnet/minecraft/registry/entry/RegistryEntry$Reference;)I to mdfed865$fabric-item-group-api-v1$lambda$paginateGroups$0$0 in fabric-item-group-api-v1.mixins.json:ItemGroupsMixin from mod fabric-item-group-api-v1
[13:06:20] [main/DEBUG] (FabricLoader/Mixin) Mixing fixes.minecraft.item.MixinItemGroups from viafabricplus.mixins.json into net.minecraft.item.ItemGroups
[13:06:20] [main/DEBUG] (FabricLoader/Mixin) fabric-item-group-api-v1.mixins.json:ItemGroupsMixin from mod fabric-item-group-api-v1->@Inject::deferDuplicateCheck(Lorg/spongepowered/asm/mixin/injection/callback/CallbackInfo;)V does use it's CallbackInfo
[13:06:20] [main/DEBUG] (FabricLoader/Mixin) fabric-item-group-api-v1.mixins.json:ItemGroupsMixin from mod fabric-item-group-api-v1->@Inject::paginateGroups(Lorg/spongepowered/asm/mixin/injection/callback/CallbackInfo;)V doesn't use it's CallbackInfo
[13:06:20] [main/DEBUG] (FabricLoader/Mixin) viafabricplus.mixins.json:fixes.minecraft.item.MixinItemGroups from mod viafabricplus->@Inject::trackLastVersion(Lnet/minecraft/resource/featuretoggle/FeatureSet;ZLnet/minecraft/registry/RegistryWrapper$WrapperLookup;Lorg/spongepowered/asm/mixin/injection/callback/CallbackInfoReturnable;)V does use it's CallbackInfoReturnable
[13:06:20] [main/DEBUG] (FabricLoader/Mixin) Mixing ItemGroupAccessor from fabric-item-group-api-v1.mixins.json into net.minecraft.item.ItemGroup
[13:06:20] [main/DEBUG] (FabricLoader/Mixin) fabric-item-group-api-v1.mixins.json:ItemGroupAccessor from mod fabric-item-group-api-v1: Class version 65 required is higher than the class version supported by the current version of Mixin (JAVA_17 supports class version 61)
[13:06:20] [main/DEBUG] (FabricLoader/Mixin) Mixing ItemGroupMixin from fabric-item-group-api-v1.mixins.json into net.minecraft.item.ItemGroup
[13:06:20] [main/DEBUG] (FabricLoader/Mixin) fabric-item-group-api-v1.mixins.json:ItemGroupMixin from mod fabric-item-group-api-v1: Class version 65 required is higher than the class version supported by the current version of Mixin (JAVA_17 supports class version 61)
[13:06:20] [main/DEBUG] (FabricLoader/Mixin) Renaming synthetic method lambda$getStacks$0(Lnet/minecraft/item/ItemGroup;)Ljava/lang/IllegalStateException; to mdfed865$fabric-item-group-api-v1$lambda$getStacks$0$0 in fabric-item-group-api-v1.mixins.json:ItemGroupMixin from mod fabric-item-group-api-v1
[13:06:20] [main/DEBUG] (FabricLoader/Mixin) fabric-item-group-api-v1.mixins.json:ItemGroupMixin from mod fabric-item-group-api-v1->@Inject::getStacks(Lnet/minecraft/item/ItemGroup$DisplayContext;Lorg/spongepowered/asm/mixin/injection/callback/CallbackInfo;)V doesn't use it's CallbackInfo
[13:06:20] [main/DEBUG] (FabricLoader/Mixin) fabric-item-group-api-v1.mixins.json:ItemGroupMixin from mod fabric-item-group-api-v1->@Inject::getStacks(Lnet/minecraft/item/ItemGroup$DisplayContext;Lorg/spongepowered/asm/mixin/injection/callback/CallbackInfo;)V has 0 override(s) in child classes
[13:06:20] [main/DEBUG] (FabricLoader/Mixin) fabric-item-group-api-v1.mixins.json:ItemGroupMixin from mod fabric-item-group-api-v1->@Inject::getStacks(Lnet/minecraft/item/ItemGroup$DisplayContext;Lorg/spongepowered/asm/mixin/injection/callback/CallbackInfo;)V won't be passed a CallbackInfo as a result
[13:06:20] [main/DEBUG] (FabricLoader/Mixin) Mixing FireBlockMixin from fabric-content-registries-v0.mixins.json into net.minecraft.block.FireBlock
[13:06:20] [main/DEBUG] (FabricLoader/Mixin) fabric-content-registries-v0.mixins.json:FireBlockMixin from mod fabric-content-registries-v0: Class version 65 required is higher than the class version supported by the current version of Mixin (JAVA_17 supports class version 61)
[13:06:20] [main/DEBUG] (FabricLoader/Mixin) Mixing fixes.minecraft.block.MixinFireBlock from viafabricplus.mixins.json into net.minecraft.block.FireBlock
[13:06:20] [main/DEBUG] (FabricLoader/Mixin) fabric-content-registries-v0.mixins.json:FireBlockMixin from mod fabric-content-registries-v0->@Inject::afterConstruct(Lnet/minecraft/block/AbstractBlock$Settings;Lorg/spongepowered/asm/mixin/injection/callback/CallbackInfo;)V doesn't use it's CallbackInfo
[13:06:20] [main/DEBUG] (FabricLoader/Mixin) fabric-content-registries-v0.mixins.json:FireBlockMixin from mod fabric-content-registries-v0->@Inject::afterConstruct(Lnet/minecraft/block/AbstractBlock$Settings;Lorg/spongepowered/asm/mixin/injection/callback/CallbackInfo;)V has 0 override(s) in child classes
[13:06:20] [main/DEBUG] (FabricLoader/Mixin) fabric-content-registries-v0.mixins.json:FireBlockMixin from mod fabric-content-registries-v0->@Inject::afterConstruct(Lnet/minecraft/block/AbstractBlock$Settings;Lorg/spongepowered/asm/mixin/injection/callback/CallbackInfo;)V won't be passed a CallbackInfo as a result
[13:06:20] [main/DEBUG] (FabricLoader/Mixin) fabric-content-registries-v0.mixins.json:FireBlockMixin from mod fabric-content-registries-v0->@Inject::getFabricBurnChance(Lnet/minecraft/block/BlockState;Lorg/spongepowered/asm/mixin/injection/callback/CallbackInfoReturnable;)V does use it's CallbackInfoReturnable
[13:06:20] [main/DEBUG] (FabricLoader/Mixin) fabric-content-registries-v0.mixins.json:FireBlockMixin from mod fabric-content-registries-v0->@Inject::getFabricSpreadChance(Lnet/minecraft/block/BlockState;Lorg/spongepowered/asm/mixin/injection/callback/CallbackInfoReturnable;)V does use it's CallbackInfoReturnable
[13:06:20] [main/DEBUG] (FabricLoader/Mixin) viafabricplus.mixins.json:fixes.minecraft.block.MixinFireBlock from mod viafabricplus->@Inject::changeOutlineShape(Lnet/minecraft/block/BlockState;Lnet/minecraft/world/BlockView;Lnet/minecraft/util/math/BlockPos;Lnet/minecraft/block/ShapeContext;Lorg/spongepowered/asm/mixin/injection/callback/CallbackInfoReturnable;)V does use it's CallbackInfoReturnable
[13:06:20] [main/DEBUG] (FabricLoader/Mixin) Mixing BlockMixin from fabric-block-api-v1.mixins.json into net.minecraft.block.Block
[13:06:20] [main/DEBUG] (FabricLoader/Mixin) fabric-block-api-v1.mixins.json:BlockMixin from mod fabric-block-api-v1: Class version 65 required is higher than the class version supported by the current version of Mixin (JAVA_17 supports class version 61)
[13:06:20] [main/DEBUG] (FabricLoader/Mixin) Mixing AbstractBlockAccessor from fabric-object-builder-v1.mixins.json into net.minecraft.block.AbstractBlock
[13:06:20] [main/DEBUG] (FabricLoader/Mixin) fabric-object-builder-v1.mixins.json:AbstractBlockAccessor from mod fabric-object-builder-api-v1: Class version 65 required is higher than the class version supported by the current version of Mixin (JAVA_17 supports class version 61)
[13:06:20] [main/DEBUG] (FabricLoader/Mixin) Mixing fixes.minecraft.block.MixinAbstractBlock from viafabricplus.mixins.json into net.minecraft.block.AbstractBlock
[13:06:20] [main/DEBUG] (FabricLoader/Mixin) viafabricplus.mixins.json:fixes.minecraft.block.MixinAbstractBlock from mod viafabricplus->@Inject::changeMiningSpeedCalculation(Lnet/minecraft/block/BlockState;Lnet/minecraft/entity/player/PlayerEntity;Lnet/minecraft/world/BlockView;Lnet/minecraft/util/math/BlockPos;Lorg/spongepowered/asm/mixin/injection/callback/CallbackInfoReturnable;)V does use it's CallbackInfoReturnable
[13:06:20] [main/DEBUG] (FabricLoader/Mixin) Mixing BlockViewMixin from fabric-block-view-api-v2.mixins.json into net.minecraft.world.BlockView
[13:06:20] [main/DEBUG] (FabricLoader/Mixin) fabric-block-view-api-v2.mixins.json:BlockViewMixin from mod fabric-block-view-api-v2: Class version 65 required is higher than the class version supported by the current version of Mixin (JAVA_17 supports class version 61)
[13:06:20] [main/DEBUG] (FabricLoader/Mixin) Mixing EntityMixin from fabric-entity-events-v1.mixins.json into net.minecraft.entity.Entity
[13:06:20] [main/DEBUG] (FabricLoader/Mixin) fabric-entity-events-v1.mixins.json:EntityMixin from mod fabric-entity-events-v1: Class version 65 required is higher than the class version supported by the current version of Mixin (JAVA_17 supports class version 61)
[13:06:20] [main/DEBUG] (FabricLoader/Mixin) Mixing AttachmentTargetsMixin from fabric-data-attachment-api-v1.mixins.json into net.minecraft.entity.Entity
[13:06:20] [main/DEBUG] (FabricLoader/Mixin) fabric-data-attachment-api-v1.mixins.json:AttachmentTargetsMixin from mod fabric-data-attachment-api-v1: Class version 65 required is higher than the class version supported by the current version of Mixin (JAVA_17 supports class version 61)
[13:06:20] [main/DEBUG] (FabricLoader/Mixin) Mixing EntityMixin from fabric-data-attachment-api-v1.mixins.json into net.minecraft.entity.Entity
[13:06:20] [main/DEBUG] (FabricLoader/Mixin) fabric-data-attachment-api-v1.mixins.json:EntityMixin from mod fabric-data-attachment-api-v1: Class version 65 required is higher than the class version supported by the current version of Mixin (JAVA_17 supports class version 61)
[13:06:20] [main/DEBUG] (FabricLoader/Mixin) Mixing fixes.minecraft.entity.MixinEntity from viafabricplus.mixins.json into net.minecraft.entity.Entity
[13:06:20] [main/DEBUG] (FabricLoader/Mixin) fabric-entity-events-v1.mixins.json:EntityMixin from mod fabric-entity-events-v1->@Inject::afterWorldChanged(Lnet/minecraft/world/TeleportTarget;Lorg/spongepowered/asm/mixin/injection/callback/CallbackInfoReturnable;)V does use it's CallbackInfoReturnable
[13:06:20] [main/DEBUG] (FabricLoader/Mixin) fabric-entity-events-v1.mixins.json:EntityMixin from mod fabric-entity-events-v1->@Inject::afterWorldChanged(Lnet/minecraft/world/TeleportTarget;Lorg/spongepowered/asm/mixin/injection/callback/CallbackInfoReturnable;)V does use it's CallbackInfoReturnable
[13:06:20] [main/DEBUG] (FabricLoader/Mixin) fabric-entity-events-v1.mixins.json:EntityMixin from mod fabric-entity-events-v1->@Inject::afterEntityTeleportedToWorld(Lnet/minecraft/server/world/ServerWorld;DDDLjava/util/Set;FFLorg/spongepowered/asm/mixin/injection/callback/CallbackInfoReturnable;FLnet/minecraft/entity/Entity;)V doesn't use it's CallbackInfoReturnable
[13:06:20] [main/DEBUG] (FabricLoader/Mixin) fabric-entity-events-v1.mixins.json:EntityMixin from mod fabric-entity-events-v1->@Inject::afterEntityTeleportedToWorld(Lnet/minecraft/server/world/ServerWorld;DDDLjava/util/Set;FFLorg/spongepowered/asm/mixin/injection/callback/CallbackInfoReturnable;FLnet/minecraft/entity/Entity;)V has 0 override(s) in child classes
[13:06:20] [main/DEBUG] (FabricLoader/Mixin) fabric-entity-events-v1.mixins.json:EntityMixin from mod fabric-entity-events-v1->@Inject::afterEntityTeleportedToWorld(Lnet/minecraft/server/world/ServerWorld;DDDLjava/util/Set;FFLorg/spongepowered/asm/mixin/injection/callback/CallbackInfoReturnable;FLnet/minecraft/entity/Entity;)V won't be passed a CallbackInfoReturnable as a result
[13:06:20] [main/DEBUG] (FabricLoader/Mixin) fabric-data-attachment-api-v1.mixins.json:EntityMixin from mod fabric-data-attachment-api-v1->@Inject::readEntityAttachments(Lnet/minecraft/nbt/NbtCompound;Lorg/spongepowered/asm/mixin/injection/callback/CallbackInfo;)V doesn't use it's CallbackInfo
[13:06:20] [main/DEBUG] (FabricLoader/Mixin) fabric-data-attachment-api-v1.mixins.json:EntityMixin from mod fabric-data-attachment-api-v1->@Inject::readEntityAttachments(Lnet/minecraft/nbt/NbtCompound;Lorg/spongepowered/asm/mixin/injection/callback/CallbackInfo;)V has 0 override(s) in child classes
[13:06:20] [main/DEBUG] (FabricLoader/Mixin) fabric-data-attachment-api-v1.mixins.json:EntityMixin from mod fabric-data-attachment-api-v1->@Inject::readEntityAttachments(Lnet/minecraft/nbt/NbtCompound;Lorg/spongepowered/asm/mixin/injection/callback/CallbackInfo;)V won't be passed a CallbackInfo as a result
[13:06:20] [main/DEBUG] (FabricLoader/Mixin) fabric-data-attachment-api-v1.mixins.json:EntityMixin from mod fabric-data-attachment-api-v1->@Inject::writeEntityAttachments(Lnet/minecraft/nbt/NbtCompound;Lorg/spongepowered/asm/mixin/injection/callback/CallbackInfoReturnable;)V doesn't use it's CallbackInfoReturnable
[13:06:20] [main/DEBUG] (FabricLoader/Mixin) fabric-data-attachment-api-v1.mixins.json:EntityMixin from mod fabric-data-attachment-api-v1->@Inject::writeEntityAttachments(Lnet/minecraft/nbt/NbtCompound;Lorg/spongepowered/asm/mixin/injection/callback/CallbackInfoReturnable;)V has 0 override(s) in child classes
[13:06:20] [main/DEBUG] (FabricLoader/Mixin) fabric-data-attachment-api-v1.mixins.json:EntityMixin from mod fabric-data-attachment-api-v1->@Inject::writeEntityAttachments(Lnet/minecraft/nbt/NbtCompound;Lorg/spongepowered/asm/mixin/injection/callback/CallbackInfoReturnable;)V won't be passed a CallbackInfoReturnable as a result
[13:06:20] [main/DEBUG] (FabricLoader/Mixin) viafabricplus.mixins.json:fixes.minecraft.entity.MixinEntity from mod viafabricplus->@Inject::use1_20_6StepCollisionCalculation(Lnet/minecraft/util/math/Vec3d;Lorg/spongepowered/asm/mixin/injection/callback/CallbackInfoReturnable;)V does use it's CallbackInfoReturnable
[13:06:20] [main/DEBUG] (FabricLoader/Mixin) viafabricplus.mixins.json:fixes.minecraft.entity.MixinEntity from mod viafabricplus->@Inject::modifyPosWithYOffset(FLorg/spongepowered/asm/mixin/injection/callback/CallbackInfoReturnable;)V does use it's CallbackInfoReturnable
[13:06:20] [main/DEBUG] (FabricLoader/Mixin) viafabricplus.mixins.json:fixes.minecraft.entity.MixinEntity from mod viafabricplus->@Inject::modifyVelocityAffectingPos(Lorg/spongepowered/asm/mixin/injection/callback/CallbackInfoReturnable;)V does use it's CallbackInfoReturnable
[13:06:20] [main/DEBUG] (FabricLoader/Mixin) viafabricplus.mixins.json:fixes.minecraft.entity.MixinEntity from mod viafabricplus->@Inject::revertCalculation(FFLorg/spongepowered/asm/mixin/injection/callback/CallbackInfoReturnable;)V does use it's CallbackInfoReturnable
[13:06:20] [main/DEBUG] (FabricLoader/Mixin) viafabricplus.mixins.json:fixes.minecraft.entity.MixinEntity from mod viafabricplus->@Inject::cancelSwimming(ZLorg/spongepowered/asm/mixin/injection/callback/CallbackInfo;)V does use it's CallbackInfo
[13:06:20] [main/DEBUG] (FabricLoader/Mixin) viafabricplus.mixins.json:fixes.minecraft.entity.MixinEntity from mod viafabricplus->@Inject::modifyFluidMovementBoundingBox(Lnet/minecraft/registry/tag/TagKey;DLorg/spongepowered/asm/mixin/injection/callback/CallbackInfoReturnable;)V does use it's CallbackInfoReturnable
[13:06:20] [main/DEBUG] (FabricLoader/Mixin) viafabricplus.mixins.json:fixes.minecraft.entity.MixinEntity from mod viafabricplus->@Inject::expandHitBox(Lorg/spongepowered/asm/mixin/injection/callback/CallbackInfoReturnable;)V does use it's CallbackInfoReturnable
[13:06:20] [main/DEBUG] (FabricLoader/Mixin) Mixing PlayerEntityMixin from fabric-entity-events-v1.mixins.json into net.minecraft.entity.player.PlayerEntity
[13:06:20] [main/DEBUG] (FabricLoader/Mixin) fabric-entity-events-v1.mixins.json:PlayerEntityMixin from mod fabric-entity-events-v1: Class version 65 required is higher than the class version supported by the current version of Mixin (JAVA_17 supports class version 61)
[13:06:20] [main/DEBUG] (FabricLoader/Mixin) Mixing fixes.minecraft.entity.MixinPlayerEntity from viafabricplus.mixins.json into net.minecraft.entity.player.PlayerEntity
[13:06:20] [main/DEBUG] (FabricLoader/Mixin) fabric-entity-events-v1.mixins.json:PlayerEntityMixin from mod fabric-entity-events-v1->@Inject::onTrySleep(Lnet/minecraft/util/math/BlockPos;Lorg/spongepowered/asm/mixin/injection/callback/CallbackInfoReturnable;)V does use it's CallbackInfoReturnable
[13:06:20] [main/DEBUG] (FabricLoader/Mixin) fabric-entity-events-v1.mixins.json:PlayerEntityMixin from mod fabric-entity-events-v1->@Inject::onIsSleepingLongEnough(Lorg/spongepowered/asm/mixin/injection/callback/CallbackInfoReturnable;)V does use it's CallbackInfoReturnable
[13:06:20] [main/DEBUG] (FabricLoader/Mixin) viafabricplus.mixins.json:fixes.minecraft.entity.MixinPlayerEntity from mod viafabricplus->@Inject::storeSprintingState(Lorg/spongepowered/asm/mixin/injection/callback/CallbackInfo;)V doesn't use it's CallbackInfo
[13:06:20] [main/DEBUG] (FabricLoader/Mixin) viafabricplus.mixins.json:fixes.minecraft.entity.MixinPlayerEntity from mod viafabricplus->@Inject::storeSprintingState(Lorg/spongepowered/asm/mixin/injection/callback/CallbackInfo;)V has 0 override(s) in child classes
[13:06:20] [main/DEBUG] (FabricLoader/Mixin) viafabricplus.mixins.json:fixes.minecraft.entity.MixinPlayerEntity from mod viafabricplus->@Inject::storeSprintingState(Lorg/spongepowered/asm/mixin/injection/callback/CallbackInfo;)V won't be passed a CallbackInfo as a result
[13:06:20] [main/DEBUG] (FabricLoader/Mixin) viafabricplus.mixins.json:fixes.minecraft.entity.MixinPlayerEntity from mod viafabricplus->@Inject::preventEatingFoodInCreative(ZLorg/spongepowered/asm/mixin/injection/callback/CallbackInfoReturnable;)V does use it's CallbackInfoReturnable
[13:06:20] [main/DEBUG] (FabricLoader/Mixin) viafabricplus.mixins.json:fixes.minecraft.entity.MixinPlayerEntity from mod viafabricplus->@Inject::replaceFallFlyingCondition(Lorg/spongepowered/asm/mixin/injection/callback/CallbackInfoReturnable;)V does use it's CallbackInfoReturnable
[13:06:20] [main/DEBUG] (FabricLoader/Mixin) viafabricplus.mixins.json:fixes.minecraft.entity.MixinPlayerEntity from mod viafabricplus->@Inject::onUpdatePose(Lorg/spongepowered/asm/mixin/injection/callback/CallbackInfo;)V does use it's CallbackInfo
[13:06:20] [main/DEBUG] (FabricLoader/Mixin) viafabricplus.mixins.json:fixes.minecraft.entity.MixinPlayerEntity from mod viafabricplus->@Inject::modifyDimensions(Lnet/minecraft/entity/EntityPose;Lorg/spongepowered/asm/mixin/injection/callback/CallbackInfoReturnable;)V does use it's CallbackInfoReturnable
[13:06:20] [main/DEBUG] (FabricLoader/Mixin) viafabricplus.mixins.json:fixes.minecraft.entity.MixinPlayerEntity from mod viafabricplus->@Inject::removeAttackCooldown(Lorg/spongepowered/asm/mixin/injection/callback/CallbackInfoReturnable;)V does use it's CallbackInfoReturnable
[13:06:20] [main/DEBUG] (FabricLoader/Mixin) viafabricplus.mixins.json:fixes.minecraft.entity.MixinPlayerEntity from mod viafabricplus->@Inject::changeSpeedCalculation(Lnet/minecraft/block/BlockState;Lorg/spongepowered/asm/mixin/injection/callback/CallbackInfoReturnable;)V doesn't use it's CallbackInfoReturnable
[13:06:20] [main/DEBUG] (FabricLoader/Mixin) viafabricplus.mixins.json:fixes.minecraft.entity.MixinPlayerEntity from mod viafabricplus->@Inject::changeSpeedCalculation(Lnet/minecraft/block/BlockState;Lorg/spongepowered/asm/mixin/injection/callback/CallbackInfoReturnable;)V has 0 override(s) in child classes
[13:06:20] [main/DEBUG] (FabricLoader/Mixin) viafabricplus.mixins.json:fixes.minecraft.entity.MixinPlayerEntity from mod viafabricplus->@Inject::changeSpeedCalculation(Lnet/minecraft/block/BlockState;Lorg/spongepowered/asm/mixin/injection/callback/CallbackInfoReturnable;)V won't be passed a CallbackInfoReturnable as a result
[13:06:20] [main/DEBUG] (FabricLoader/Mixin) viafabricplus.mixins.json:fixes.minecraft.entity.MixinPlayerEntity from mod viafabricplus->@Inject::replaceSound(Lnet/minecraft/entity/damage/DamageSource;Lorg/spongepowered/asm/mixin/injection/callback/CallbackInfoReturnable;)V does use it's CallbackInfoReturnable
[13:06:20] [main/DEBUG] (FabricLoader/Mixin) Mixing LivingEntityMixin from fabric-lifecycle-events-v1.mixins.json into net.minecraft.entity.LivingEntity
[13:06:20] [main/DEBUG] (FabricLoader/Mixin) fabric-lifecycle-events-v1.mixins.json:LivingEntityMixin from mod fabric-lifecycle-events-v1: Class version 65 required is higher than the class version supported by the current version of Mixin (JAVA_17 supports class version 61)
[13:06:20] [main/DEBUG] (FabricLoader/Mixin) Mixing LivingEntityMixin from fabric-entity-events-v1.mixins.json into net.minecraft.entity.LivingEntity
[13:06:20] [main/DEBUG] (FabricLoader/Mixin) fabric-entity-events-v1.mixins.json:LivingEntityMixin from mod fabric-entity-events-v1: Class version 65 required is higher than the class version supported by the current version of Mixin (JAVA_17 supports class version 61)
[13:06:20] [main/DEBUG] (FabricLoader/Mixin) Mixing LivingEntityMixin from fabric-item-api-v1.mixins.json into net.minecraft.entity.LivingEntity
[13:06:20] [main/DEBUG] (FabricLoader/Mixin) fabric-item-api-v1.mixins.json:LivingEntityMixin from mod fabric-item-api-v1: Class version 65 required is higher than the class version supported by the current version of Mixin (JAVA_17 supports class version 61)
[13:06:20] [main/DEBUG] (FabricLoader/Mixin) Mixing fixes.minecraft.entity.MixinLivingEntity from viafabricplus.mixins.json into net.minecraft.entity.LivingEntity
[13:06:20] [main/DEBUG] (FabricLoader/Mixin) fabric-lifecycle-events-v1.mixins.json:LivingEntityMixin from mod fabric-lifecycle-events-v1->@Inject::getEquipmentChanges(Lorg/spongepowered/asm/mixin/injection/callback/CallbackInfoReturnable;Ljava/util/Map;[Lnet/minecraft/entity/EquipmentSlot;IILnet/minecraft/entity/EquipmentSlot;Lnet/minecraft/item/ItemStack;Lnet/minecraft/item/ItemStack;)V doesn't use it's CallbackInfoReturnable
[13:06:20] [main/DEBUG] (FabricLoader/Mixin) fabric-lifecycle-events-v1.mixins.json:LivingEntityMixin from mod fabric-lifecycle-events-v1->@Inject::getEquipmentChanges(Lorg/spongepowered/asm/mixin/injection/callback/CallbackInfoReturnable;Ljava/util/Map;[Lnet/minecraft/entity/EquipmentSlot;IILnet/minecraft/entity/EquipmentSlot;Lnet/minecraft/item/ItemStack;Lnet/minecraft/item/ItemStack;)V has 0 override(s) in child classes
[13:06:20] [main/DEBUG] (FabricLoader/Mixin) fabric-lifecycle-events-v1.mixins.json:LivingEntityMixin from mod fabric-lifecycle-events-v1->@Inject::getEquipmentChanges(Lorg/spongepowered/asm/mixin/injection/callback/CallbackInfoReturnable;Ljava/util/Map;[Lnet/minecraft/entity/EquipmentSlot;IILnet/minecraft/entity/EquipmentSlot;Lnet/minecraft/item/ItemStack;Lnet/minecraft/item/ItemStack;)V won't be passed a CallbackInfoReturnable as a result
[13:06:20] [main/DEBUG] (FabricLoader/Mixin) fabric-entity-events-v1.mixins.json:LivingEntityMixin from mod fabric-entity-events-v1->@Inject::notifyDeath(Lnet/minecraft/entity/damage/DamageSource;Lorg/spongepowered/asm/mixin/injection/callback/CallbackInfo;)V doesn't use it's CallbackInfo
[13:06:20] [main/DEBUG] (FabricLoader/Mixin) fabric-entity-events-v1.mixins.json:LivingEntityMixin from mod fabric-entity-events-v1->@Inject::notifyDeath(Lnet/minecraft/entity/damage/DamageSource;Lorg/spongepowered/asm/mixin/injection/callback/CallbackInfo;)V has 0 override(s) in child classes
[13:06:20] [main/DEBUG] (FabricLoader/Mixin) fabric-entity-events-v1.mixins.json:LivingEntityMixin from mod fabric-entity-events-v1->@Inject::notifyDeath(Lnet/minecraft/entity/damage/DamageSource;Lorg/spongepowered/asm/mixin/injection/callback/CallbackInfo;)V won't be passed a CallbackInfo as a result
[13:06:20] [main/DEBUG] (FabricLoader/Mixin) fabric-entity-events-v1.mixins.json:LivingEntityMixin from mod fabric-entity-events-v1->@Inject::beforeDamage(Lnet/minecraft/entity/damage/DamageSource;FLorg/spongepowered/asm/mixin/injection/callback/CallbackInfoReturnable;)V does use it's CallbackInfoReturnable
[13:06:20] [main/DEBUG] (FabricLoader/Mixin) fabric-entity-events-v1.mixins.json:LivingEntityMixin from mod fabric-entity-events-v1->@Inject::onSleep(Lnet/minecraft/util/math/BlockPos;Lorg/spongepowered/asm/mixin/injection/callback/CallbackInfo;)V doesn't use it's CallbackInfo
[13:06:20] [main/DEBUG] (FabricLoader/Mixin) fabric-entity-events-v1.mixins.json:LivingEntityMixin from mod fabric-entity-events-v1->@Inject::onSleep(Lnet/minecraft/util/math/BlockPos;Lorg/spongepowered/asm/mixin/injection/callback/CallbackInfo;)V has 0 override(s) in child classes
[13:06:20] [main/DEBUG] (FabricLoader/Mixin) fabric-entity-events-v1.mixins.json:LivingEntityMixin from mod fabric-entity-events-v1->@Inject::onSleep(Lnet/minecraft/util/math/BlockPos;Lorg/spongepowered/asm/mixin/injection/callback/CallbackInfo;)V won't be passed a CallbackInfo as a result
[13:06:20] [main/DEBUG] (FabricLoader/Mixin) fabric-entity-events-v1.mixins.json:LivingEntityMixin from mod fabric-entity-events-v1->@Inject::onWakeUp(Lorg/spongepowered/asm/mixin/injection/callback/CallbackInfo;)V doesn't use it's CallbackInfo
[13:06:20] [main/DEBUG] (FabricLoader/Mixin) fabric-entity-events-v1.mixins.json:LivingEntityMixin from mod fabric-entity-events-v1->@Inject::onWakeUp(Lorg/spongepowered/asm/mixin/injection/callback/CallbackInfo;)V has 0 override(s) in child classes
[13:06:20] [main/DEBUG] (FabricLoader/Mixin) fabric-entity-events-v1.mixins.json:LivingEntityMixin from mod fabric-entity-events-v1->@Inject::onWakeUp(Lorg/spongepowered/asm/mixin/injection/callback/CallbackInfo;)V won't be passed a CallbackInfo as a result
[13:06:20] [main/DEBUG] (FabricLoader/Mixin) fabric-entity-events-v1.mixins.json:LivingEntityMixin from mod fabric-entity-events-v1->@Inject::onIsSleepingInBed(Lnet/minecraft/util/math/BlockPos;Lorg/spongepowered/asm/mixin/injection/callback/CallbackInfoReturnable;)V does use it's CallbackInfoReturnable
[13:06:20] [main/DEBUG] (FabricLoader/Mixin) fabric-item-api-v1.mixins.json:LivingEntityMixin from mod fabric-item-api-v1->@Inject::onGetPreferredEquipmentSlot(Lnet/minecraft/item/ItemStack;Lorg/spongepowered/asm/mixin/injection/callback/CallbackInfoReturnable;)V does use it's CallbackInfoReturnable
[13:06:20] [main/DEBUG] (FabricLoader/Mixin) viafabricplus.mixins.json:fixes.minecraft.entity.MixinLivingEntity from mod viafabricplus->@Inject::setGenericMovementEfficiencyAttribute(Lorg/spongepowered/asm/mixin/injection/callback/CallbackInfoReturnable;)V doesn't use it's CallbackInfoReturnable
[13:06:20] [main/DEBUG] (FabricLoader/Mixin) viafabricplus.mixins.json:fixes.minecraft.entity.MixinLivingEntity from mod viafabricplus->@Inject::setGenericMovementEfficiencyAttribute(Lorg/spongepowered/asm/mixin/injection/callback/CallbackInfoReturnable;)V has 0 override(s) in child classes
[13:06:20] [main/DEBUG] (FabricLoader/Mixin) viafabricplus.mixins.json:fixes.minecraft.entity.MixinLivingEntity from mod viafabricplus->@Inject::setGenericMovementEfficiencyAttribute(Lorg/spongepowered/asm/mixin/injection/callback/CallbackInfoReturnable;)V won't be passed a CallbackInfoReturnable as a result
[13:06:20] [main/DEBUG] (FabricLoader/Mixin) viafabricplus.mixins.json:fixes.minecraft.entity.MixinLivingEntity from mod viafabricplus->@Inject::preventEntityPush(Lorg/spongepowered/asm/mixin/injection/callback/CallbackInfo;)V does use it's CallbackInfo
[13:06:20] [main/DEBUG] (FabricLoader/Mixin) viafabricplus.mixins.json:fixes.minecraft.entity.MixinLivingEntity from mod viafabricplus->@Inject::modifySwimSprintFallSpeed(DZLnet/minecraft/util/math/Vec3d;Lorg/spongepowered/asm/mixin/injection/callback/CallbackInfoReturnable;)V does use it's CallbackInfoReturnable
[13:06:20] [main/DEBUG] (FabricLoader/Mixin) viafabricplus.mixins.json:fixes.minecraft.entity.MixinLivingEntity from mod viafabricplus->@Inject::removeShieldSlotPreference(Lnet/minecraft/item/ItemStack;Lorg/spongepowered/asm/mixin/injection/callback/CallbackInfoReturnable;)V does use it's CallbackInfoReturnable
[13:06:20] [main/DEBUG] (FabricLoader/Mixin) viafabricplus.mixins.json:fixes.minecraft.entity.MixinLivingEntity from mod viafabricplus->@Inject::disableCrawling(Lorg/spongepowered/asm/mixin/injection/callback/CallbackInfoReturnable;)V does use it's CallbackInfoReturnable
[13:06:20] [main/DEBUG] (FabricLoader/Mixin) viafabricplus.mixins.json:fixes.minecraft.entity.MixinLivingEntity from mod viafabricplus->@Inject::removeJumpDelay(Lorg/spongepowered/asm/mixin/injection/callback/CallbackInfo;)V doesn't use it's CallbackInfo
[13:06:20] [main/DEBUG] (FabricLoader/Mixin) viafabricplus.mixins.json:fixes.minecraft.entity.MixinLivingEntity from mod viafabricplus->@Inject::removeJumpDelay(Lorg/spongepowered/asm/mixin/injection/callback/CallbackInfo;)V has 0 override(s) in child classes
[13:06:20] [main/DEBUG] (FabricLoader/Mixin) viafabricplus.mixins.json:fixes.minecraft.entity.MixinLivingEntity from mod viafabricplus->@Inject::removeJumpDelay(Lorg/spongepowered/asm/mixin/injection/callback/CallbackInfo;)V won't be passed a CallbackInfo as a result
[13:06:20] [main/DEBUG] (FabricLoader/Mixin) viafabricplus.mixins.json:fixes.minecraft.entity.MixinLivingEntity from mod viafabricplus->@Inject::allowGappedLadderClimb(Lorg/spongepowered/asm/mixin/injection/callback/CallbackInfoReturnable;)V does use it's CallbackInfoReturnable
[13:06:20] [main/DEBUG] (FabricLoader/Mixin) viafabricplus.mixins.json:fixes.minecraft.entity.MixinLivingEntity from mod viafabricplus->@Inject::allowGappedLadderClimb(Lorg/spongepowered/asm/mixin/injection/callback/CallbackInfoReturnable;)V does use it's CallbackInfoReturnable
[13:06:20] [main/DEBUG] (FabricLoader/Mixin) viafabricplus.mixins.json:fixes.minecraft.entity.MixinLivingEntity from mod viafabricplus->@Inject::allowGappedLadderClimb(Lorg/spongepowered/asm/mixin/injection/callback/CallbackInfoReturnable;)V does use it's CallbackInfoReturnable
[13:06:20] [main/DEBUG] (FabricLoader/Mixin) viafabricplus.mixins.json:fixes.minecraft.entity.MixinLivingEntity from mod viafabricplus->@Inject::allowGappedLadderClimb(Lorg/spongepowered/asm/mixin/injection/callback/CallbackInfoReturnable;)V does use it's CallbackInfoReturnable
[13:06:20] [main/DEBUG] (FabricLoader/Mixin) Mixing fixes.minecraft.entity.MixinItemEntity from viafabricplus.mixins.json into net.minecraft.entity.ItemEntity
[13:06:20] [main/DEBUG] (FabricLoader/Mixin) viafabricplus.mixins.json:fixes.minecraft.entity.MixinItemEntity from mod viafabricplus->@Inject::dontApplyWaterBuoyancy(Lorg/spongepowered/asm/mixin/injection/callback/CallbackInfo;)V does use it's CallbackInfo
[13:06:20] [main/DEBUG] (FabricLoader/Mixin) Mixing WorldMixin from fabric-lifecycle-events-v1.mixins.json into net.minecraft.world.World
[13:06:20] [main/DEBUG] (FabricLoader/Mixin) fabric-lifecycle-events-v1.mixins.json:WorldMixin from mod fabric-lifecycle-events-v1: Class version 65 required is higher than the class version supported by the current version of Mixin (JAVA_17 supports class version 61)
[13:06:20] [main/DEBUG] (FabricLoader/Mixin) Mixing AttachmentTargetsMixin from fabric-data-attachment-api-v1.mixins.json into net.minecraft.world.World
[13:06:20] [main/DEBUG] (FabricLoader/Mixin) fabric-data-attachment-api-v1.mixins.json:AttachmentTargetsMixin from mod fabric-data-attachment-api-v1: Class version 65 required is higher than the class version supported by the current version of Mixin (JAVA_17 supports class version 61)
[13:06:20] [main/DEBUG] (FabricLoader/Mixin) Mixing WorldViewMixin from fabric-rendering-data-attachment-v1.mixins.json into net.minecraft.world.WorldView
[13:06:20] [main/DEBUG] (FabricLoader/Mixin) fabric-rendering-data-attachment-v1.mixins.json:WorldViewMixin from mod fabric-rendering-data-attachment-v1: Class version 65 required is higher than the class version supported by the current version of Mixin (JAVA_17 supports class version 61)
[13:06:20] [main/DEBUG] (FabricLoader/Mixin) Mixing ServerWorldMixin from fabric-lifecycle-events-v1.mixins.json into net.minecraft.server.world.ServerWorld
[13:06:20] [main/DEBUG] (FabricLoader/Mixin) fabric-lifecycle-events-v1.mixins.json:ServerWorldMixin from mod fabric-lifecycle-events-v1: Class version 65 required is higher than the class version supported by the current version of Mixin (JAVA_17 supports class version 61)
[13:06:20] [main/DEBUG] (FabricLoader/Mixin) Mixing ServerWorldMixin from fabric-api-lookup-api-v1.mixins.json into net.minecraft.server.world.ServerWorld
[13:06:20] [main/DEBUG] (FabricLoader/Mixin) fabric-api-lookup-api-v1.mixins.json:ServerWorldMixin from mod fabric-api-lookup-api-v1: Class version 65 required is higher than the class version supported by the current version of Mixin (JAVA_17 supports class version 61)
[13:06:20] [main/DEBUG] (FabricLoader/Mixin) Renaming synthetic method lambda$fabric_invalidateCache$5(Ljava/util/Map$Entry;)Z to mdfed865$fabric-api-lookup-api-v1$lambda$fabric_invalidateCache$5$0 in fabric-api-lookup-api-v1.mixins.json:ServerWorldMixin from mod fabric-api-lookup-api-v1
[13:06:20] [main/DEBUG] (FabricLoader/Mixin) Renaming synthetic method lambda$fabric_invalidateCache$4(Ljava/lang/ref/WeakReference;)Z to mdfed865$fabric-api-lookup-api-v1$lambda$fabric_invalidateCache$4$1 in fabric-api-lookup-api-v1.mixins.json:ServerWorldMixin from mod fabric-api-lookup-api-v1
[13:06:20] [main/DEBUG] (FabricLoader/Mixin) Renaming synthetic method lambda$fabric_invalidateCache$3(Ljava/lang/ref/WeakReference;)V to mdfed865$fabric-api-lookup-api-v1$lambda$fabric_invalidateCache$3$2 in fabric-api-lookup-api-v1.mixins.json:ServerWorldMixin from mod fabric-api-lookup-api-v1
[13:06:20] [main/DEBUG] (FabricLoader/Mixin) Renaming synthetic method lambda$fabric_invalidateCache$2(Ljava/lang/ref/WeakReference;)Z to mdfed865$fabric-api-lookup-api-v1$lambda$fabric_invalidateCache$2$3 in fabric-api-lookup-api-v1.mixins.json:ServerWorldMixin from mod fabric-api-lookup-api-v1
[13:06:20] [main/DEBUG] (FabricLoader/Mixin) Renaming synthetic method lambda$fabric_registerCache$1(Ljava/lang/ref/WeakReference;)Z to mdfed865$fabric-api-lookup-api-v1$lambda$fabric_registerCache$1$4 in fabric-api-lookup-api-v1.mixins.json:ServerWorldMixin from mod fabric-api-lookup-api-v1
[13:06:20] [main/DEBUG] (FabricLoader/Mixin) Renaming synthetic method lambda$fabric_registerCache$0(Lnet/minecraft/util/math/BlockPos;)Ljava/util/List; to mdfed865$fabric-api-lookup-api-v1$lambda$fabric_registerCache$0$5 in fabric-api-lookup-api-v1.mixins.json:ServerWorldMixin from mod fabric-api-lookup-api-v1
[13:06:20] [main/DEBUG] (FabricLoader/Mixin) Mixing ServerWorldMixin from fabric-data-attachment-api-v1.mixins.json into net.minecraft.server.world.ServerWorld
[13:06:20] [main/DEBUG] (FabricLoader/Mixin) fabric-data-attachment-api-v1.mixins.json:ServerWorldMixin from mod fabric-data-attachment-api-v1: Class version 65 required is higher than the class version supported by the current version of Mixin (JAVA_17 supports class version 61)
[13:06:20] [main/DEBUG] (FabricLoader/Mixin) Renaming synthetic method lambda$createAttachmentsPersistentState$1(Lnet/minecraft/server/world/ServerWorld;Lnet/minecraft/nbt/NbtCompound;Lnet/minecraft/registry/RegistryWrapper$WrapperLookup;)Lnet/fabricmc/fabric/impl/attachment/AttachmentPersistentState; to mdfed865$fabric-data-attachment-api-v1$lambda$createAttachmentsPersistentState$1$6 in fabric-data-attachment-api-v1.mixins.json:ServerWorldMixin from mod fabric-data-attachment-api-v1
[13:06:20] [main/DEBUG] (FabricLoader/Mixin) Renaming synthetic method lambda$createAttachmentsPersistentState$0(Lnet/minecraft/server/world/ServerWorld;)Lnet/fabricmc/fabric/impl/attachment/AttachmentPersistentState; to mdfed865$fabric-data-attachment-api-v1$lambda$createAttachmentsPersistentState$0$7 in fabric-data-attachment-api-v1.mixins.json:ServerWorldMixin from mod fabric-data-attachment-api-v1
[13:06:20] [main/DEBUG] (FabricLoader/Mixin) fabric-lifecycle-events-v1.mixins.json:ServerWorldMixin from mod fabric-lifecycle-events-v1->@Inject::startWorldTick(Ljava/util/function/BooleanSupplier;Lorg/spongepowered/asm/mixin/injection/callback/CallbackInfo;)V doesn't use it's CallbackInfo
[13:06:20] [main/DEBUG] (FabricLoader/Mixin) fabric-lifecycle-events-v1.mixins.json:ServerWorldMixin from mod fabric-lifecycle-events-v1->@Inject::startWorldTick(Ljava/util/function/BooleanSupplier;Lorg/spongepowered/asm/mixin/injection/callback/CallbackInfo;)V has 0 override(s) in child classes
[13:06:20] [main/DEBUG] (FabricLoader/Mixin) fabric-lifecycle-events-v1.mixins.json:ServerWorldMixin from mod fabric-lifecycle-events-v1->@Inject::startWorldTick(Ljava/util/function/BooleanSupplier;Lorg/spongepowered/asm/mixin/injection/callback/CallbackInfo;)V won't be passed a CallbackInfo as a result
[13:06:20] [main/DEBUG] (FabricLoader/Mixin) fabric-lifecycle-events-v1.mixins.json:ServerWorldMixin from mod fabric-lifecycle-events-v1->@Inject::endWorldTick(Ljava/util/function/BooleanSupplier;Lorg/spongepowered/asm/mixin/injection/callback/CallbackInfo;)V doesn't use it's CallbackInfo
[13:06:20] [main/DEBUG] (FabricLoader/Mixin) fabric-lifecycle-events-v1.mixins.json:ServerWorldMixin from mod fabric-lifecycle-events-v1->@Inject::endWorldTick(Ljava/util/function/BooleanSupplier;Lorg/spongepowered/asm/mixin/injection/callback/CallbackInfo;)V has 0 override(s) in child classes
[13:06:20] [main/DEBUG] (FabricLoader/Mixin) fabric-lifecycle-events-v1.mixins.json:ServerWorldMixin from mod fabric-lifecycle-events-v1->@Inject::endWorldTick(Ljava/util/function/BooleanSupplier;Lorg/spongepowered/asm/mixin/injection/callback/CallbackInfo;)V won't be passed a CallbackInfo as a result
[13:06:20] [main/DEBUG] (FabricLoader/Mixin) fabric-data-attachment-api-v1.mixins.json:ServerWorldMixin from mod fabric-data-attachment-api-v1->@Inject::createAttachmentsPersistentState(Lorg/spongepowered/asm/mixin/injection/callback/CallbackInfo;)V doesn't use it's CallbackInfo
[13:06:20] [main/DEBUG] (FabricLoader/Mixin) fabric-data-attachment-api-v1.mixins.json:ServerWorldMixin from mod fabric-data-attachment-api-v1->@Inject::createAttachmentsPersistentState(Lorg/spongepowered/asm/mixin/injection/callback/CallbackInfo;)V has 0 override(s) in child classes
[13:06:20] [main/DEBUG] (FabricLoader/Mixin) fabric-data-attachment-api-v1.mixins.json:ServerWorldMixin from mod fabric-data-attachment-api-v1->@Inject::createAttachmentsPersistentState(Lorg/spongepowered/asm/mixin/injection/callback/CallbackInfo;)V won't be passed a CallbackInfo as a result
[13:06:20] [main/DEBUG] (FabricLoader/Mixin) Mixing AbstractBlockSettingsAccessor from fabric-object-builder-v1.mixins.json into net.minecraft.block.AbstractBlock$Settings
[13:06:20] [main/DEBUG] (FabricLoader/Mixin) fabric-object-builder-v1.mixins.json:AbstractBlockSettingsAccessor from mod fabric-object-builder-api-v1: Class version 65 required is higher than the class version supported by the current version of Mixin (JAVA_17 supports class version 61)
[13:06:20] [main/DEBUG] (FabricLoader/Mixin) Mixing IdListMixin from fabric-registry-sync-v0.mixins.json into net.minecraft.util.collection.IdList
[13:06:20] [main/DEBUG] (FabricLoader/Mixin) fabric-registry-sync-v0.mixins.json:IdListMixin from mod fabric-registry-sync-v0: Class version 65 required is higher than the class version supported by the current version of Mixin (JAVA_17 supports class version 61)
[13:06:20] [main/DEBUG] (FabricLoader/Mixin) Renaming synthetic method lambda$fabric_remapIds$0(Lit/unimi/dsi/fastutil/ints/Int2IntMap;Ljava/lang/Object;Ljava/lang/Integer;)Ljava/lang/Integer; to mdfed865$fabric-registry-sync-v0$lambda$fabric_remapIds$0$0 in fabric-registry-sync-v0.mixins.json:IdListMixin from mod fabric-registry-sync-v0
[13:06:20] [main/DEBUG] (FabricLoader/Mixin) Mixing fixes.minecraft.block.MixinLeavesBlock from viafabricplus.mixins.json into net.minecraft.block.LeavesBlock
[13:06:20] [main/DEBUG] (FabricLoader/Mixin) viafabricplus.mixins.json:fixes.minecraft.block.MixinLeavesBlock from mod viafabricplus->@Inject::changeSidesShape(Lnet/minecraft/block/BlockState;Lnet/minecraft/world/BlockView;Lnet/minecraft/util/math/BlockPos;Lorg/spongepowered/asm/mixin/injection/callback/CallbackInfoReturnable;)V does use it's CallbackInfoReturnable
[13:06:20] [main/DEBUG] (FabricLoader/Mixin) Mixing fixes.minecraft.block.MixinNoteBlock from viafabricplus.mixins.json into net.minecraft.block.NoteBlock
[13:06:20] [main/DEBUG] (FabricLoader/Mixin) viafabricplus.mixins.json:fixes.minecraft.block.MixinNoteBlock from mod viafabricplus->@Inject::cancelMobHeadUsage(Lorg/spongepowered/asm/mixin/injection/callback/CallbackInfoReturnable;)V does use it's CallbackInfoReturnable
[13:06:20] [main/DEBUG] (FabricLoader/Mixin) Mixing fixes.minecraft.block.MixinAbstractRailBlock from viafabricplus.mixins.json into net.minecraft.block.AbstractRailBlock
[13:06:20] [main/DEBUG] (FabricLoader/Mixin) Mixing DetectorRailBlockMixin from fabric-object-builder-v1.mixins.json into net.minecraft.block.DetectorRailBlock
[13:06:20] [main/DEBUG] (FabricLoader/Mixin) fabric-object-builder-v1.mixins.json:DetectorRailBlockMixin from mod fabric-object-builder-api-v1: Class version 65 required is higher than the class version supported by the current version of Mixin (JAVA_17 supports class version 61)
[13:06:20] [main/DEBUG] (FabricLoader/Mixin) Renaming synthetic method lambda$getCustomComparatorOutput$0(Lnet/minecraft/entity/Entity;)Z to mdfed865$fabric-object-builder-api-v1$lambda$getCustomComparatorOutput$0$0 in fabric-object-builder-v1.mixins.json:DetectorRailBlockMixin from mod fabric-object-builder-api-v1
[13:06:20] [main/DEBUG] (FabricLoader/Mixin) fabric-object-builder-v1.mixins.json:DetectorRailBlockMixin from mod fabric-object-builder-api-v1->@Inject::getCustomComparatorOutput(Lnet/minecraft/block/BlockState;Lnet/minecraft/world/World;Lnet/minecraft/util/math/BlockPos;Lorg/spongepowered/asm/mixin/injection/callback/CallbackInfoReturnable;)V does use it's CallbackInfoReturnable
[13:06:20] [main/DEBUG] (FabricLoader/Mixin) Mixing fixes.minecraft.block.MixinPistonHeadBlock from viafabricplus.mixins.json into net.minecraft.block.PistonHeadBlock
[13:06:20] [main/DEBUG] (FabricLoader/Mixin) viafabricplus.mixins.json:fixes.minecraft.block.MixinPistonHeadBlock from mod viafabricplus->@Inject::changeOutlineShape(Lnet/minecraft/block/BlockState;Lnet/minecraft/world/BlockView;Lnet/minecraft/util/math/BlockPos;Lnet/minecraft/block/ShapeContext;Lorg/spongepowered/asm/mixin/injection/callback/CallbackInfoReturnable;)V does use it's CallbackInfoReturnable
[13:06:20] [main/DEBUG] (FabricLoader/Mixin) Mixing fixes.minecraft.block.MixinChestBlock from viafabricplus.mixins.json into net.minecraft.block.ChestBlock
[13:06:20] [main/DEBUG] (FabricLoader/Mixin) viafabricplus.mixins.json:fixes.minecraft.block.MixinChestBlock from mod viafabricplus->@Inject::changeOutlineShape(Lnet/minecraft/block/BlockState;Lnet/minecraft/world/BlockView;Lnet/minecraft/util/math/BlockPos;Lnet/minecraft/block/ShapeContext;Lorg/spongepowered/asm/mixin/injection/callback/CallbackInfoReturnable;)V does use it's CallbackInfoReturnable
[13:06:20] [main/DEBUG] (FabricLoader/Mixin) Mixing fixes.minecraft.block.MixinCropBlock from viafabricplus.mixins.json into net.minecraft.block.CropBlock
[13:06:20] [main/DEBUG] (FabricLoader/Mixin) viafabricplus.mixins.json:fixes.minecraft.block.MixinCropBlock from mod viafabricplus->@Inject::changeOutlineShape(Lorg/spongepowered/asm/mixin/injection/callback/CallbackInfoReturnable;)V does use it's CallbackInfoReturnable
[13:06:20] [main/DEBUG] (FabricLoader/Mixin) Mixing fixes.minecraft.block.MixinFarmlandBlock from viafabricplus.mixins.json into net.minecraft.block.FarmlandBlock
[13:06:20] [main/DEBUG] (FabricLoader/Mixin) viafabricplus.mixins.json:fixes.minecraft.block.MixinFarmlandBlock from mod viafabricplus->@Inject::changeOutlineShape(Lnet/minecraft/block/BlockState;Lnet/minecraft/world/BlockView;Lnet/minecraft/util/math/BlockPos;Lnet/minecraft/block/ShapeContext;Lorg/spongepowered/asm/mixin/injection/callback/CallbackInfoReturnable;)V does use it's CallbackInfoReturnable
[13:06:20] [main/DEBUG] (FabricLoader/Mixin) Mixing fixes.minecraft.block.MixinAbstractSignBlock from viafabricplus.mixins.json into net.minecraft.block.AbstractSignBlock
[13:06:20] [main/DEBUG] (FabricLoader/Mixin) viafabricplus.mixins.json:fixes.minecraft.block.MixinAbstractSignBlock from mod viafabricplus->@Inject::changeInteractionCalculation(Lnet/minecraft/item/ItemStack;Lnet/minecraft/block/BlockState;Lnet/minecraft/world/World;Lnet/minecraft/util/math/BlockPos;Lnet/minecraft/entity/player/PlayerEntity;Lnet/minecraft/util/Hand;Lnet/minecraft/util/hit/BlockHitResult;Lorg/spongepowered/asm/mixin/injection/callback/CallbackInfoReturnable;)V does use it's CallbackInfoReturnable
[13:06:20] [main/DEBUG] (FabricLoader/Mixin) Mixing fixes.minecraft.block.MixinLadderBlock from viafabricplus.mixins.json into net.minecraft.block.LadderBlock
[13:06:21] [main/DEBUG] (FabricLoader/Mixin) viafabricplus.mixins.json:fixes.minecraft.block.MixinLadderBlock from mod viafabricplus->@Inject::changeOutlineShape(Lnet/minecraft/block/BlockState;Lnet/minecraft/world/BlockView;Lnet/minecraft/util/math/BlockPos;Lnet/minecraft/block/ShapeContext;Lorg/spongepowered/asm/mixin/injection/callback/CallbackInfoReturnable;)V does use it's CallbackInfoReturnable
[13:06:21] [main/DEBUG] (FabricLoader/Mixin) Mixing fixes.minecraft.block.MixinSnowBlock from viafabricplus.mixins.json into net.minecraft.block.SnowBlock
[13:06:21] [main/DEBUG] (FabricLoader/Mixin) viafabricplus.mixins.json:fixes.minecraft.block.MixinSnowBlock from mod viafabricplus->@Inject::changeCollisionShape(Lnet/minecraft/block/BlockState;Lnet/minecraft/world/BlockView;Lnet/minecraft/util/math/BlockPos;Lnet/minecraft/block/ShapeContext;Lorg/spongepowered/asm/mixin/injection/callback/CallbackInfoReturnable;)V does use it's CallbackInfoReturnable
[13:06:21] [main/DEBUG] (FabricLoader/Mixin) Mixing fixes.minecraft.block.MixinFenceBlock from viafabricplus.mixins.json into net.minecraft.block.FenceBlock
[13:06:21] [main/DEBUG] (FabricLoader/Mixin) viafabricplus.mixins.json:fixes.minecraft.block.MixinFenceBlock from mod viafabricplus->@Inject::alwaysSuccess(Lorg/spongepowered/asm/mixin/injection/callback/CallbackInfoReturnable;)V does use it's CallbackInfoReturnable
[13:06:21] [main/DEBUG] (FabricLoader/Mixin) viafabricplus.mixins.json:fixes.minecraft.block.MixinFenceBlock from mod viafabricplus->@Inject::init1_4_7Shapes(Lnet/minecraft/block/AbstractBlock$Settings;Lorg/spongepowered/asm/mixin/injection/callback/CallbackInfo;)V doesn't use it's CallbackInfo
[13:06:21] [main/DEBUG] (FabricLoader/Mixin) viafabricplus.mixins.json:fixes.minecraft.block.MixinFenceBlock from mod viafabricplus->@Inject::init1_4_7Shapes(Lnet/minecraft/block/AbstractBlock$Settings;Lorg/spongepowered/asm/mixin/injection/callback/CallbackInfo;)V has 0 override(s) in child classes
[13:06:21] [main/DEBUG] (FabricLoader/Mixin) viafabricplus.mixins.json:fixes.minecraft.block.MixinFenceBlock from mod viafabricplus->@Inject::init1_4_7Shapes(Lnet/minecraft/block/AbstractBlock$Settings;Lorg/spongepowered/asm/mixin/injection/callback/CallbackInfo;)V won't be passed a CallbackInfo as a result
[13:06:21] [main/DEBUG] (FabricLoader/Mixin) Mixing fixes.minecraft.block.MixinSoulSandBlock from viafabricplus.mixins.json into net.minecraft.block.SoulSandBlock
[13:06:21] [main/DEBUG] (FabricLoader/Mixin) viafabricplus.mixins.json:fixes.minecraft.block.MixinSoulSandBlock from mod viafabricplus->@Inject::changeSidesShape(Lnet/minecraft/block/BlockState;Lnet/minecraft/world/BlockView;Lnet/minecraft/util/math/BlockPos;Lorg/spongepowered/asm/mixin/injection/callback/CallbackInfoReturnable;)V does use it's CallbackInfoReturnable
[13:06:21] [main/DEBUG] (FabricLoader/Mixin) Mixing fixes.minecraft.item.MixinEquipment from viafabricplus.mixins.json into net.minecraft.item.Equipment
[13:06:21] [main/DEBUG] (FabricLoader/Mixin) viafabricplus.mixins.json:fixes.minecraft.item.MixinEquipment from mod viafabricplus->@Inject::cancelArmorSwap(Lnet/minecraft/item/Item;Lnet/minecraft/world/World;Lnet/minecraft/entity/player/PlayerEntity;Lnet/minecraft/util/Hand;Lorg/spongepowered/asm/mixin/injection/callback/CallbackInfoReturnable;)V does use it's CallbackInfoReturnable
[13:06:21] [main/DEBUG] (FabricLoader/Mixin) Mixing fixes.minecraft.block.MixinPaneBlock from viafabricplus.mixins.json into net.minecraft.block.PaneBlock
[13:06:21] [main/DEBUG] (FabricLoader/Mixin) viafabricplus.mixins.json:fixes.minecraft.block.MixinPaneBlock from mod viafabricplus->@Inject::initShapes1_8(Lnet/minecraft/block/AbstractBlock$Settings;Lorg/spongepowered/asm/mixin/injection/callback/CallbackInfo;)V doesn't use it's CallbackInfo
[13:06:21] [main/DEBUG] (FabricLoader/Mixin) viafabricplus.mixins.json:fixes.minecraft.block.MixinPaneBlock from mod viafabricplus->@Inject::initShapes1_8(Lnet/minecraft/block/AbstractBlock$Settings;Lorg/spongepowered/asm/mixin/injection/callback/CallbackInfo;)V has 0 override(s) in child classes
[13:06:21] [main/DEBUG] (FabricLoader/Mixin) viafabricplus.mixins.json:fixes.minecraft.block.MixinPaneBlock from mod viafabricplus->@Inject::initShapes1_8(Lnet/minecraft/block/AbstractBlock$Settings;Lorg/spongepowered/asm/mixin/injection/callback/CallbackInfo;)V won't be passed a CallbackInfo as a result
[13:06:21] [main/DEBUG] (FabricLoader/Mixin) Mixing fixes.minecraft.block.MixinFenceGateBlock from viafabricplus.mixins.json into net.minecraft.block.FenceGateBlock
[13:06:21] [main/DEBUG] (FabricLoader/Mixin) viafabricplus.mixins.json:fixes.minecraft.block.MixinFenceGateBlock from mod viafabricplus->@Inject::changeOutlineShape(Lnet/minecraft/block/BlockState;Lnet/minecraft/world/BlockView;Lnet/minecraft/util/math/BlockPos;Lnet/minecraft/block/ShapeContext;Lorg/spongepowered/asm/mixin/injection/callback/CallbackInfoReturnable;)V does use it's CallbackInfoReturnable
[13:06:21] [main/DEBUG] (FabricLoader/Mixin) viafabricplus.mixins.json:fixes.minecraft.block.MixinFenceGateBlock from mod viafabricplus->@Inject::changeCollisionShape(Lnet/minecraft/block/BlockState;Lnet/minecraft/world/BlockView;Lnet/minecraft/util/math/BlockPos;Lnet/minecraft/block/ShapeContext;Lorg/spongepowered/asm/mixin/injection/callback/CallbackInfoReturnable;)V does use it's CallbackInfoReturnable
[13:06:21] [main/DEBUG] (FabricLoader/Mixin) Mixing fixes.minecraft.block.MixinLilyPadBlock from viafabricplus.mixins.json into net.minecraft.block.LilyPadBlock
[13:06:21] [main/DEBUG] (FabricLoader/Mixin) viafabricplus.mixins.json:fixes.minecraft.block.MixinLilyPadBlock from mod viafabricplus->@Inject::changeOutlineShape(Lnet/minecraft/block/BlockState;Lnet/minecraft/world/BlockView;Lnet/minecraft/util/math/BlockPos;Lnet/minecraft/block/ShapeContext;Lorg/spongepowered/asm/mixin/injection/callback/CallbackInfoReturnable;)V does use it's CallbackInfoReturnable
[13:06:21] [main/DEBUG] (FabricLoader/Mixin) Mixing fixes.minecraft.block.MixinBrewingStandBlock from viafabricplus.mixins.json into net.minecraft.block.BrewingStandBlock
[13:06:21] [main/DEBUG] (FabricLoader/Mixin) viafabricplus.mixins.json:fixes.minecraft.block.MixinBrewingStandBlock from mod viafabricplus->@Inject::changeOutlineShape(Lnet/minecraft/block/BlockState;Lnet/minecraft/world/BlockView;Lnet/minecraft/util/math/BlockPos;Lnet/minecraft/block/ShapeContext;Lorg/spongepowered/asm/mixin/injection/callback/CallbackInfoReturnable;)V does use it's CallbackInfoReturnable
[13:06:21] [main/DEBUG] (FabricLoader/Mixin) Mixing fixes.minecraft.block.MixinCauldronBlock from viafabricplus.mixins.json into net.minecraft.block.CauldronBlock
[13:06:21] [main/DEBUG] (FabricLoader/Mixin) Mixing fixes.minecraft.block.MixinEndPortalBlock from viafabricplus.mixins.json into net.minecraft.block.EndPortalBlock
[13:06:21] [main/DEBUG] (FabricLoader/Mixin) viafabricplus.mixins.json:fixes.minecraft.block.MixinEndPortalBlock from mod viafabricplus->@Inject::changeOutlineShape(Lnet/minecraft/block/BlockState;Lnet/minecraft/world/BlockView;Lnet/minecraft/util/math/BlockPos;Lnet/minecraft/block/ShapeContext;Lorg/spongepowered/asm/mixin/injection/callback/CallbackInfoReturnable;)V does use it's CallbackInfoReturnable
[13:06:21] [main/DEBUG] (FabricLoader/Mixin) Mixing fixes.minecraft.block.MixinEndPortalFrameBlock from viafabricplus.mixins.json into net.minecraft.block.EndPortalFrameBlock
[13:06:21] [main/DEBUG] (FabricLoader/Mixin) viafabricplus.mixins.json:fixes.minecraft.block.MixinEndPortalFrameBlock from mod viafabricplus->@Inject::changeOutlineShape(Lnet/minecraft/block/BlockState;Lnet/minecraft/world/BlockView;Lnet/minecraft/util/math/BlockPos;Lnet/minecraft/block/ShapeContext;Lorg/spongepowered/asm/mixin/injection/callback/CallbackInfoReturnable;)V does use it's CallbackInfoReturnable
[13:06:21] [main/DEBUG] (FabricLoader/Mixin) Mixing fixes.minecraft.block.MixinEnderChestBlock from viafabricplus.mixins.json into net.minecraft.block.EnderChestBlock
[13:06:21] [main/DEBUG] (FabricLoader/Mixin) viafabricplus.mixins.json:fixes.minecraft.block.MixinEnderChestBlock from mod viafabricplus->@Inject::changeOutlineShape(Lnet/minecraft/block/BlockState;Lnet/minecraft/world/BlockView;Lnet/minecraft/util/math/BlockPos;Lnet/minecraft/block/ShapeContext;Lorg/spongepowered/asm/mixin/injection/callback/CallbackInfoReturnable;)V does use it's CallbackInfoReturnable
[13:06:21] [main/DEBUG] (FabricLoader/Mixin) Mixing fixes.minecraft.block.MixinWallBlock from viafabricplus.mixins.json into net.minecraft.block.WallBlock
[13:06:21] [main/DEBUG] (FabricLoader/Mixin) Renaming synthetic method lambda$viaFabricPlus$getShapeIndex$0(Lnet/minecraft/block/BlockState;)I to mdfed865$viafabricplus$lambda$viaFabricPlus$getShapeIndex$0$0 in viafabricplus.mixins.json:fixes.minecraft.block.MixinWallBlock from mod viafabricplus
[13:06:21] [main/DEBUG] (FabricLoader/Mixin) viafabricplus.mixins.json:fixes.minecraft.block.MixinWallBlock from mod viafabricplus->@Inject::initShapes1_12_2(Lnet/minecraft/block/AbstractBlock$Settings;Lorg/spongepowered/asm/mixin/injection/callback/CallbackInfo;)V doesn't use it's CallbackInfo
[13:06:21] [main/DEBUG] (FabricLoader/Mixin) viafabricplus.mixins.json:fixes.minecraft.block.MixinWallBlock from mod viafabricplus->@Inject::initShapes1_12_2(Lnet/minecraft/block/AbstractBlock$Settings;Lorg/spongepowered/asm/mixin/injection/callback/CallbackInfo;)V has 0 override(s) in child classes
[13:06:21] [main/DEBUG] (FabricLoader/Mixin) viafabricplus.mixins.json:fixes.minecraft.block.MixinWallBlock from mod viafabricplus->@Inject::initShapes1_12_2(Lnet/minecraft/block/AbstractBlock$Settings;Lorg/spongepowered/asm/mixin/injection/callback/CallbackInfo;)V won't be passed a CallbackInfo as a result
[13:06:21] [main/DEBUG] (FabricLoader/Mixin) viafabricplus.mixins.json:fixes.minecraft.block.MixinWallBlock from mod viafabricplus->@Inject::modifyPlacementState(Lorg/spongepowered/asm/mixin/injection/callback/CallbackInfoReturnable;)V does use it's CallbackInfoReturnable
[13:06:21] [main/DEBUG] (FabricLoader/Mixin) viafabricplus.mixins.json:fixes.minecraft.block.MixinWallBlock from mod viafabricplus->@Inject::modifyBlockState(Lorg/spongepowered/asm/mixin/injection/callback/CallbackInfoReturnable;)V does use it's CallbackInfoReturnable
[13:06:21] [main/DEBUG] (FabricLoader/Mixin) viafabricplus.mixins.json:fixes.minecraft.block.MixinWallBlock from mod viafabricplus->@Inject::modifyBlockState(Lorg/spongepowered/asm/mixin/injection/callback/CallbackInfoReturnable;)V does use it's CallbackInfoReturnable
[13:06:21] [main/DEBUG] (FabricLoader/Mixin) viafabricplus.mixins.json:fixes.minecraft.block.MixinWallBlock from mod viafabricplus->@Inject::modifyBlockState(Lorg/spongepowered/asm/mixin/injection/callback/CallbackInfoReturnable;)V does use it's CallbackInfoReturnable
[13:06:21] [main/DEBUG] (FabricLoader/Mixin) viafabricplus.mixins.json:fixes.minecraft.block.MixinWallBlock from mod viafabricplus->@Inject::changeCollisionShape(Lnet/minecraft/block/BlockState;Lnet/minecraft/world/BlockView;Lnet/minecraft/util/math/BlockPos;Lnet/minecraft/block/ShapeContext;Lorg/spongepowered/asm/mixin/injection/callback/CallbackInfoReturnable;)V does use it's CallbackInfoReturnable
[13:06:21] [main/DEBUG] (FabricLoader/Mixin) viafabricplus.mixins.json:fixes.minecraft.block.MixinWallBlock from mod viafabricplus->@Inject::changeOutlineShape(Lnet/minecraft/block/BlockState;Lnet/minecraft/world/BlockView;Lnet/minecraft/util/math/BlockPos;Lnet/minecraft/block/ShapeContext;Lorg/spongepowered/asm/mixin/injection/callback/CallbackInfoReturnable;)V does use it's CallbackInfoReturnable
[13:06:21] [main/DEBUG] (FabricLoader/Mixin) Mixing fixes.minecraft.block.MixinAnvilBlock from viafabricplus.mixins.json into net.minecraft.block.AnvilBlock
[13:06:21] [main/DEBUG] (FabricLoader/Mixin) viafabricplus.mixins.json:fixes.minecraft.block.MixinAnvilBlock from mod viafabricplus->@Inject::changeOutlineShape(Lnet/minecraft/block/BlockState;Lnet/minecraft/world/BlockView;Lnet/minecraft/util/math/BlockPos;Lnet/minecraft/block/ShapeContext;Lorg/spongepowered/asm/mixin/injection/callback/CallbackInfoReturnable;)V does use it's CallbackInfoReturnable
[13:06:21] [main/DEBUG] (FabricLoader/Mixin) Mixing fixes.minecraft.block.MixinHopperBlock from viafabricplus.mixins.json into net.minecraft.block.HopperBlock
[13:06:21] [main/DEBUG] (FabricLoader/Mixin) viafabricplus.mixins.json:fixes.minecraft.block.MixinHopperBlock from mod viafabricplus->@Inject::changeOutlineShape(Lnet/minecraft/block/BlockState;Lnet/minecraft/world/BlockView;Lnet/minecraft/util/math/BlockPos;Lnet/minecraft/block/ShapeContext;Lorg/spongepowered/asm/mixin/injection/callback/CallbackInfoReturnable;)V does use it's CallbackInfoReturnable
[13:06:21] [main/DEBUG] (FabricLoader/Mixin) viafabricplus.mixins.json:fixes.minecraft.block.MixinHopperBlock from mod viafabricplus->@Inject::changeRaycastShape(Lnet/minecraft/block/BlockState;Lnet/minecraft/world/BlockView;Lnet/minecraft/util/math/BlockPos;Lorg/spongepowered/asm/mixin/injection/callback/CallbackInfoReturnable;)V does use it's CallbackInfoReturnable
[13:06:21] [main/DEBUG] (FabricLoader/Mixin) Mixing DropperBlockMixin from fabric-transfer-api-v1.mixins.json into net.minecraft.block.DropperBlock
[13:06:21] [main/DEBUG] (FabricLoader/Mixin) fabric-transfer-api-v1.mixins.json:DropperBlockMixin from mod fabric-transfer-api-v1: Class version 65 required is higher than the class version supported by the current version of Mixin (JAVA_17 supports class version 61)
[13:06:21] [main/DEBUG] (FabricLoader/Mixin) Renaming synthetic method lambda$hookDispense$0(Lnet/fabricmc/fabric/api/transfer/v1/item/ItemVariant;)Z to mdfed865$fabric-transfer-api-v1$lambda$hookDispense$0$0 in fabric-transfer-api-v1.mixins.json:DropperBlockMixin from mod fabric-transfer-api-v1
[13:06:21] [main/DEBUG] (FabricLoader/Mixin) fabric-transfer-api-v1.mixins.json:DropperBlockMixin from mod fabric-transfer-api-v1->@Inject::hookDispense(Lnet/minecraft/server/world/ServerWorld;Lnet/minecraft/block/BlockState;Lnet/minecraft/util/math/BlockPos;Lorg/spongepowered/asm/mixin/injection/callback/CallbackInfo;)V does use it's CallbackInfo
[13:06:21] [main/DEBUG] (FabricLoader/Mixin) Mixing fixes.minecraft.block.MixinCarpetBlock from viafabricplus.mixins.json into net.minecraft.block.CarpetBlock
[13:06:21] [main/DEBUG] (FabricLoader/Mixin) Mixing OxidizableMixin from fabric-content-registries-v0.mixins.json into net.minecraft.block.Oxidizable
[13:06:21] [main/DEBUG] (FabricLoader/Mixin) fabric-content-registries-v0.mixins.json:OxidizableMixin from mod fabric-content-registries-v0: Class version 65 required is higher than the class version supported by the current version of Mixin (JAVA_17 supports class version 61)
[13:06:21] [main/DEBUG] (FabricLoader/Mixin) fabric-content-registries-v0.mixins.json:OxidizableMixin from mod fabric-content-registries-v0->@Inject::createOxidationLevelIncreasesMap(Lorg/spongepowered/asm/mixin/injection/callback/CallbackInfoReturnable;)V does use it's CallbackInfoReturnable
[13:06:21] [main/DEBUG] (FabricLoader/Mixin) Mixing fixes.minecraft.block.MixinFlowerbedBlock from viafabricplus.mixins.json into net.minecraft.block.FlowerbedBlock
[13:06:21] [main/DEBUG] (FabricLoader/Mixin) viafabricplus.mixins.json:fixes.minecraft.block.MixinFlowerbedBlock from mod viafabricplus->@Inject::changeOutlineShape(Lnet/minecraft/block/BlockState;Lnet/minecraft/world/BlockView;Lnet/minecraft/util/math/BlockPos;Lnet/minecraft/block/ShapeContext;Lorg/spongepowered/asm/mixin/injection/callback/CallbackInfoReturnable;)V does use it's CallbackInfoReturnable
[13:06:21] [main/DEBUG] (FabricLoader/Mixin) Mixing fixes.minecraft.block.MixinDecoratedPotBlock from viafabricplus.mixins.json into net.minecraft.block.DecoratedPotBlock
[13:06:21] [main/DEBUG] (FabricLoader/Mixin) viafabricplus.mixins.json:fixes.minecraft.block.MixinDecoratedPotBlock from mod viafabricplus->@Inject::alwaysPass(Lnet/minecraft/item/ItemStack;Lnet/minecraft/block/BlockState;Lnet/minecraft/world/World;Lnet/minecraft/util/math/BlockPos;Lnet/minecraft/entity/player/PlayerEntity;Lnet/minecraft/util/Hand;Lnet/minecraft/util/hit/BlockHitResult;Lorg/spongepowered/asm/mixin/injection/callback/CallbackInfoReturnable;)V does use it's CallbackInfoReturnable
[13:06:21] [main/DEBUG] (FabricLoader/Mixin) Mixing fixes.minecraft.block.MixinFlowerPotBlock from viafabricplus.mixins.json into net.minecraft.block.FlowerPotBlock
[13:06:21] [main/DEBUG] (FabricLoader/Mixin) viafabricplus.mixins.json:fixes.minecraft.block.MixinFlowerPotBlock from mod viafabricplus->@Inject::alwaysConsume(Lorg/spongepowered/asm/mixin/injection/callback/CallbackInfoReturnable;)V does use it's CallbackInfoReturnable
[13:06:21] [main/DEBUG] (FabricLoader/Mixin) Mixing fixes.minecraft.block.MixinBedBlock from viafabricplus.mixins.json into net.minecraft.block.BedBlock
[13:06:21] [main/DEBUG] (FabricLoader/Mixin) viafabricplus.mixins.json:fixes.minecraft.block.MixinBedBlock from mod viafabricplus->@Inject::changeOutlineShape(Lnet/minecraft/block/BlockState;Lnet/minecraft/world/BlockView;Lnet/minecraft/util/math/BlockPos;Lnet/minecraft/block/ShapeContext;Lorg/spongepowered/asm/mixin/injection/callback/CallbackInfoReturnable;)V does use it's CallbackInfoReturnable
[13:06:21] [main/DEBUG] (FabricLoader/Mixin) viafabricplus.mixins.json:fixes.minecraft.block.MixinBedBlock from mod viafabricplus->@Inject::cancelEntityBounce(Lnet/minecraft/entity/Entity;Lorg/spongepowered/asm/mixin/injection/callback/CallbackInfo;)V does use it's CallbackInfo
[13:06:21] [main/DEBUG] (FabricLoader/Mixin) Mixing fixes.minecraft.block.MixinPistonBlock from viafabricplus.mixins.json into net.minecraft.block.PistonBlock
[13:06:21] [main/DEBUG] (FabricLoader/Mixin) viafabricplus.mixins.json:fixes.minecraft.block.MixinPistonBlock from mod viafabricplus->@Inject::changeOutlineShape(Lnet/minecraft/block/BlockState;Lnet/minecraft/world/BlockView;Lnet/minecraft/util/math/BlockPos;Lnet/minecraft/block/ShapeContext;Lorg/spongepowered/asm/mixin/injection/callback/CallbackInfoReturnable;)V does use it's CallbackInfoReturnable
[13:06:21] [main/DEBUG] (FabricLoader/Mixin) Mixing BlockStateMixin from fabric-block-api-v1.mixins.json into net.minecraft.block.BlockState
[13:06:21] [main/DEBUG] (FabricLoader/Mixin) fabric-block-api-v1.mixins.json:BlockStateMixin from mod fabric-block-api-v1: Class version 65 required is higher than the class version supported by the current version of Mixin (JAVA_17 supports class version 61)
[13:06:21] [main/DEBUG] (FabricLoader/Mixin) Mixing fixes.minecraft.block.MixinAbstractBlock_AbstractBlockState from viafabricplus.mixins.json into net.minecraft.block.AbstractBlock$AbstractBlockState
[13:06:21] [main/DEBUG] (FabricLoader/Mixin) viafabricplus.mixins.json:fixes.minecraft.block.MixinAbstractBlock_AbstractBlockState from mod viafabricplus->@Inject::changeHardness(Lnet/minecraft/world/BlockView;Lnet/minecraft/util/math/BlockPos;Lorg/spongepowered/asm/mixin/injection/callback/CallbackInfoReturnable;)V does use it's CallbackInfoReturnable
[13:06:21] [main/DEBUG] (FabricLoader/Mixin) Mixing EntityTypeMixin from fabric-object-builder-v1.mixins.json into net.minecraft.entity.EntityType
[13:06:21] [main/DEBUG] (FabricLoader/Mixin) fabric-object-builder-v1.mixins.json:EntityTypeMixin from mod fabric-object-builder-api-v1: Class version 65 required is higher than the class version supported by the current version of Mixin (JAVA_17 supports class version 61)
[13:06:21] [main/DEBUG] (FabricLoader/Mixin) fabric-object-builder-v1.mixins.json:EntityTypeMixin from mod fabric-object-builder-api-v1->@Inject::alwaysUpdateVelocity(Lorg/spongepowered/asm/mixin/injection/callback/CallbackInfoReturnable;)V does use it's CallbackInfoReturnable
[13:06:21] [main/DEBUG] (FabricLoader/Mixin) Mixing FluidMixin from fabric-transfer-api-v1.mixins.json into net.minecraft.fluid.Fluid
[13:06:21] [main/DEBUG] (FabricLoader/Mixin) fabric-transfer-api-v1.mixins.json:FluidMixin from mod fabric-transfer-api-v1: Class version 65 required is higher than the class version supported by the current version of Mixin (JAVA_17 supports class version 61)
[13:06:21] [main/DEBUG] (FabricLoader/Mixin) fabric-transfer-api-v1.mixins.json:FluidMixin from mod fabric-transfer-api-v1->@Inject::hookGetBucketFillSound(Lorg/spongepowered/asm/mixin/injection/callback/CallbackInfoReturnable;)V does use it's CallbackInfoReturnable
[13:06:21] [main/DEBUG] (FabricLoader/Mixin) Mixing fixes.minecraft.MixinFlowableFluid from viafabricplus.mixins.json into net.minecraft.fluid.FlowableFluid
[13:06:21] [main/DEBUG] (FabricLoader/Mixin) Mixing BlockEntityMixin from fabric-rendering-data-attachment-v1.mixins.json into net.minecraft.block.entity.BlockEntity
[13:06:21] [main/DEBUG] (FabricLoader/Mixin) fabric-rendering-data-attachment-v1.mixins.json:BlockEntityMixin from mod fabric-rendering-data-attachment-v1: Class version 65 required is higher than the class version supported by the current version of Mixin (JAVA_17 supports class version 61)
[13:06:21] [main/DEBUG] (FabricLoader/Mixin) Mixing AttachmentTargetsMixin from fabric-data-attachment-api-v1.mixins.json into net.minecraft.block.entity.BlockEntity
[13:06:21] [main/DEBUG] (FabricLoader/Mixin) fabric-data-attachment-api-v1.mixins.json:AttachmentTargetsMixin from mod fabric-data-attachment-api-v1: Class version 65 required is higher than the class version supported by the current version of Mixin (JAVA_17 supports class version 61)
[13:06:21] [main/DEBUG] (FabricLoader/Mixin) Mixing BlockEntityMixin from fabric-data-attachment-api-v1.mixins.json into net.minecraft.block.entity.BlockEntity
[13:06:21] [main/DEBUG] (FabricLoader/Mixin) fabric-data-attachment-api-v1.mixins.json:BlockEntityMixin from mod fabric-data-attachment-api-v1: Class version 65 required is higher than the class version supported by the current version of Mixin (JAVA_17 supports class version 61)
[13:06:21] [main/DEBUG] (FabricLoader/Mixin) Mixing BlockEntityMixin from fabric-block-view-api-v2.mixins.json into net.minecraft.block.entity.BlockEntity
[13:06:21] [main/DEBUG] (FabricLoader/Mixin) fabric-block-view-api-v2.mixins.json:BlockEntityMixin from mod fabric-block-view-api-v2: Class version 65 required is higher than the class version supported by the current version of Mixin (JAVA_17 supports class version 61)
[13:06:21] [main/DEBUG] (FabricLoader/Mixin) fabric-data-attachment-api-v1.mixins.json:BlockEntityMixin from mod fabric-data-attachment-api-v1->@Inject::readBlockEntityAttachments(Lnet/minecraft/nbt/NbtCompound;Lnet/minecraft/registry/RegistryWrapper$WrapperLookup;Lorg/spongepowered/asm/mixin/injection/callback/CallbackInfo;)V doesn't use it's CallbackInfo
[13:06:21] [main/DEBUG] (FabricLoader/Mixin) fabric-data-attachment-api-v1.mixins.json:BlockEntityMixin from mod fabric-data-attachment-api-v1->@Inject::readBlockEntityAttachments(Lnet/minecraft/nbt/NbtCompound;Lnet/minecraft/registry/RegistryWrapper$WrapperLookup;Lorg/spongepowered/asm/mixin/injection/callback/CallbackInfo;)V has 0 override(s) in child classes
[13:06:21] [main/DEBUG] (FabricLoader/Mixin) fabric-data-attachment-api-v1.mixins.json:BlockEntityMixin from mod fabric-data-attachment-api-v1->@Inject::readBlockEntityAttachments(Lnet/minecraft/nbt/NbtCompound;Lnet/minecraft/registry/RegistryWrapper$WrapperLookup;Lorg/spongepowered/asm/mixin/injection/callback/CallbackInfo;)V won't be passed a CallbackInfo as a result
[13:06:21] [main/DEBUG] (FabricLoader/Mixin) fabric-data-attachment-api-v1.mixins.json:BlockEntityMixin from mod fabric-data-attachment-api-v1->@Inject::writeBlockEntityAttachments(Lnet/minecraft/registry/RegistryWrapper$WrapperLookup;Lorg/spongepowered/asm/mixin/injection/callback/CallbackInfoReturnable;)V does use it's CallbackInfoReturnable
[13:06:21] [main/DEBUG] (FabricLoader/Mixin) Mixing NamedScreenHandlerFactoryMixin from fabric-screen-handler-api-v1.mixins.json into net.minecraft.screen.NamedScreenHandlerFactory
[13:06:21] [main/DEBUG] (FabricLoader/Mixin) fabric-screen-handler-api-v1.mixins.json:NamedScreenHandlerFactoryMixin from mod fabric-screen-handler-api-v1: Class version 65 required is higher than the class version supported by the current version of Mixin (JAVA_17 supports class version 61)
[13:06:21] [main/DEBUG] (FabricLoader/Mixin) Mixing LockableContainerBlockEntityMixin from fabric-transfer-api-v1.mixins.json into net.minecraft.block.entity.LockableContainerBlockEntity
[13:06:21] [main/DEBUG] (FabricLoader/Mixin) fabric-transfer-api-v1.mixins.json:LockableContainerBlockEntityMixin from mod fabric-transfer-api-v1: Class version 65 required is higher than the class version supported by the current version of Mixin (JAVA_17 supports class version 61)
[13:06:21] [main/DEBUG] (FabricLoader/Mixin) Mixing fixes.minecraft.MixinStatusEffectInstance from viafabricplus.mixins.json into net.minecraft.entity.effect.StatusEffectInstance
[13:06:21] [main/DEBUG] (FabricLoader/Mixin) Mixing MobEntityMixin from fabric-entity-events-v1.mixins.json into net.minecraft.entity.mob.MobEntity
[13:06:21] [main/DEBUG] (FabricLoader/Mixin) fabric-entity-events-v1.mixins.json:MobEntityMixin from mod fabric-entity-events-v1: Class version 65 required is higher than the class version supported by the current version of Mixin (JAVA_17 supports class version 61)
[13:06:21] [main/DEBUG] (FabricLoader/Mixin) Mixing fixes.minecraft.entity.MixinMobEntity from viafabricplus.mixins.json into net.minecraft.entity.mob.MobEntity
[13:06:21] [main/DEBUG] (FabricLoader/Mixin) viafabricplus.mixins.json:fixes.minecraft.entity.MixinMobEntity from mod viafabricplus->@Inject::moveItemInteractionsAfterLeashing(Lnet/minecraft/entity/player/PlayerEntity;Lnet/minecraft/util/Hand;Lorg/spongepowered/asm/mixin/injection/callback/CallbackInfoReturnable;)V does use it's CallbackInfoReturnable
[13:06:21] [main/DEBUG] (FabricLoader/Mixin) Mixing ChiseledBookshelfBlockEntityMixin from fabric-transfer-api-v1.mixins.json into net.minecraft.block.entity.ChiseledBookshelfBlockEntity
[13:06:21] [main/DEBUG] (FabricLoader/Mixin) fabric-transfer-api-v1.mixins.json:ChiseledBookshelfBlockEntityMixin from mod fabric-transfer-api-v1: Class version 65 required is higher than the class version supported by the current version of Mixin (JAVA_17 supports class version 61)
[13:06:21] [main/DEBUG] (FabricLoader/Mixin) fabric-transfer-api-v1.mixins.json:ChiseledBookshelfBlockEntityMixin from mod fabric-transfer-api-v1->@Inject::setStackBypass(ILnet/minecraft/item/ItemStack;Lorg/spongepowered/asm/mixin/injection/callback/CallbackInfo;)V does use it's CallbackInfo
[13:06:21] [main/DEBUG] (FabricLoader/Mixin) Mixing BlockEntityTypeAccessor from fabric-api-lookup-api-v1.mixins.json into net.minecraft.block.entity.BlockEntityType
[13:06:21] [main/DEBUG] (FabricLoader/Mixin) fabric-api-lookup-api-v1.mixins.json:BlockEntityTypeAccessor from mod fabric-api-lookup-api-v1: Class version 65 required is higher than the class version supported by the current version of Mixin (JAVA_17 supports class version 61)
[13:06:21] [main/DEBUG] (FabricLoader/Mixin) Mixing BlockEntityTypeMixin from fabric-object-builder-v1.mixins.json into net.minecraft.block.entity.BlockEntityType
[13:06:21] [main/DEBUG] (FabricLoader/Mixin) fabric-object-builder-v1.mixins.json:BlockEntityTypeMixin from mod fabric-object-builder-api-v1: Class version 65 required is higher than the class version supported by the current version of Mixin (JAVA_17 supports class version 61)
[13:06:21] [main/DEBUG] (FabricLoader/Mixin) fabric-object-builder-v1.mixins.json:BlockEntityTypeMixin from mod fabric-object-builder-api-v1->@Inject::mutableBlocks(Lnet/minecraft/block/entity/BlockEntityType$BlockEntityFactory;Ljava/util/Set;Lcom/mojang/datafixers/types/Type;Lorg/spongepowered/asm/mixin/injection/callback/CallbackInfo;)V doesn't use it's CallbackInfo
[13:06:21] [main/DEBUG] (FabricLoader/Mixin) fabric-object-builder-v1.mixins.json:BlockEntityTypeMixin from mod fabric-object-builder-api-v1->@Inject::mutableBlocks(Lnet/minecraft/block/entity/BlockEntityType$BlockEntityFactory;Ljava/util/Set;Lcom/mojang/datafixers/types/Type;Lorg/spongepowered/asm/mixin/injection/callback/CallbackInfo;)V has 0 override(s) in child classes
[13:06:21] [main/DEBUG] (FabricLoader/Mixin) fabric-object-builder-v1.mixins.json:BlockEntityTypeMixin from mod fabric-object-builder-api-v1->@Inject::mutableBlocks(Lnet/minecraft/block/entity/BlockEntityType$BlockEntityFactory;Ljava/util/Set;Lcom/mojang/datafixers/types/Type;Lorg/spongepowered/asm/mixin/injection/callback/CallbackInfo;)V won't be passed a CallbackInfo as a result
[13:06:21] [main/DEBUG] (FabricLoader/Mixin) Mixing fixes.minecraft.screen.screenhandler.MixinScreenHandler from viafabricplus.mixins.json into net.minecraft.screen.ScreenHandler
[13:06:21] [main/DEBUG] (FabricLoader/Mixin) Mixing fixes.minecraft.screen.screenhandler.MixinCraftingScreenHandler from viafabricplus.mixins.json into net.minecraft.screen.CraftingScreenHandler
[13:06:21] [main/DEBUG] (FabricLoader/Mixin) viafabricplus.mixins.json:fixes.minecraft.screen.screenhandler.MixinCraftingScreenHandler from mod viafabricplus->@Inject::clientSideCrafting(Lnet/minecraft/inventory/Inventory;Lorg/spongepowered/asm/mixin/injection/callback/CallbackInfo;)V doesn't use it's CallbackInfo
[13:06:21] [main/DEBUG] (FabricLoader/Mixin) viafabricplus.mixins.json:fixes.minecraft.screen.screenhandler.MixinCraftingScreenHandler from mod viafabricplus->@Inject::clientSideCrafting(Lnet/minecraft/inventory/Inventory;Lorg/spongepowered/asm/mixin/injection/callback/CallbackInfo;)V has 0 override(s) in child classes
[13:06:21] [main/DEBUG] (FabricLoader/Mixin) viafabricplus.mixins.json:fixes.minecraft.screen.screenhandler.MixinCraftingScreenHandler from mod viafabricplus->@Inject::clientSideCrafting(Lnet/minecraft/inventory/Inventory;Lorg/spongepowered/asm/mixin/injection/callback/CallbackInfo;)V won't be passed a CallbackInfo as a result
[13:06:21] [main/DEBUG] (FabricLoader/Mixin) Mixing AbstractFurnaceBlockEntityMixin from fabric-content-registries-v0.mixins.json into net.minecraft.block.entity.AbstractFurnaceBlockEntity
[13:06:21] [main/DEBUG] (FabricLoader/Mixin) fabric-content-registries-v0.mixins.json:AbstractFurnaceBlockEntityMixin from mod fabric-content-registries-v0: Class version 65 required is higher than the class version supported by the current version of Mixin (JAVA_17 supports class version 61)
[13:06:21] [main/DEBUG] (FabricLoader/Mixin) Mixing AbstractFurnaceBlockEntityMixin from fabric-transfer-api-v1.mixins.json into net.minecraft.block.entity.AbstractFurnaceBlockEntity
[13:06:21] [main/DEBUG] (FabricLoader/Mixin) fabric-transfer-api-v1.mixins.json:AbstractFurnaceBlockEntityMixin from mod fabric-transfer-api-v1: Class version 65 required is higher than the class version supported by the current version of Mixin (JAVA_17 supports class version 61)
[13:06:21] [main/DEBUG] (FabricLoader/Mixin) Mixing AbstractFurnaceBlockEntityMixin from fabric-item-api-v1.mixins.json into net.minecraft.block.entity.AbstractFurnaceBlockEntity
[13:06:21] [main/DEBUG] (FabricLoader/Mixin) fabric-item-api-v1.mixins.json:AbstractFurnaceBlockEntityMixin from mod fabric-item-api-v1: Class version 65 required is higher than the class version supported by the current version of Mixin (JAVA_17 supports class version 61)
[13:06:21] [main/DEBUG] (FabricLoader/Mixin) fabric-content-registries-v0.mixins.json:AbstractFurnaceBlockEntityMixin from mod fabric-content-registries-v0->@Inject::fuelTimeMapHook(Lorg/spongepowered/asm/mixin/injection/callback/CallbackInfoReturnable;)V does use it's CallbackInfoReturnable
[13:06:21] [main/DEBUG] (FabricLoader/Mixin) fabric-content-registries-v0.mixins.json:AbstractFurnaceBlockEntityMixin from mod fabric-content-registries-v0->@Inject::fuelTimeMapHook(Lorg/spongepowered/asm/mixin/injection/callback/CallbackInfoReturnable;)V does use it's CallbackInfoReturnable
[13:06:21] [main/DEBUG] (FabricLoader/Mixin) fabric-transfer-api-v1.mixins.json:AbstractFurnaceBlockEntityMixin from mod fabric-transfer-api-v1->@Inject::setStackSuppressUpdate(ILnet/minecraft/item/ItemStack;Lorg/spongepowered/asm/mixin/injection/callback/CallbackInfo;)V does use it's CallbackInfo
[13:06:21] [main/DEBUG] (FabricLoader/Mixin) fabric-item-api-v1.mixins.json:AbstractFurnaceBlockEntityMixin from mod fabric-item-api-v1->@Inject::getStackRemainder(Lnet/minecraft/world/World;Lnet/minecraft/util/math/BlockPos;Lnet/minecraft/block/BlockState;Lnet/minecraft/block/entity/AbstractFurnaceBlockEntity;Lorg/spongepowered/asm/mixin/injection/callback/CallbackInfo;ZZLnet/minecraft/item/ItemStack;Lnet/minecraft/item/ItemStack;ZZLnet/minecraft/recipe/RecipeEntry;I)V doesn't use it's CallbackInfo
[13:06:21] [main/DEBUG] (FabricLoader/Mixin) Mixing JukeboxBlockEntityMixin from fabric-transfer-api-v1.mixins.json into net.minecraft.block.entity.JukeboxBlockEntity
[13:06:21] [main/DEBUG] (FabricLoader/Mixin) fabric-transfer-api-v1.mixins.json:JukeboxBlockEntityMixin from mod fabric-transfer-api-v1: Class version 65 required is higher than the class version supported by the current version of Mixin (JAVA_17 supports class version 61)
[13:06:21] [main/DEBUG] (FabricLoader/Mixin) fabric-transfer-api-v1.mixins.json:JukeboxBlockEntityMixin from mod fabric-transfer-api-v1->@Inject::setStackBypass(Lnet/minecraft/item/ItemStack;Lorg/spongepowered/asm/mixin/injection/callback/CallbackInfo;)V does use it's CallbackInfo
[13:06:21] [main/DEBUG] (FabricLoader/Mixin) Mixing BrewingStandBlockEntityMixin from fabric-item-api-v1.mixins.json into net.minecraft.block.entity.BrewingStandBlockEntity
[13:06:21] [main/DEBUG] (FabricLoader/Mixin) fabric-item-api-v1.mixins.json:BrewingStandBlockEntityMixin from mod fabric-item-api-v1: Class version 65 required is higher than the class version supported by the current version of Mixin (JAVA_17 supports class version 61)
[13:06:21] [main/DEBUG] (FabricLoader/Mixin) fabric-item-api-v1.mixins.json:BrewingStandBlockEntityMixin from mod fabric-item-api-v1->@Inject::captureItemStack(Lnet/minecraft/world/World;Lnet/minecraft/util/math/BlockPos;Lnet/minecraft/util/collection/DefaultedList;Lorg/spongepowered/asm/mixin/injection/callback/CallbackInfo;Lnet/minecraft/item/ItemStack;)V doesn't use it's CallbackInfo
[13:06:21] [main/DEBUG] (FabricLoader/Mixin) Mixing ItemStackMixin from fabric-item-api-v1.mixins.json into net.minecraft.item.ItemStack
[13:06:21] [main/DEBUG] (FabricLoader/Mixin) fabric-item-api-v1.mixins.json:ItemStackMixin from mod fabric-item-api-v1: Class version 65 required is higher than the class version supported by the current version of Mixin (JAVA_17 supports class version 61)
[13:06:21] [main/DEBUG] (FabricLoader/Mixin) Renaming synthetic method lambda$hookDamage$0(Lorg/apache/commons/lang3/mutable/MutableBoolean;Ljava/util/function/Consumer;)V to mdfed865$fabric-item-api-v1$lambda$hookDamage$0$0 in fabric-item-api-v1.mixins.json:ItemStackMixin from mod fabric-item-api-v1
[13:06:21] [main/DEBUG] (FabricLoader/Mixin) Mixing ItemStackMixin from fabric-item-api-v1.client.mixins.json into net.minecraft.item.ItemStack
[13:06:21] [main/DEBUG] (FabricLoader/Mixin) fabric-item-api-v1.client.mixins.json:ItemStackMixin from mod fabric-item-api-v1: Class version 65 required is higher than the class version supported by the current version of Mixin (JAVA_17 supports class version 61)
[13:06:21] [main/DEBUG] (FabricLoader/Mixin) Mixing fixes.minecraft.item.MixinItemStack from viafabricplus.mixins.json into net.minecraft.item.ItemStack
[13:06:21] [main/DEBUG] (FabricLoader/Mixin) Renaming synthetic method lambda$viaFabricPlus$appendEnchantments1_14_4$1(Lnet/minecraft/nbt/NbtCompound;Lnet/minecraft/registry/RegistryWrapper$WrapperLookup;Ljava/util/function/Consumer;Lnet/minecraft/registry/RegistryKey;)V to mdfed865$viafabricplus$lambda$viaFabricPlus$appendEnchantments1_14_4$1$1 in viafabricplus.mixins.json:fixes.minecraft.item.MixinItemStack from mod viafabricplus
[13:06:21] [main/DEBUG] (FabricLoader/Mixin) Renaming synthetic method lambda$viaFabricPlus$appendEnchantments1_14_4$0(Ljava/util/function/Consumer;ILnet/minecraft/registry/entry/RegistryEntry$Reference;)V to mdfed865$viafabricplus$lambda$viaFabricPlus$appendEnchantments1_14_4$0$2 in viafabricplus.mixins.json:fixes.minecraft.item.MixinItemStack from mod viafabricplus
[13:06:22] [main/DEBUG] (FabricLoader/Mixin) fabric-item-api-v1.client.mixins.json:ItemStackMixin from mod fabric-item-api-v1->@Inject::getTooltip(Lnet/minecraft/item/Item$TooltipContext;Lnet/minecraft/entity/player/PlayerEntity;Lnet/minecraft/item/tooltip/TooltipType;Lorg/spongepowered/asm/mixin/injection/callback/CallbackInfoReturnable;)V does use it's CallbackInfoReturnable
[13:06:22] [main/DEBUG] (FabricLoader/Mixin) viafabricplus.mixins.json:fixes.minecraft.item.MixinItemStack from mod viafabricplus->@Inject::replaceEnchantmentTooltip(Lnet/minecraft/component/ComponentType;Lnet/minecraft/item/Item$TooltipContext;Ljava/util/function/Consumer;Lnet/minecraft/item/tooltip/TooltipType;Lorg/spongepowered/asm/mixin/injection/callback/CallbackInfo;)V does use it's CallbackInfo
[13:06:22] [main/DEBUG] (FabricLoader/Mixin) Mixing AnvilScreenHandlerMixin from fabric-item-api-v1.mixins.json into net.minecraft.screen.AnvilScreenHandler
[13:06:22] [main/DEBUG] (FabricLoader/Mixin) fabric-item-api-v1.mixins.json:AnvilScreenHandlerMixin from mod fabric-item-api-v1: Class version 65 required is higher than the class version supported by the current version of Mixin (JAVA_17 supports class version 61)
[13:06:22] [main/DEBUG] (FabricLoader/Mixin) Mixing HopperBlockEntityMixin from fabric-transfer-api-v1.mixins.json into net.minecraft.block.entity.HopperBlockEntity
[13:06:22] [main/DEBUG] (FabricLoader/Mixin) fabric-transfer-api-v1.mixins.json:HopperBlockEntityMixin from mod fabric-transfer-api-v1: Class version 65 required is higher than the class version supported by the current version of Mixin (JAVA_17 supports class version 61)
[13:06:22] [main/DEBUG] (FabricLoader/Mixin) Renaming synthetic method lambda$hookExtract$1(Lnet/fabricmc/fabric/api/transfer/v1/item/ItemVariant;)Z to mdfed865$fabric-transfer-api-v1$lambda$hookExtract$1$0 in fabric-transfer-api-v1.mixins.json:HopperBlockEntityMixin from mod fabric-transfer-api-v1
[13:06:22] [main/DEBUG] (FabricLoader/Mixin) Renaming synthetic method lambda$hookInsert$0(Lnet/fabricmc/fabric/api/transfer/v1/item/ItemVariant;)Z to mdfed865$fabric-transfer-api-v1$lambda$hookInsert$0$1 in fabric-transfer-api-v1.mixins.json:HopperBlockEntityMixin from mod fabric-transfer-api-v1
[13:06:22] [main/DEBUG] (FabricLoader/Mixin) fabric-transfer-api-v1.mixins.json:HopperBlockEntityMixin from mod fabric-transfer-api-v1->@Inject::hookInsert(Lnet/minecraft/world/World;Lnet/minecraft/util/math/BlockPos;Lnet/minecraft/block/entity/HopperBlockEntity;Lorg/spongepowered/asm/mixin/injection/callback/CallbackInfoReturnable;)V does use it's CallbackInfoReturnable
[13:06:22] [main/DEBUG] (FabricLoader/Mixin) fabric-transfer-api-v1.mixins.json:HopperBlockEntityMixin from mod fabric-transfer-api-v1->@Inject::hookExtract(Lnet/minecraft/world/World;Lnet/minecraft/block/entity/Hopper;Lorg/spongepowered/asm/mixin/injection/callback/CallbackInfoReturnable;)V does use it's CallbackInfoReturnable
[13:06:22] [main/DEBUG] (FabricLoader/Mixin) Mixing BannerBlockEntityMixin from fabric-data-attachment-api-v1.mixins.json into net.minecraft.block.entity.BannerBlockEntity
[13:06:22] [main/DEBUG] (FabricLoader/Mixin) fabric-data-attachment-api-v1.mixins.json:BannerBlockEntityMixin from mod fabric-data-attachment-api-v1: Class version 65 required is higher than the class version supported by the current version of Mixin (JAVA_17 supports class version 61)
[13:06:22] [main/DEBUG] (FabricLoader/Mixin) Mixing fixes.minecraft.entity.MixinAnimalEntity from viafabricplus.mixins.json into net.minecraft.entity.passive.AnimalEntity
[13:06:22] [main/DEBUG] (FabricLoader/Mixin) Mixing TadpoleEntityMixin from fabric-entity-events-v1.mixins.json into net.minecraft.entity.passive.TadpoleEntity
[13:06:22] [main/DEBUG] (FabricLoader/Mixin) fabric-entity-events-v1.mixins.json:TadpoleEntityMixin from mod fabric-entity-events-v1: Class version 65 required is higher than the class version supported by the current version of Mixin (JAVA_17 supports class version 61)
[13:06:22] [main/DEBUG] (io.netty.util.internal.PlatformDependent0) -Dio.netty.noUnsafe: false
[13:06:22] [main/DEBUG] (io.netty.util.internal.PlatformDependent0) Java version: 21
[13:06:22] [main/DEBUG] (io.netty.util.internal.PlatformDependent0) sun.misc.Unsafe.theUnsafe: available
[13:06:22] [main/DEBUG] (io.netty.util.internal.PlatformDependent0) sun.misc.Unsafe.copyMemory: available
[13:06:22] [main/DEBUG] (io.netty.util.internal.PlatformDependent0) sun.misc.Unsafe.storeFence: available
[13:06:22] [main/DEBUG] (io.netty.util.internal.PlatformDependent0) java.nio.Buffer.address: available
[13:06:22] [main/DEBUG] (io.netty.util.internal.PlatformDependent0) direct buffer constructor: unavailable
java.lang.UnsupportedOperationException: Reflective setAccessible(true) disabled
	at knot/io.netty.util.internal.ReflectionUtil.trySetAccessible(ReflectionUtil.java:31) ~[netty-common-4.1.97.Final.jar:?]
	at knot/io.netty.util.internal.PlatformDependent0$5.run(PlatformDependent0.java:289) ~[netty-common-4.1.97.Final.jar:?]
	at java.base/java.security.AccessController.doPrivileged(AccessController.java:319) ~[?:?]
	at knot/io.netty.util.internal.PlatformDependent0.<clinit>(PlatformDependent0.java:282) [netty-common-4.1.97.Final.jar:?]
	at knot/io.netty.util.internal.PlatformDependent.isAndroid(PlatformDependent.java:333) [netty-common-4.1.97.Final.jar:?]
	at knot/io.netty.util.internal.PlatformDependent.<clinit>(PlatformDependent.java:88) [netty-common-4.1.97.Final.jar:?]
	at knot/io.netty.util.ConstantPool.<init>(ConstantPool.java:34) [netty-common-4.1.97.Final.jar:?]
	at knot/io.netty.util.AttributeKey$1.<init>(AttributeKey.java:27) [netty-common-4.1.97.Final.jar:?]
	at knot/io.netty.util.AttributeKey.<clinit>(AttributeKey.java:27) [netty-common-4.1.97.Final.jar:?]
	at knot/de.florianmichael.viafabricplus.protocoltranslator.ProtocolTranslator.<clinit>(ProtocolTranslator.java:83) [viafabricplus-3.4.9-64b5720b4b825f21.jar:?]
	at knot/net.minecraft.block.LeavesBlock.handler$zpn000$viafabricplus$changeSidesShape(LeavesBlock.java:544) [minecraft-common-c453a9ae23-1.21-net.fabricmc.yarn.1_21.1.21+build.9-v2.jar:?]
	at knot/net.minecraft.block.LeavesBlock.getSidesShape(LeavesBlock.java) [minecraft-common-c453a9ae23-1.21-net.fabricmc.yarn.1_21.1.21+build.9-v2.jar:?]
	at knot/net.minecraft.block.AbstractBlock$AbstractBlockState.getSidesShape(AbstractBlock.java:1073) [minecraft-common-c453a9ae23-1.21-net.fabricmc.yarn.1_21.1.21+build.9-v2.jar:?]
	at knot/net.minecraft.block.SideShapeType$1.matches(SideShapeType.java:15) [minecraft-common-c453a9ae23-1.21-net.fabricmc.yarn.1_21.1.21+build.9-v2.jar:?]
	at knot/net.minecraft.block.AbstractBlock$AbstractBlockState$ShapeCache.<init>(AbstractBlock.java:1349) [minecraft-common-c453a9ae23-1.21-net.fabricmc.yarn.1_21.1.21+build.9-v2.jar:?]
	at knot/net.minecraft.block.AbstractBlock$AbstractBlockState.initShapeCache(AbstractBlock.java:869) [minecraft-common-c453a9ae23-1.21-net.fabricmc.yarn.1_21.1.21+build.9-v2.jar:?]
	at knot/net.minecraft.block.Blocks.<clinit>(Blocks.java:1259) [minecraft-common-c453a9ae23-1.21-net.fabricmc.yarn.1_21.1.21+build.9-v2.jar:?]
	at knot/net.minecraft.block.FireBlock.registerDefaultFlammables(FireBlock.java:336) [minecraft-common-c453a9ae23-1.21-net.fabricmc.yarn.1_21.1.21+build.9-v2.jar:?]
	at knot/net.minecraft.Bootstrap.initialize(Bootstrap.java:52) [minecraft-common-c453a9ae23-1.21-net.fabricmc.yarn.1_21.1.21+build.9-v2.jar:?]
	at knot/net.minecraft.client.main.Main.main(Main.java:130) [minecraft-clientOnly-c453a9ae23-1.21-net.fabricmc.yarn.1_21.1.21+build.9-v2.jar:?]
	at net.fabricmc.loader.impl.game.minecraft.MinecraftGameProvider.launch(MinecraftGameProvider.java:480) [fabric-loader-0.16.14.jar:?]
	at net.fabricmc.loader.impl.launch.knot.Knot.launch(Knot.java:74) [fabric-loader-0.16.14.jar:?]
	at net.fabricmc.loader.impl.launch.knot.KnotClient.main(KnotClient.java:23) [fabric-loader-0.16.14.jar:?]
	at net.fabricmc.devlaunchinjector.Main.main(Main.java:86) [dev-launch-injector-0.2.1+build.8.jar:?]
[13:06:22] [main/DEBUG] (io.netty.util.internal.PlatformDependent0) java.nio.Bits.unaligned: available, true
[13:06:22] [main/DEBUG] (io.netty.util.internal.PlatformDependent0) jdk.internal.misc.Unsafe.allocateUninitializedArray(int): unavailable
java.lang.IllegalAccessException: class io.netty.util.internal.PlatformDependent0$7 cannot access class jdk.internal.misc.Unsafe (in module java.base) because module java.base does not export jdk.internal.misc to unnamed module @4a668b6e
	at java.base/jdk.internal.reflect.Reflection.newIllegalAccessException(Reflection.java:394) ~[?:?]
	at java.base/java.lang.reflect.AccessibleObject.checkAccess(AccessibleObject.java:714) ~[?:?]
	at java.base/java.lang.reflect.Method.invoke(Method.java:571) ~[?:?]
	at knot/io.netty.util.internal.PlatformDependent0$7.run(PlatformDependent0.java:411) ~[netty-common-4.1.97.Final.jar:?]
	at java.base/java.security.AccessController.doPrivileged(AccessController.java:319) ~[?:?]
	at knot/io.netty.util.internal.PlatformDependent0.<clinit>(PlatformDependent0.java:402) [netty-common-4.1.97.Final.jar:?]
	at knot/io.netty.util.internal.PlatformDependent.isAndroid(PlatformDependent.java:333) [netty-common-4.1.97.Final.jar:?]
	at knot/io.netty.util.internal.PlatformDependent.<clinit>(PlatformDependent.java:88) [netty-common-4.1.97.Final.jar:?]
	at knot/io.netty.util.ConstantPool.<init>(ConstantPool.java:34) [netty-common-4.1.97.Final.jar:?]
	at knot/io.netty.util.AttributeKey$1.<init>(AttributeKey.java:27) [netty-common-4.1.97.Final.jar:?]
	at knot/io.netty.util.AttributeKey.<clinit>(AttributeKey.java:27) [netty-common-4.1.97.Final.jar:?]
	at knot/de.florianmichael.viafabricplus.protocoltranslator.ProtocolTranslator.<clinit>(ProtocolTranslator.java:83) [viafabricplus-3.4.9-64b5720b4b825f21.jar:?]
	at knot/net.minecraft.block.LeavesBlock.handler$zpn000$viafabricplus$changeSidesShape(LeavesBlock.java:544) [minecraft-common-c453a9ae23-1.21-net.fabricmc.yarn.1_21.1.21+build.9-v2.jar:?]
	at knot/net.minecraft.block.LeavesBlock.getSidesShape(LeavesBlock.java) [minecraft-common-c453a9ae23-1.21-net.fabricmc.yarn.1_21.1.21+build.9-v2.jar:?]
	at knot/net.minecraft.block.AbstractBlock$AbstractBlockState.getSidesShape(AbstractBlock.java:1073) [minecraft-common-c453a9ae23-1.21-net.fabricmc.yarn.1_21.1.21+build.9-v2.jar:?]
	at knot/net.minecraft.block.SideShapeType$1.matches(SideShapeType.java:15) [minecraft-common-c453a9ae23-1.21-net.fabricmc.yarn.1_21.1.21+build.9-v2.jar:?]
	at knot/net.minecraft.block.AbstractBlock$AbstractBlockState$ShapeCache.<init>(AbstractBlock.java:1349) [minecraft-common-c453a9ae23-1.21-net.fabricmc.yarn.1_21.1.21+build.9-v2.jar:?]
	at knot/net.minecraft.block.AbstractBlock$AbstractBlockState.initShapeCache(AbstractBlock.java:869) [minecraft-common-c453a9ae23-1.21-net.fabricmc.yarn.1_21.1.21+build.9-v2.jar:?]
	at knot/net.minecraft.block.Blocks.<clinit>(Blocks.java:1259) [minecraft-common-c453a9ae23-1.21-net.fabricmc.yarn.1_21.1.21+build.9-v2.jar:?]
	at knot/net.minecraft.block.FireBlock.registerDefaultFlammables(FireBlock.java:336) [minecraft-common-c453a9ae23-1.21-net.fabricmc.yarn.1_21.1.21+build.9-v2.jar:?]
	at knot/net.minecraft.Bootstrap.initialize(Bootstrap.java:52) [minecraft-common-c453a9ae23-1.21-net.fabricmc.yarn.1_21.1.21+build.9-v2.jar:?]
	at knot/net.minecraft.client.main.Main.main(Main.java:130) [minecraft-clientOnly-c453a9ae23-1.21-net.fabricmc.yarn.1_21.1.21+build.9-v2.jar:?]
	at net.fabricmc.loader.impl.game.minecraft.MinecraftGameProvider.launch(MinecraftGameProvider.java:480) [fabric-loader-0.16.14.jar:?]
	at net.fabricmc.loader.impl.launch.knot.Knot.launch(Knot.java:74) [fabric-loader-0.16.14.jar:?]
	at net.fabricmc.loader.impl.launch.knot.KnotClient.main(KnotClient.java:23) [fabric-loader-0.16.14.jar:?]
	at net.fabricmc.devlaunchinjector.Main.main(Main.java:86) [dev-launch-injector-0.2.1+build.8.jar:?]
[13:06:22] [main/DEBUG] (io.netty.util.internal.PlatformDependent0) java.nio.DirectByteBuffer.<init>(long, {int,long}): unavailable
[13:06:22] [main/DEBUG] (io.netty.util.internal.PlatformDependent) sun.misc.Unsafe: available
[13:06:22] [main/DEBUG] (io.netty.util.internal.PlatformDependent) maxDirectMemory: 17095983104 bytes (maybe)
[13:06:22] [main/DEBUG] (io.netty.util.internal.PlatformDependent) -Dio.netty.tmpdir: C:\Users\13904\AppData\Local\Temp (java.io.tmpdir)
[13:06:22] [main/DEBUG] (io.netty.util.internal.PlatformDependent) -Dio.netty.bitMode: 64 (sun.arch.data.model)
[13:06:22] [main/DEBUG] (io.netty.util.internal.PlatformDependent) Platform: Windows
[13:06:22] [main/DEBUG] (io.netty.util.internal.PlatformDependent) -Dio.netty.maxDirectMemory: -1 bytes
[13:06:22] [main/DEBUG] (io.netty.util.internal.PlatformDependent) -Dio.netty.uninitializedArrayAllocationThreshold: -1
[13:06:22] [main/DEBUG] (io.netty.util.internal.CleanerJava9) java.nio.ByteBuffer.cleaner(): available
[13:06:22] [main/DEBUG] (io.netty.util.internal.PlatformDependent) -Dio.netty.noPreferDirect: false
[13:06:23] [main/DEBUG] (FabricLoader/Mixin) Mixing ItemMixin from fabric-transfer-api-v1.mixins.json into net.minecraft.item.Item
[13:06:23] [main/DEBUG] (FabricLoader/Mixin) fabric-transfer-api-v1.mixins.json:ItemMixin from mod fabric-transfer-api-v1: Class version 65 required is higher than the class version supported by the current version of Mixin (JAVA_17 supports class version 61)
[13:06:23] [main/DEBUG] (FabricLoader/Mixin) Mixing ItemAccessor from fabric-item-api-v1.mixins.json into net.minecraft.item.Item
[13:06:23] [main/DEBUG] (FabricLoader/Mixin) fabric-item-api-v1.mixins.json:ItemAccessor from mod fabric-item-api-v1: Class version 65 required is higher than the class version supported by the current version of Mixin (JAVA_17 supports class version 61)
[13:06:23] [main/DEBUG] (FabricLoader/Mixin) Mixing ItemMixin from fabric-item-api-v1.mixins.json into net.minecraft.item.Item
[13:06:23] [main/DEBUG] (FabricLoader/Mixin) fabric-item-api-v1.mixins.json:ItemMixin from mod fabric-item-api-v1: Class version 65 required is higher than the class version supported by the current version of Mixin (JAVA_17 supports class version 61)
[13:06:23] [main/DEBUG] (FabricLoader/Mixin) fabric-item-api-v1.mixins.json:ItemMixin from mod fabric-item-api-v1->@Inject::onConstruct(Lnet/minecraft/item/Item$Settings;Lorg/spongepowered/asm/mixin/injection/callback/CallbackInfo;)V doesn't use it's CallbackInfo
[13:06:23] [main/DEBUG] (FabricLoader/Mixin) fabric-item-api-v1.mixins.json:ItemMixin from mod fabric-item-api-v1->@Inject::onConstruct(Lnet/minecraft/item/Item$Settings;Lorg/spongepowered/asm/mixin/injection/callback/CallbackInfo;)V has 0 override(s) in child classes
[13:06:23] [main/DEBUG] (FabricLoader/Mixin) fabric-item-api-v1.mixins.json:ItemMixin from mod fabric-item-api-v1->@Inject::onConstruct(Lnet/minecraft/item/Item$Settings;Lorg/spongepowered/asm/mixin/injection/callback/CallbackInfo;)V won't be passed a CallbackInfo as a result
[13:06:23] [main/DEBUG] (FabricLoader/Mixin) Mixing fixes.minecraft.item.MixinBlockItem from viafabricplus.mixins.json into net.minecraft.item.BlockItem
[13:06:23] [main/DEBUG] (FabricLoader/Mixin) viafabricplus.mixins.json:fixes.minecraft.item.MixinBlockItem from mod viafabricplus->@Inject::checkChestPlacement(Lnet/minecraft/item/ItemPlacementContext;Lnet/minecraft/block/BlockState;Lorg/spongepowered/asm/mixin/injection/callback/CallbackInfoReturnable;)V does use it's CallbackInfoReturnable
[13:06:23] [main/DEBUG] (FabricLoader/Mixin) Mixing fixes.minecraft.item.MixinArmorItem from viafabricplus.mixins.json into net.minecraft.item.ArmorItem
[13:06:23] [main/DEBUG] (FabricLoader/Mixin) viafabricplus.mixins.json:fixes.minecraft.item.MixinArmorItem from mod viafabricplus->@Inject::disableRightClick(Lnet/minecraft/world/World;Lnet/minecraft/entity/player/PlayerEntity;Lnet/minecraft/util/Hand;Lorg/spongepowered/asm/mixin/injection/callback/CallbackInfoReturnable;)V does use it's CallbackInfoReturnable
[13:06:23] [main/DEBUG] (FabricLoader/Mixin) viafabricplus.mixins.json:fixes.minecraft.item.MixinArmorItem from mod viafabricplus->@Inject::changeAttributeModifiers(Lorg/spongepowered/asm/mixin/injection/callback/CallbackInfoReturnable;)V does use it's CallbackInfoReturnable
[13:06:23] [main/DEBUG] (FabricLoader/Mixin) Mixing fixes.minecraft.item.MixinBowItem from viafabricplus.mixins.json into net.minecraft.item.BowItem
[13:06:23] [main/DEBUG] (FabricLoader/Mixin) viafabricplus.mixins.json:fixes.minecraft.item.MixinBowItem from mod viafabricplus->@Inject::makeInstantUsable_Time(Lorg/spongepowered/asm/mixin/injection/callback/CallbackInfoReturnable;)V does use it's CallbackInfoReturnable
[13:06:23] [main/DEBUG] (FabricLoader/Mixin) viafabricplus.mixins.json:fixes.minecraft.item.MixinBowItem from mod viafabricplus->@Inject::makeInstantUsable_Action(Lorg/spongepowered/asm/mixin/injection/callback/CallbackInfoReturnable;)V does use it's CallbackInfoReturnable
[13:06:23] [main/DEBUG] (FabricLoader/Mixin) viafabricplus.mixins.json:fixes.minecraft.item.MixinBowItem from mod viafabricplus->@Inject::makeInstantUsable(Lnet/minecraft/world/World;Lnet/minecraft/entity/player/PlayerEntity;Lnet/minecraft/util/Hand;Lorg/spongepowered/asm/mixin/injection/callback/CallbackInfoReturnable;)V does use it's CallbackInfoReturnable
[13:06:23] [main/DEBUG] (FabricLoader/Mixin) Mixing fixes.minecraft.item.MixinSwordItem from viafabricplus.mixins.json into net.minecraft.item.SwordItem
[13:06:23] [main/DEBUG] (FabricLoader/Mixin) Mixing ShovelItemAccessor from fabric-content-registries-v0.mixins.json into net.minecraft.item.ShovelItem
[13:06:23] [main/DEBUG] (FabricLoader/Mixin) fabric-content-registries-v0.mixins.json:ShovelItemAccessor from mod fabric-content-registries-v0: Class version 65 required is higher than the class version supported by the current version of Mixin (JAVA_17 supports class version 61)
[13:06:23] [main/DEBUG] (FabricLoader/Mixin) Renaming @Accessor method getPathStates()Ljava/util/Map; to getPathStates$fabric-content-registries-v0_$md$fed865$0 in fabric-content-registries-v0.mixins.json:ShovelItemAccessor from mod fabric-content-registries-v0
[13:06:23] [main/DEBUG] (FabricLoader/Mixin) Mixing fixes.minecraft.item.MixinShovelItem from viafabricplus.mixins.json into net.minecraft.item.ShovelItem
[13:06:23] [main/DEBUG] (FabricLoader/Mixin) Mixing AxeItemAccessor from fabric-content-registries-v0.mixins.json into net.minecraft.item.AxeItem
[13:06:23] [main/DEBUG] (FabricLoader/Mixin) fabric-content-registries-v0.mixins.json:AxeItemAccessor from mod fabric-content-registries-v0: Class version 65 required is higher than the class version supported by the current version of Mixin (JAVA_17 supports class version 61)
[13:06:23] [main/DEBUG] (FabricLoader/Mixin) Renaming @Accessor method getStrippedBlocks()Ljava/util/Map; to getStrippedBlocks$fabric-content-registries-v0_$md$fed865$0 in fabric-content-registries-v0.mixins.json:AxeItemAccessor from mod fabric-content-registries-v0
[13:06:23] [main/DEBUG] (FabricLoader/Mixin) Renaming @Accessor method setStrippedBlocks(Ljava/util/Map;)V to setStrippedBlocks$fabric-content-registries-v0_$md$fed865$1 in fabric-content-registries-v0.mixins.json:AxeItemAccessor from mod fabric-content-registries-v0
[13:06:23] [main/DEBUG] (FabricLoader/Mixin) Mixing fixes.minecraft.item.MixinAxeItem from viafabricplus.mixins.json into net.minecraft.item.AxeItem
[13:06:23] [main/DEBUG] (FabricLoader/Mixin) viafabricplus.mixins.json:fixes.minecraft.item.MixinAxeItem from mod viafabricplus->@Inject::disableUse(Lnet/minecraft/item/ItemUsageContext;Lorg/spongepowered/asm/mixin/injection/callback/CallbackInfoReturnable;)V does use it's CallbackInfoReturnable
[13:06:23] [main/DEBUG] (FabricLoader/Mixin) Mixing HoeItemAccessor from fabric-content-registries-v0.mixins.json into net.minecraft.item.HoeItem
[13:06:23] [main/DEBUG] (FabricLoader/Mixin) fabric-content-registries-v0.mixins.json:HoeItemAccessor from mod fabric-content-registries-v0: Class version 65 required is higher than the class version supported by the current version of Mixin (JAVA_17 supports class version 61)
[13:06:23] [main/DEBUG] (FabricLoader/Mixin) Renaming @Accessor method getTillingActions()Ljava/util/Map; to getTillingActions$fabric-content-registries-v0_$md$fed865$0 in fabric-content-registries-v0.mixins.json:HoeItemAccessor from mod fabric-content-registries-v0
[13:06:23] [main/DEBUG] (FabricLoader/Mixin) Mixing BucketItemAccessor from fabric-transfer-api-v1.mixins.json into net.minecraft.item.BucketItem
[13:06:23] [main/DEBUG] (FabricLoader/Mixin) fabric-transfer-api-v1.mixins.json:BucketItemAccessor from mod fabric-transfer-api-v1: Class version 65 required is higher than the class version supported by the current version of Mixin (JAVA_17 supports class version 61)
[13:06:23] [main/DEBUG] (FabricLoader/Mixin) Mixing BucketItemMixin from fabric-transfer-api-v1.mixins.json into net.minecraft.item.BucketItem
[13:06:23] [main/DEBUG] (FabricLoader/Mixin) fabric-transfer-api-v1.mixins.json:BucketItemMixin from mod fabric-transfer-api-v1: Class version 65 required is higher than the class version supported by the current version of Mixin (JAVA_17 supports class version 61)
[13:06:23] [main/DEBUG] (FabricLoader/Mixin) Mixing fixes.minecraft.item.MixinBucketItem from viafabricplus.mixins.json into net.minecraft.item.BucketItem
[13:06:23] [main/DEBUG] (FabricLoader/Mixin) Mixing fixes.minecraft.item.MixinMilkBucketItem from viafabricplus.mixins.json into net.minecraft.item.MilkBucketItem
[13:06:23] [main/DEBUG] (FabricLoader/Mixin) viafabricplus.mixins.json:fixes.minecraft.item.MixinMilkBucketItem from mod viafabricplus->@Inject::dontExchangeStack(Lnet/minecraft/item/ItemStack;Lnet/minecraft/world/World;Lnet/minecraft/entity/LivingEntity;Lorg/spongepowered/asm/mixin/injection/callback/CallbackInfoReturnable;)V does use it's CallbackInfoReturnable
[13:06:23] [main/DEBUG] (FabricLoader/Mixin) Mixing fixes.minecraft.item.MixinFishingRodItem from viafabricplus.mixins.json into net.minecraft.item.FishingRodItem
[13:06:23] [main/DEBUG] (FabricLoader/Mixin) viafabricplus.mixins.json:fixes.minecraft.item.MixinFishingRodItem from mod viafabricplus->@Inject::swingHand(Lnet/minecraft/world/World;Lnet/minecraft/entity/player/PlayerEntity;Lnet/minecraft/util/Hand;Lorg/spongepowered/asm/mixin/injection/callback/CallbackInfoReturnable;)V doesn't use it's CallbackInfoReturnable
[13:06:23] [main/DEBUG] (FabricLoader/Mixin) viafabricplus.mixins.json:fixes.minecraft.item.MixinFishingRodItem from mod viafabricplus->@Inject::swingHand(Lnet/minecraft/world/World;Lnet/minecraft/entity/player/PlayerEntity;Lnet/minecraft/util/Hand;Lorg/spongepowered/asm/mixin/injection/callback/CallbackInfoReturnable;)V has 0 override(s) in child classes
[13:06:23] [main/DEBUG] (FabricLoader/Mixin) viafabricplus.mixins.json:fixes.minecraft.item.MixinFishingRodItem from mod viafabricplus->@Inject::swingHand(Lnet/minecraft/world/World;Lnet/minecraft/entity/player/PlayerEntity;Lnet/minecraft/util/Hand;Lorg/spongepowered/asm/mixin/injection/callback/CallbackInfoReturnable;)V won't be passed a CallbackInfoReturnable as a result
[13:06:23] [main/DEBUG] (FabricLoader/Mixin) Mixing fixes.minecraft.item.MixinEnderPearlItem from viafabricplus.mixins.json into net.minecraft.item.EnderPearlItem
[13:06:23] [main/DEBUG] (FabricLoader/Mixin) viafabricplus.mixins.json:fixes.minecraft.item.MixinEnderPearlItem from mod viafabricplus->@Inject::removeCreativeModeEnderPearl(Lnet/minecraft/world/World;Lnet/minecraft/entity/player/PlayerEntity;Lnet/minecraft/util/Hand;Lorg/spongepowered/asm/mixin/injection/callback/CallbackInfoReturnable;)V does use it's CallbackInfoReturnable
[13:06:23] [main/DEBUG] (FabricLoader/Mixin) Mixing fixes.minecraft.item.MixinFireChargeItem from viafabricplus.mixins.json into net.minecraft.item.FireChargeItem
[13:06:23] [main/DEBUG] (FabricLoader/Mixin) viafabricplus.mixins.json:fixes.minecraft.item.MixinFireChargeItem from mod viafabricplus->@Inject::disableClientSideUsage(Lnet/minecraft/item/ItemUsageContext;Lorg/spongepowered/asm/mixin/injection/callback/CallbackInfoReturnable;)V does use it's CallbackInfoReturnable
[13:06:23] [main/DEBUG] (FabricLoader/Mixin) Mixing fixes.minecraft.item.MixinFireworkRocketItem from viafabricplus.mixins.json into net.minecraft.item.FireworkRocketItem
[13:06:23] [main/DEBUG] (FabricLoader/Mixin) Mixing fixes.minecraft.item.MixinKnowledgeBookItem from viafabricplus.mixins.json into net.minecraft.item.KnowledgeBookItem
[13:06:23] [main/DEBUG] (FabricLoader/Mixin) Mixing HoneycombItemMixin from fabric-content-registries-v0.mixins.json into net.minecraft.item.HoneycombItem
[13:06:23] [main/DEBUG] (FabricLoader/Mixin) fabric-content-registries-v0.mixins.json:HoneycombItemMixin from mod fabric-content-registries-v0: Class version 65 required is higher than the class version supported by the current version of Mixin (JAVA_17 supports class version 61)
[13:06:23] [main/DEBUG] (FabricLoader/Mixin) fabric-content-registries-v0.mixins.json:HoneycombItemMixin from mod fabric-content-registries-v0->@Inject::createUnwaxedToWaxedMap(Lorg/spongepowered/asm/mixin/injection/callback/CallbackInfoReturnable;)V does use it's CallbackInfoReturnable
[13:06:23] [main/DEBUG] (FabricLoader/Mixin) Mixing fixes.minecraft.item.MixinBrushItem from viafabricplus.mixins.json into net.minecraft.item.BrushItem
[13:06:23] [main/DEBUG] (FabricLoader/Mixin) Mixing ItemSettingsMixin from fabric-item-api-v1.mixins.json into net.minecraft.item.Item$Settings
[13:06:23] [main/DEBUG] (FabricLoader/Mixin) fabric-item-api-v1.mixins.json:ItemSettingsMixin from mod fabric-item-api-v1: Class version 65 required is higher than the class version supported by the current version of Mixin (JAVA_17 supports class version 61)
[13:06:23] [main/DEBUG] (FabricLoader/Mixin) Mixing TagKeyMixin from fabric-convention-tags-api-v2.mixins.json into net.minecraft.registry.tag.TagKey
[13:06:23] [main/DEBUG] (FabricLoader/Mixin) fabric-convention-tags-api-v2.mixins.json:TagKeyMixin from mod fabric-convention-tags-v2: Class version 65 required is higher than the class version supported by the current version of Mixin (JAVA_17 supports class version 61)
[13:06:23] [main/DEBUG] (FabricLoader/Mixin) Mixing AttachmentTargetsMixin from fabric-data-attachment-api-v1.mixins.json into net.minecraft.world.chunk.Chunk
[13:06:23] [main/DEBUG] (FabricLoader/Mixin) fabric-data-attachment-api-v1.mixins.json:AttachmentTargetsMixin from mod fabric-data-attachment-api-v1: Class version 65 required is higher than the class version supported by the current version of Mixin (JAVA_17 supports class version 61)
[13:06:23] [main/DEBUG] (FabricLoader/Mixin) Mixing WorldChunkMixin from fabric-lifecycle-events-v1.client.mixins.json into net.minecraft.world.chunk.WorldChunk
[13:06:23] [main/DEBUG] (FabricLoader/Mixin) fabric-lifecycle-events-v1.client.mixins.json:WorldChunkMixin from mod fabric-lifecycle-events-v1: Class version 65 required is higher than the class version supported by the current version of Mixin (JAVA_17 supports class version 61)
[13:06:23] [main/DEBUG] (FabricLoader/Mixin) Mixing WorldChunkMixin from fabric-data-attachment-api-v1.mixins.json into net.minecraft.world.chunk.WorldChunk
[13:06:23] [main/DEBUG] (FabricLoader/Mixin) fabric-data-attachment-api-v1.mixins.json:WorldChunkMixin from mod fabric-data-attachment-api-v1: Class version 65 required is higher than the class version supported by the current version of Mixin (JAVA_17 supports class version 61)
[13:06:23] [main/DEBUG] (FabricLoader/Mixin) fabric-lifecycle-events-v1.client.mixins.json:WorldChunkMixin from mod fabric-lifecycle-events-v1->@Inject::onLoadBlockEntity(Lnet/minecraft/block/entity/BlockEntity;Lorg/spongepowered/asm/mixin/injection/callback/CallbackInfo;)V doesn't use it's CallbackInfo
[13:06:23] [main/DEBUG] (FabricLoader/Mixin) fabric-lifecycle-events-v1.client.mixins.json:WorldChunkMixin from mod fabric-lifecycle-events-v1->@Inject::onLoadBlockEntity(Lnet/minecraft/block/entity/BlockEntity;Lorg/spongepowered/asm/mixin/injection/callback/CallbackInfo;)V has 0 override(s) in child classes
[13:06:23] [main/DEBUG] (FabricLoader/Mixin) fabric-lifecycle-events-v1.client.mixins.json:WorldChunkMixin from mod fabric-lifecycle-events-v1->@Inject::onLoadBlockEntity(Lnet/minecraft/block/entity/BlockEntity;Lorg/spongepowered/asm/mixin/injection/callback/CallbackInfo;)V won't be passed a CallbackInfo as a result
[13:06:23] [main/DEBUG] (FabricLoader/Mixin) fabric-lifecycle-events-v1.client.mixins.json:WorldChunkMixin from mod fabric-lifecycle-events-v1->@Inject::onRemoveBlockEntity(Lnet/minecraft/block/entity/BlockEntity;Lorg/spongepowered/asm/mixin/injection/callback/CallbackInfo;)V doesn't use it's CallbackInfo
[13:06:23] [main/DEBUG] (FabricLoader/Mixin) fabric-lifecycle-events-v1.client.mixins.json:WorldChunkMixin from mod fabric-lifecycle-events-v1->@Inject::onRemoveBlockEntity(Lnet/minecraft/block/entity/BlockEntity;Lorg/spongepowered/asm/mixin/injection/callback/CallbackInfo;)V has 0 override(s) in child classes
[13:06:23] [main/DEBUG] (FabricLoader/Mixin) fabric-lifecycle-events-v1.client.mixins.json:WorldChunkMixin from mod fabric-lifecycle-events-v1->@Inject::onRemoveBlockEntity(Lnet/minecraft/block/entity/BlockEntity;Lorg/spongepowered/asm/mixin/injection/callback/CallbackInfo;)V won't be passed a CallbackInfo as a result
[13:06:23] [main/DEBUG] (FabricLoader/Mixin) fabric-lifecycle-events-v1.client.mixins.json:WorldChunkMixin from mod fabric-lifecycle-events-v1->@Inject::onRemoveBlockEntity(Lnet/minecraft/util/math/BlockPos;Lorg/spongepowered/asm/mixin/injection/callback/CallbackInfo;Lnet/minecraft/block/entity/BlockEntity;)V doesn't use it's CallbackInfo
[13:06:23] [main/DEBUG] (FabricLoader/Mixin) fabric-lifecycle-events-v1.client.mixins.json:WorldChunkMixin from mod fabric-lifecycle-events-v1->@Inject::onRemoveBlockEntity(Lnet/minecraft/util/math/BlockPos;Lorg/spongepowered/asm/mixin/injection/callback/CallbackInfo;Lnet/minecraft/block/entity/BlockEntity;)V has 0 override(s) in child classes
[13:06:23] [main/DEBUG] (FabricLoader/Mixin) fabric-lifecycle-events-v1.client.mixins.json:WorldChunkMixin from mod fabric-lifecycle-events-v1->@Inject::onRemoveBlockEntity(Lnet/minecraft/util/math/BlockPos;Lorg/spongepowered/asm/mixin/injection/callback/CallbackInfo;Lnet/minecraft/block/entity/BlockEntity;)V won't be passed a CallbackInfo as a result
[13:06:23] [main/DEBUG] (FabricLoader/Mixin) fabric-data-attachment-api-v1.mixins.json:WorldChunkMixin from mod fabric-data-attachment-api-v1->@Inject::transferProtoChunkAttachement(Lnet/minecraft/server/world/ServerWorld;Lnet/minecraft/world/chunk/ProtoChunk;Lnet/minecraft/world/chunk/WorldChunk$EntityLoader;Lorg/spongepowered/asm/mixin/injection/callback/CallbackInfo;)V doesn't use it's CallbackInfo
[13:06:23] [main/DEBUG] (FabricLoader/Mixin) fabric-data-attachment-api-v1.mixins.json:WorldChunkMixin from mod fabric-data-attachment-api-v1->@Inject::transferProtoChunkAttachement(Lnet/minecraft/server/world/ServerWorld;Lnet/minecraft/world/chunk/ProtoChunk;Lnet/minecraft/world/chunk/WorldChunk$EntityLoader;Lorg/spongepowered/asm/mixin/injection/callback/CallbackInfo;)V has 0 override(s) in child classes
[13:06:23] [main/DEBUG] (FabricLoader/Mixin) fabric-data-attachment-api-v1.mixins.json:WorldChunkMixin from mod fabric-data-attachment-api-v1->@Inject::transferProtoChunkAttachement(Lnet/minecraft/server/world/ServerWorld;Lnet/minecraft/world/chunk/ProtoChunk;Lnet/minecraft/world/chunk/WorldChunk$EntityLoader;Lorg/spongepowered/asm/mixin/injection/callback/CallbackInfo;)V won't be passed a CallbackInfo as a result
[13:06:23] [main/DEBUG] (FabricLoader/Mixin) Mixing EntityTypeBuilderMixin from fabric-object-builder-v1.mixins.json into net.minecraft.entity.EntityType$Builder
[13:06:23] [main/DEBUG] (FabricLoader/Mixin) fabric-object-builder-v1.mixins.json:EntityTypeBuilderMixin from mod fabric-object-builder-api-v1: Class version 65 required is higher than the class version supported by the current version of Mixin (JAVA_17 supports class version 61)
[13:06:23] [main/DEBUG] (FabricLoader/Mixin) fabric-object-builder-v1.mixins.json:EntityTypeBuilderMixin from mod fabric-object-builder-api-v1->@Inject::applyChildBuilders(Ljava/lang/String;Lorg/spongepowered/asm/mixin/injection/callback/CallbackInfoReturnable;)V does use it's CallbackInfoReturnable
[13:06:23] [main/DEBUG] (FabricLoader/Mixin) Mixing fixes.minecraft.entity.MixinArmadilloEntity from viafabricplus.mixins.json into net.minecraft.entity.passive.ArmadilloEntity
[13:06:23] [main/DEBUG] (FabricLoader/Mixin) Mixing fixes.minecraft.entity.MixinAxolotlEntity from viafabricplus.mixins.json into net.minecraft.entity.passive.AxolotlEntity
[13:06:23] [main/DEBUG] (FabricLoader/Mixin) Mixing fixes.minecraft.entity.MixinBoatEntity from viafabricplus.mixins.json into net.minecraft.entity.vehicle.BoatEntity
[13:06:23] [main/DEBUG] (FabricLoader/Mixin) Renaming synthetic method lambda$tick1_8$0(Lnet/minecraft/util/math/BlockPos;)Z to mdfed865$viafabricplus$lambda$tick1_8$0$0 in viafabricplus.mixins.json:fixes.minecraft.entity.MixinBoatEntity from mod viafabricplus
[13:06:23] [main/DEBUG] (FabricLoader/Mixin) viafabricplus.mixins.json:fixes.minecraft.entity.MixinBoatEntity from mod viafabricplus->@Inject::pushAwayFrom1_8(Lnet/minecraft/entity/Entity;Lorg/spongepowered/asm/mixin/injection/callback/CallbackInfo;)V does use it's CallbackInfo
[13:06:23] [main/DEBUG] (FabricLoader/Mixin) viafabricplus.mixins.json:fixes.minecraft.entity.MixinBoatEntity from mod viafabricplus->@Inject::updateTrackedPositionAndAngles1_8(DDDFFILorg/spongepowered/asm/mixin/injection/callback/CallbackInfo;)V does use it's CallbackInfo
[13:06:23] [main/DEBUG] (FabricLoader/Mixin) viafabricplus.mixins.json:fixes.minecraft.entity.MixinBoatEntity from mod viafabricplus->@Inject::tick1_8(Lorg/spongepowered/asm/mixin/injection/callback/CallbackInfo;)V does use it's CallbackInfo
[13:06:23] [main/DEBUG] (FabricLoader/Mixin) viafabricplus.mixins.json:fixes.minecraft.entity.MixinBoatEntity from mod viafabricplus->@Inject::updatePassengerPosition1_8(Lnet/minecraft/entity/Entity;Lnet/minecraft/entity/Entity$PositionUpdater;Lorg/spongepowered/asm/mixin/injection/callback/CallbackInfo;)V does use it's CallbackInfo
[13:06:23] [main/DEBUG] (FabricLoader/Mixin) viafabricplus.mixins.json:fixes.minecraft.entity.MixinBoatEntity from mod viafabricplus->@Inject::onPassengerLookAround1_8(Lnet/minecraft/entity/Entity;Lorg/spongepowered/asm/mixin/injection/callback/CallbackInfo;)V does use it's CallbackInfo
[13:06:23] [main/DEBUG] (FabricLoader/Mixin) viafabricplus.mixins.json:fixes.minecraft.entity.MixinBoatEntity from mod viafabricplus->@Inject::fall1_8(DZLnet/minecraft/block/BlockState;Lnet/minecraft/util/math/BlockPos;Lorg/spongepowered/asm/mixin/injection/callback/CallbackInfo;)V does use it's CallbackInfo
[13:06:23] [main/DEBUG] (FabricLoader/Mixin) viafabricplus.mixins.json:fixes.minecraft.entity.MixinBoatEntity from mod viafabricplus->@Inject::canAddPassenger1_8(Lnet/minecraft/entity/Entity;Lorg/spongepowered/asm/mixin/injection/callback/CallbackInfoReturnable;)V does use it's CallbackInfoReturnable
[13:06:23] [main/DEBUG] (FabricLoader/Mixin) Mixing fixes.minecraft.entity.MixinCamelEntity from viafabricplus.mixins.json into net.minecraft.entity.passive.CamelEntity
[13:06:23] [main/DEBUG] (FabricLoader/Mixin) Mixing fixes.minecraft.entity.MixinAbstractHorseEntity from viafabricplus.mixins.json into net.minecraft.entity.passive.AbstractHorseEntity
[13:06:23] [main/DEBUG] (FabricLoader/Mixin) Mixing fixes.minecraft.entity.MixinCatEntity from viafabricplus.mixins.json into net.minecraft.entity.passive.CatEntity
[13:06:23] [main/DEBUG] (FabricLoader/Mixin) viafabricplus.mixins.json:fixes.minecraft.entity.MixinCatEntity from mod viafabricplus->@Inject::interactMob1_20_4(Lnet/minecraft/entity/player/PlayerEntity;Lnet/minecraft/util/Hand;Lorg/spongepowered/asm/mixin/injection/callback/CallbackInfoReturnable;)V does use it's CallbackInfoReturnable
[13:06:23] [main/DEBUG] (FabricLoader/Mixin) Mixing fixes.minecraft.entity.MixinCowEntity from viafabricplus.mixins.json into net.minecraft.entity.passive.CowEntity
[13:06:23] [main/DEBUG] (FabricLoader/Mixin) viafabricplus.mixins.json:fixes.minecraft.entity.MixinCowEntity from mod viafabricplus->@Inject::disableMilkingInCreative(Lnet/minecraft/entity/player/PlayerEntity;Lnet/minecraft/util/Hand;Lorg/spongepowered/asm/mixin/injection/callback/CallbackInfoReturnable;)V does use it's CallbackInfoReturnable
[13:06:23] [main/DEBUG] (FabricLoader/Mixin) Mixing fixes.minecraft.entity.MixinCreeperEntity from viafabricplus.mixins.json into net.minecraft.entity.mob.CreeperEntity
[13:06:23] [main/DEBUG] (FabricLoader/Mixin) Mixing ServerPlayerEntityMixin from fabric-entity-events-v1.mixins.json into net.minecraft.server.network.ServerPlayerEntity
[13:06:23] [main/DEBUG] (FabricLoader/Mixin) fabric-entity-events-v1.mixins.json:ServerPlayerEntityMixin from mod fabric-entity-events-v1: Class version 65 required is higher than the class version supported by the current version of Mixin (JAVA_17 supports class version 61)
[13:06:23] [main/DEBUG] (FabricLoader/Mixin) Mixing ServerPlayerEntityMixin from fabric-events-interaction-v0.mixins.json into net.minecraft.server.network.ServerPlayerEntity
[13:06:23] [main/DEBUG] (FabricLoader/Mixin) fabric-events-interaction-v0.mixins.json:ServerPlayerEntityMixin from mod fabric-events-interaction-v0: Class version 65 required is higher than the class version supported by the current version of Mixin (JAVA_17 supports class version 61)
[13:06:23] [main/DEBUG] (FabricLoader/Mixin) Mixing ServerPlayerEntityMixin from fabric-screen-handler-api-v1.mixins.json into net.minecraft.server.network.ServerPlayerEntity
[13:06:23] [main/DEBUG] (FabricLoader/Mixin) fabric-screen-handler-api-v1.mixins.json:ServerPlayerEntityMixin from mod fabric-screen-handler-api-v1: Class version 65 required is higher than the class version supported by the current version of Mixin (JAVA_17 supports class version 61)
[13:06:23] [main/DEBUG] (FabricLoader/Mixin) fabric-entity-events-v1.mixins.json:ServerPlayerEntityMixin from mod fabric-entity-events-v1->@Inject::callOnKillForPlayer(Lnet/minecraft/entity/damage/DamageSource;Lorg/spongepowered/asm/mixin/injection/callback/CallbackInfo;)V doesn't use it's CallbackInfo
[13:06:23] [main/DEBUG] (FabricLoader/Mixin) fabric-entity-events-v1.mixins.json:ServerPlayerEntityMixin from mod fabric-entity-events-v1->@Inject::callOnKillForPlayer(Lnet/minecraft/entity/damage/DamageSource;Lorg/spongepowered/asm/mixin/injection/callback/CallbackInfo;)V has 0 override(s) in child classes
[13:06:23] [main/DEBUG] (FabricLoader/Mixin) fabric-entity-events-v1.mixins.json:ServerPlayerEntityMixin from mod fabric-entity-events-v1->@Inject::callOnKillForPlayer(Lnet/minecraft/entity/damage/DamageSource;Lorg/spongepowered/asm/mixin/injection/callback/CallbackInfo;)V won't be passed a CallbackInfo as a result
[13:06:23] [main/DEBUG] (FabricLoader/Mixin) fabric-entity-events-v1.mixins.json:ServerPlayerEntityMixin from mod fabric-entity-events-v1->@Inject::notifyDeath(Lnet/minecraft/entity/damage/DamageSource;Lorg/spongepowered/asm/mixin/injection/callback/CallbackInfo;)V doesn't use it's CallbackInfo
[13:06:23] [main/DEBUG] (FabricLoader/Mixin) fabric-entity-events-v1.mixins.json:ServerPlayerEntityMixin from mod fabric-entity-events-v1->@Inject::notifyDeath(Lnet/minecraft/entity/damage/DamageSource;Lorg/spongepowered/asm/mixin/injection/callback/CallbackInfo;)V has 0 override(s) in child classes
[13:06:23] [main/DEBUG] (FabricLoader/Mixin) fabric-entity-events-v1.mixins.json:ServerPlayerEntityMixin from mod fabric-entity-events-v1->@Inject::notifyDeath(Lnet/minecraft/entity/damage/DamageSource;Lorg/spongepowered/asm/mixin/injection/callback/CallbackInfo;)V won't be passed a CallbackInfo as a result
[13:06:23] [main/DEBUG] (FabricLoader/Mixin) fabric-entity-events-v1.mixins.json:ServerPlayerEntityMixin from mod fabric-entity-events-v1->@Inject::afterWorldChanged(Lnet/minecraft/server/world/ServerWorld;Lorg/spongepowered/asm/mixin/injection/callback/CallbackInfo;)V doesn't use it's CallbackInfo
[13:06:23] [main/DEBUG] (FabricLoader/Mixin) fabric-entity-events-v1.mixins.json:ServerPlayerEntityMixin from mod fabric-entity-events-v1->@Inject::afterWorldChanged(Lnet/minecraft/server/world/ServerWorld;Lorg/spongepowered/asm/mixin/injection/callback/CallbackInfo;)V has 0 override(s) in child classes
[13:06:23] [main/DEBUG] (FabricLoader/Mixin) fabric-entity-events-v1.mixins.json:ServerPlayerEntityMixin from mod fabric-entity-events-v1->@Inject::afterWorldChanged(Lnet/minecraft/server/world/ServerWorld;Lorg/spongepowered/asm/mixin/injection/callback/CallbackInfo;)V won't be passed a CallbackInfo as a result
[13:06:23] [main/DEBUG] (FabricLoader/Mixin) fabric-entity-events-v1.mixins.json:ServerPlayerEntityMixin from mod fabric-entity-events-v1->@Inject::onCopyFrom(Lnet/minecraft/server/network/ServerPlayerEntity;ZLorg/spongepowered/asm/mixin/injection/callback/CallbackInfo;)V doesn't use it's CallbackInfo
[13:06:23] [main/DEBUG] (FabricLoader/Mixin) fabric-entity-events-v1.mixins.json:ServerPlayerEntityMixin from mod fabric-entity-events-v1->@Inject::onCopyFrom(Lnet/minecraft/server/network/ServerPlayerEntity;ZLorg/spongepowered/asm/mixin/injection/callback/CallbackInfo;)V has 0 override(s) in child classes
[13:06:23] [main/DEBUG] (FabricLoader/Mixin) fabric-entity-events-v1.mixins.json:ServerPlayerEntityMixin from mod fabric-entity-events-v1->@Inject::onCopyFrom(Lnet/minecraft/server/network/ServerPlayerEntity;ZLorg/spongepowered/asm/mixin/injection/callback/CallbackInfo;)V won't be passed a CallbackInfo as a result
[13:06:23] [main/DEBUG] (FabricLoader/Mixin) fabric-entity-events-v1.mixins.json:ServerPlayerEntityMixin from mod fabric-entity-events-v1->@Inject::onTrySleepDirectionCheck(Lnet/minecraft/util/math/BlockPos;Lorg/spongepowered/asm/mixin/injection/callback/CallbackInfoReturnable;Lnet/minecraft/util/math/Direction;)V does use it's CallbackInfoReturnable
[13:06:23] [main/DEBUG] (FabricLoader/Mixin) fabric-events-interaction-v0.mixins.json:ServerPlayerEntityMixin from mod fabric-events-interaction-v0->@Inject::onPlayerInteractEntity(Lnet/minecraft/entity/Entity;Lorg/spongepowered/asm/mixin/injection/callback/CallbackInfo;)V does use it's CallbackInfo
[13:06:23] [main/DEBUG] (FabricLoader/Mixin) fabric-screen-handler-api-v1.mixins.json:ServerPlayerEntityMixin from mod fabric-screen-handler-api-v1->@Inject::fabric_storeOpenedScreenHandler(Lnet/minecraft/screen/NamedScreenHandlerFactory;Lorg/spongepowered/asm/mixin/injection/callback/CallbackInfoReturnable;Lnet/minecraft/screen/ScreenHandler;)V doesn't use it's CallbackInfoReturnable
[13:06:23] [main/DEBUG] (FabricLoader/Mixin) fabric-screen-handler-api-v1.mixins.json:ServerPlayerEntityMixin from mod fabric-screen-handler-api-v1->@Inject::fabric_storeOpenedScreenHandler(Lnet/minecraft/screen/NamedScreenHandlerFactory;Lorg/spongepowered/asm/mixin/injection/callback/CallbackInfoReturnable;Lnet/minecraft/screen/ScreenHandler;)V has 0 override(s) in child classes
[13:06:23] [main/DEBUG] (FabricLoader/Mixin) fabric-screen-handler-api-v1.mixins.json:ServerPlayerEntityMixin from mod fabric-screen-handler-api-v1->@Inject::fabric_storeOpenedScreenHandler(Lnet/minecraft/screen/NamedScreenHandlerFactory;Lorg/spongepowered/asm/mixin/injection/callback/CallbackInfoReturnable;Lnet/minecraft/screen/ScreenHandler;)V won't be passed a CallbackInfoReturnable as a result
[13:06:23] [main/DEBUG] (FabricLoader/Mixin) Mixing fixes.minecraft.item.MixinItemPlacementContext from viafabricplus.mixins.json into net.minecraft.item.ItemPlacementContext
[13:06:23] [main/DEBUG] (FabricLoader/Mixin) viafabricplus.mixins.json:fixes.minecraft.item.MixinItemPlacementContext from mod viafabricplus->@Inject::getPlayerLookDirection1_12_2(Lorg/spongepowered/asm/mixin/injection/callback/CallbackInfoReturnable;)V does use it's CallbackInfoReturnable
[13:06:23] [main/DEBUG] (FabricLoader/Mixin) viafabricplus.mixins.json:fixes.minecraft.item.MixinItemPlacementContext from mod viafabricplus->@Inject::canPlace1_12_2(Lorg/spongepowered/asm/mixin/injection/callback/CallbackInfoReturnable;)V does use it's CallbackInfoReturnable
[13:06:23] [main/DEBUG] (FabricLoader/Mixin) Mixing fixes.minecraft.entity.MixinSquidEntity from viafabricplus.mixins.json into net.minecraft.entity.passive.SquidEntity
[13:06:23] [main/DEBUG] (FabricLoader/Mixin) viafabricplus.mixins.json:fixes.minecraft.entity.MixinSquidEntity from mod viafabricplus->@Inject::cancelLeashing(Lorg/spongepowered/asm/mixin/injection/callback/CallbackInfoReturnable;)V does use it's CallbackInfoReturnable
[13:06:23] [main/DEBUG] (FabricLoader/Mixin) Mixing MooshroomEntityMixin from fabric-entity-events-v1.mixins.json into net.minecraft.entity.passive.MooshroomEntity
[13:06:23] [main/DEBUG] (FabricLoader/Mixin) fabric-entity-events-v1.mixins.json:MooshroomEntityMixin from mod fabric-entity-events-v1: Class version 65 required is higher than the class version supported by the current version of Mixin (JAVA_17 supports class version 61)
[13:06:23] [main/DEBUG] (FabricLoader/Mixin) Mixing PigEntityMixin from fabric-entity-events-v1.mixins.json into net.minecraft.entity.passive.PigEntity
[13:06:23] [main/DEBUG] (FabricLoader/Mixin) fabric-entity-events-v1.mixins.json:PigEntityMixin from mod fabric-entity-events-v1: Class version 65 required is higher than the class version supported by the current version of Mixin (JAVA_17 supports class version 61)
[13:06:23] [main/DEBUG] (FabricLoader/Mixin) Mixing fixes.minecraft.entity.MixinSkeletonHorseEntity from viafabricplus.mixins.json into net.minecraft.entity.mob.SkeletonHorseEntity
[13:06:23] [main/DEBUG] (FabricLoader/Mixin) viafabricplus.mixins.json:fixes.minecraft.entity.MixinSkeletonHorseEntity from mod viafabricplus->@Inject::modifyBaseMovementSpeedMultiplier(Lorg/spongepowered/asm/mixin/injection/callback/CallbackInfoReturnable;)V does use it's CallbackInfoReturnable
[13:06:23] [main/DEBUG] (FabricLoader/Mixin) Mixing VillagerEntityAccessor from fabric-content-registries-v0.mixins.json into net.minecraft.entity.passive.VillagerEntity
[13:06:23] [main/DEBUG] (FabricLoader/Mixin) fabric-content-registries-v0.mixins.json:VillagerEntityAccessor from mod fabric-content-registries-v0: Class version 65 required is higher than the class version supported by the current version of Mixin (JAVA_17 supports class version 61)
[13:06:23] [main/DEBUG] (FabricLoader/Mixin) Renaming @Accessor method fabric_setItemFoodValues(Ljava/util/Map;)V to fabric_setItemFoodValues$fabric-content-registries-v0_$md$fed865$0 in fabric-content-registries-v0.mixins.json:VillagerEntityAccessor from mod fabric-content-registries-v0
[13:06:23] [main/DEBUG] (FabricLoader/Mixin) Renaming @Accessor method fabric_setGatherableItems(Ljava/util/Set;)V to fabric_setGatherableItems$fabric-content-registries-v0_$md$fed865$1 in fabric-content-registries-v0.mixins.json:VillagerEntityAccessor from mod fabric-content-registries-v0
[13:06:23] [main/DEBUG] (FabricLoader/Mixin) Renaming @Accessor method fabric_getGatherableItems()Ljava/util/Set; to fabric_getGatherableItems$fabric-content-registries-v0_$md$fed865$2 in fabric-content-registries-v0.mixins.json:VillagerEntityAccessor from mod fabric-content-registries-v0
[13:06:23] [main/DEBUG] (FabricLoader/Mixin) Mixing VillagerEntityMixin from fabric-entity-events-v1.mixins.json into net.minecraft.entity.passive.VillagerEntity
[13:06:23] [main/DEBUG] (FabricLoader/Mixin) fabric-entity-events-v1.mixins.json:VillagerEntityMixin from mod fabric-entity-events-v1: Class version 65 required is higher than the class version supported by the current version of Mixin (JAVA_17 supports class version 61)
[13:06:23] [main/DEBUG] (FabricLoader/Mixin) Mixing fixes.minecraft.screen.screenhandler.MixinMerchantScreenHandler from viafabricplus.mixins.json into net.minecraft.screen.MerchantScreenHandler
[13:06:23] [main/DEBUG] (FabricLoader/Mixin) Renaming synthetic method lambda$onSwitchTo$0(Lnet/minecraft/client/network/ClientPlayerInteractionManager;Lnet/minecraft/client/network/ClientPlayerEntity;Lnet/minecraft/village/TradedItem;)V to mdfed865$viafabricplus$lambda$onSwitchTo$0$0 in viafabricplus.mixins.json:fixes.minecraft.screen.screenhandler.MixinMerchantScreenHandler from mod viafabricplus
[13:06:23] [main/DEBUG] (FabricLoader/Mixin) viafabricplus.mixins.json:fixes.minecraft.screen.screenhandler.MixinMerchantScreenHandler from mod viafabricplus->@Inject::onSwitchTo(ILorg/spongepowered/asm/mixin/injection/callback/CallbackInfo;)V does use it's CallbackInfo
[13:06:23] [main/DEBUG] (FabricLoader/Mixin) viafabricplus.mixins.json:fixes.minecraft.screen.screenhandler.MixinMerchantScreenHandler from mod viafabricplus->@Inject::modifyCanInsertIntoSlot(Lnet/minecraft/item/ItemStack;Lnet/minecraft/screen/slot/Slot;Lorg/spongepowered/asm/mixin/injection/callback/CallbackInfoReturnable;)V does use it's CallbackInfoReturnable
[13:06:23] [main/DEBUG] (FabricLoader/Mixin) Mixing fixes.minecraft.entity.MixinWolfEntity from viafabricplus.mixins.json into net.minecraft.entity.passive.WolfEntity
[13:06:23] [main/DEBUG] (FabricLoader/Mixin) viafabricplus.mixins.json:fixes.minecraft.entity.MixinWolfEntity from mod viafabricplus->@Inject::fixWolfInteract(Lnet/minecraft/entity/player/PlayerEntity;Lnet/minecraft/util/Hand;Lorg/spongepowered/asm/mixin/injection/callback/CallbackInfoReturnable;)V does use it's CallbackInfoReturnable
[13:06:23] [main/DEBUG] (FabricLoader/Mixin) Mixing fixes.minecraft.screen.screenhandler.MixinPlayerScreenHandler from viafabricplus.mixins.json into net.minecraft.screen.PlayerScreenHandler
[13:06:23] [main/DEBUG] (FabricLoader/Mixin) viafabricplus.mixins.json:fixes.minecraft.screen.screenhandler.MixinPlayerScreenHandler from mod viafabricplus->@Inject::clientSideCrafting(Lnet/minecraft/inventory/Inventory;Lorg/spongepowered/asm/mixin/injection/callback/CallbackInfo;)V doesn't use it's CallbackInfo
[13:06:23] [main/DEBUG] (FabricLoader/Mixin) viafabricplus.mixins.json:fixes.minecraft.screen.screenhandler.MixinPlayerScreenHandler from mod viafabricplus->@Inject::clientSideCrafting(Lnet/minecraft/inventory/Inventory;Lorg/spongepowered/asm/mixin/injection/callback/CallbackInfo;)V has 0 override(s) in child classes
[13:06:23] [main/DEBUG] (FabricLoader/Mixin) viafabricplus.mixins.json:fixes.minecraft.screen.screenhandler.MixinPlayerScreenHandler from mod viafabricplus->@Inject::clientSideCrafting(Lnet/minecraft/inventory/Inventory;Lorg/spongepowered/asm/mixin/injection/callback/CallbackInfo;)V won't be passed a CallbackInfo as a result
[13:06:23] [main/DEBUG] (FabricLoader/Mixin) Mixing ingredient.IngredientMixin from fabric-recipe-api-v1.mixins.json into net.minecraft.recipe.Ingredient
[13:06:23] [main/DEBUG] (FabricLoader/Mixin) fabric-recipe-api-v1.mixins.json:ingredient.IngredientMixin from mod fabric-recipe-api-v1: Class version 65 required is higher than the class version supported by the current version of Mixin (JAVA_17 supports class version 61)
[13:06:23] [main/DEBUG] (FabricLoader/Mixin) Renaming synthetic method lambda$injectCodec$3(Lnet/minecraft/recipe/Ingredient;)Lcom/mojang/datafixers/util/Either; to mdfed865$fabric-recipe-api-v1$lambda$injectCodec$3$0 in fabric-recipe-api-v1.mixins.json:ingredient.IngredientMixin from mod fabric-recipe-api-v1
[13:06:23] [main/DEBUG] (FabricLoader/Mixin) Renaming synthetic method lambda$injectCodec$2(Lcom/mojang/datafixers/util/Either;)Lnet/minecraft/recipe/Ingredient; to mdfed865$fabric-recipe-api-v1$lambda$injectCodec$2$1 in fabric-recipe-api-v1.mixins.json:ingredient.IngredientMixin from mod fabric-recipe-api-v1
[13:06:23] [main/DEBUG] (FabricLoader/Mixin) Renaming synthetic method lambda$injectCodec$1(Lnet/minecraft/recipe/Ingredient;)Lnet/minecraft/recipe/Ingredient; to mdfed865$fabric-recipe-api-v1$lambda$injectCodec$1$2 in fabric-recipe-api-v1.mixins.json:ingredient.IngredientMixin from mod fabric-recipe-api-v1
[13:06:23] [main/DEBUG] (FabricLoader/Mixin) Renaming synthetic method lambda$injectCodec$0(ZLnet/fabricmc/fabric/api/recipe/v1/ingredient/CustomIngredientSerializer;)Lcom/mojang/serialization/MapCodec; to mdfed865$fabric-recipe-api-v1$lambda$injectCodec$0$3 in fabric-recipe-api-v1.mixins.json:ingredient.IngredientMixin from mod fabric-recipe-api-v1
[13:06:23] [main/DEBUG] (FabricLoader/Mixin) fabric-recipe-api-v1.mixins.json:ingredient.IngredientMixin from mod fabric-recipe-api-v1->@Inject::injectCodec(ZLorg/spongepowered/asm/mixin/injection/callback/CallbackInfoReturnable;)V does use it's CallbackInfoReturnable
[13:06:24] [main/DEBUG] (FabricLoader/Mixin) Mixing EntitySelectorOptionsAccessor from fabric-command-api-v2.mixins.json into net.minecraft.command.EntitySelectorOptions
[13:06:24] [main/DEBUG] (FabricLoader/Mixin) fabric-command-api-v2.mixins.json:EntitySelectorOptionsAccessor from mod fabric-command-api-v2: Class version 65 required is higher than the class version supported by the current version of Mixin (JAVA_17 supports class version 61)
[13:06:24] [main/DEBUG] (FabricLoader/Mixin) Renaming @Invoker method callPutOption(Ljava/lang/String;Lnet/minecraft/command/EntitySelectorOptions$SelectorHandler;Ljava/util/function/Predicate;Lnet/minecraft/text/Text;)V to callPutOption$fabric-command-api-v2_$md$fed865$0 in fabric-command-api-v2.mixins.json:EntitySelectorOptionsAccessor from mod fabric-command-api-v2
[13:06:24] [main/DEBUG] (FabricLoader/Mixin) Mixing EntitySelectorReaderMixin from fabric-command-api-v2.mixins.json into net.minecraft.command.EntitySelectorReader
[13:06:24] [main/DEBUG] (FabricLoader/Mixin) fabric-command-api-v2.mixins.json:EntitySelectorReaderMixin from mod fabric-command-api-v2: Class version 65 required is higher than the class version supported by the current version of Mixin (JAVA_17 supports class version 61)
[13:06:24] [main/DEBUG] (FabricLoader/Mixin) Mixing fixes.minecraft.screen.screenhandler.MixinAbstractFurnaceScreenHandler from viafabricplus.mixins.json into net.minecraft.screen.AbstractFurnaceScreenHandler
[13:06:24] [main/DEBUG] (FabricLoader/Mixin) Mixing BlockEntityTypeBuilderMixin from fabric-object-builder-v1.mixins.json into net.minecraft.block.entity.BlockEntityType$Builder
[13:06:24] [main/DEBUG] (FabricLoader/Mixin) fabric-object-builder-v1.mixins.json:BlockEntityTypeBuilderMixin from mod fabric-object-builder-api-v1: Class version 65 required is higher than the class version supported by the current version of Mixin (JAVA_17 supports class version 61)
[13:06:24] [main/DEBUG] (FabricLoader/Mixin) Generating mapped inner class net/minecraft/block/entity/ChiseledBookshelfBlockEntity$Anonymous$771131600335462fb72962f26224054d (originally net/fabricmc/fabric/mixin/transfer/ChiseledBookshelfBlockEntityMixin$1)
[13:06:24] [main/DEBUG] (FabricLoader/Mixin) Mixing fixes.minecraft.MixinPlayerInventory from viafabricplus.mixins.json into net.minecraft.entity.player.PlayerInventory
[13:06:24] [main/DEBUG] (FabricLoader/Mixin) Mixing SimpleInventoryMixin from fabric-transfer-api-v1.mixins.json into net.minecraft.inventory.SimpleInventory
[13:06:24] [main/DEBUG] (FabricLoader/Mixin) fabric-transfer-api-v1.mixins.json:SimpleInventoryMixin from mod fabric-transfer-api-v1: Class version 65 required is higher than the class version supported by the current version of Mixin (JAVA_17 supports class version 61)
[13:06:24] [main/DEBUG] (FabricLoader/Mixin) Mixing fixes.minecraft.screen.screenhandler.MixinBrewingStandScreenHandler_FuelSlot from viafabricplus.mixins.json into net.minecraft.screen.BrewingStandScreenHandler$FuelSlot
[13:06:24] [main/DEBUG] (FabricLoader/Mixin) viafabricplus.mixins.json:fixes.minecraft.screen.screenhandler.MixinBrewingStandScreenHandler_FuelSlot from mod viafabricplus->@Inject::removeFuelSlot(Lorg/spongepowered/asm/mixin/injection/callback/CallbackInfoReturnable;)V does use it's CallbackInfoReturnable
[13:06:24] [main/DEBUG] (FabricLoader/Mixin) Mixing fixes.minecraft.entity.MixinClientPlayerEntity from viafabricplus.mixins.json into net.minecraft.client.network.ClientPlayerEntity
[13:06:24] [main/DEBUG] (FabricLoader/Mixin) viafabricplus.mixins.json:fixes.minecraft.entity.MixinClientPlayerEntity from mod viafabricplus->@Inject::setRotationsWhenInBoat(Lnet/minecraft/entity/Entity;ZLorg/spongepowered/asm/mixin/injection/callback/CallbackInfoReturnable;)V does use it's CallbackInfoReturnable
[13:06:24] [main/DEBUG] (FabricLoader/Mixin) viafabricplus.mixins.json:fixes.minecraft.entity.MixinClientPlayerEntity from mod viafabricplus->@Inject::setRotationsWhenInBoat(Lnet/minecraft/entity/Entity;ZLorg/spongepowered/asm/mixin/injection/callback/CallbackInfoReturnable;)V does use it's CallbackInfoReturnable
[13:06:24] [main/DEBUG] (FabricLoader/Mixin) viafabricplus.mixins.json:fixes.minecraft.entity.MixinClientPlayerEntity from mod viafabricplus->@Inject::injectTickMovement(Lorg/spongepowered/asm/mixin/injection/callback/CallbackInfo;)V doesn't use it's CallbackInfo
[13:06:24] [main/DEBUG] (FabricLoader/Mixin) viafabricplus.mixins.json:fixes.minecraft.entity.MixinClientPlayerEntity from mod viafabricplus->@Inject::injectTickMovement(Lorg/spongepowered/asm/mixin/injection/callback/CallbackInfo;)V has 0 override(s) in child classes
[13:06:24] [main/DEBUG] (FabricLoader/Mixin) viafabricplus.mixins.json:fixes.minecraft.entity.MixinClientPlayerEntity from mod viafabricplus->@Inject::injectTickMovement(Lorg/spongepowered/asm/mixin/injection/callback/CallbackInfo;)V won't be passed a CallbackInfo as a result
[13:06:24] [main/DEBUG] (FabricLoader/Mixin) viafabricplus.mixins.json:fixes.minecraft.entity.MixinClientPlayerEntity from mod viafabricplus->@Inject::easierUnderwaterSprinting(Lorg/spongepowered/asm/mixin/injection/callback/CallbackInfoReturnable;)V does use it's CallbackInfoReturnable
[13:06:24] [main/DEBUG] (FabricLoader/Mixin) viafabricplus.mixins.json:fixes.minecraft.entity.MixinClientPlayerEntity from mod viafabricplus->@Inject::removeSneakingConditions(Lorg/spongepowered/asm/mixin/injection/callback/CallbackInfo;)V doesn't use it's CallbackInfo
[13:06:24] [main/DEBUG] (FabricLoader/Mixin) viafabricplus.mixins.json:fixes.minecraft.entity.MixinClientPlayerEntity from mod viafabricplus->@Inject::removeSneakingConditions(Lorg/spongepowered/asm/mixin/injection/callback/CallbackInfo;)V has 0 override(s) in child classes
[13:06:24] [main/DEBUG] (FabricLoader/Mixin) viafabricplus.mixins.json:fixes.minecraft.entity.MixinClientPlayerEntity from mod viafabricplus->@Inject::removeSneakingConditions(Lorg/spongepowered/asm/mixin/injection/callback/CallbackInfo;)V won't be passed a CallbackInfo as a result
[13:06:24] [main/DEBUG] (FabricLoader/Mixin) viafabricplus.mixins.json:fixes.minecraft.entity.MixinClientPlayerEntity from mod viafabricplus->@Inject::setOpLevel4(Lorg/spongepowered/asm/mixin/injection/callback/CallbackInfo;)V doesn't use it's CallbackInfo
[13:06:24] [main/DEBUG] (FabricLoader/Mixin) viafabricplus.mixins.json:fixes.minecraft.entity.MixinClientPlayerEntity from mod viafabricplus->@Inject::setOpLevel4(Lorg/spongepowered/asm/mixin/injection/callback/CallbackInfo;)V has 0 override(s) in child classes
[13:06:24] [main/DEBUG] (FabricLoader/Mixin) viafabricplus.mixins.json:fixes.minecraft.entity.MixinClientPlayerEntity from mod viafabricplus->@Inject::setOpLevel4(Lorg/spongepowered/asm/mixin/injection/callback/CallbackInfo;)V won't be passed a CallbackInfo as a result
[13:06:24] [main/DEBUG] (FabricLoader/Mixin) viafabricplus.mixins.json:fixes.minecraft.entity.MixinClientPlayerEntity from mod viafabricplus->@Inject::moveLastPosPacketIncrement(Lorg/spongepowered/asm/mixin/injection/callback/CallbackInfo;)V doesn't use it's CallbackInfo
[13:06:24] [main/DEBUG] (FabricLoader/Mixin) viafabricplus.mixins.json:fixes.minecraft.entity.MixinClientPlayerEntity from mod viafabricplus->@Inject::moveLastPosPacketIncrement(Lorg/spongepowered/asm/mixin/injection/callback/CallbackInfo;)V has 0 override(s) in child classes
[13:06:24] [main/DEBUG] (FabricLoader/Mixin) viafabricplus.mixins.json:fixes.minecraft.entity.MixinClientPlayerEntity from mod viafabricplus->@Inject::moveLastPosPacketIncrement(Lorg/spongepowered/asm/mixin/injection/callback/CallbackInfo;)V won't be passed a CallbackInfo as a result
[13:06:24] [main/DEBUG] (FabricLoader/Mixin) Mixing fixes.minecraft.entity.MixinAbstractClientPlayerEntity from viafabricplus.mixins.json into net.minecraft.client.network.AbstractClientPlayerEntity
[13:06:24] [main/DEBUG] (FabricLoader/Mixin) viafabricplus.mixins.json:fixes.minecraft.entity.MixinAbstractClientPlayerEntity from mod viafabricplus->@Inject::fixCreativeCheck(Lorg/spongepowered/asm/mixin/injection/callback/CallbackInfoReturnable;)V does use it's CallbackInfoReturnable
[13:06:24] [main/DEBUG] (FabricLoader/Mixin) Mixing RecipeMixin from fabric-item-api-v1.mixins.json into net.minecraft.recipe.Recipe
[13:06:24] [main/DEBUG] (FabricLoader/Mixin) fabric-item-api-v1.mixins.json:RecipeMixin from mod fabric-item-api-v1: Class version 65 required is higher than the class version supported by the current version of Mixin (JAVA_17 supports class version 61)
[13:06:24] [main/DEBUG] (FabricLoader/Mixin) fabric-item-api-v1.mixins.json:RecipeMixin from mod fabric-item-api-v1->@Inject::captureStack(Lnet/minecraft/recipe/input/RecipeInput;Lorg/spongepowered/asm/mixin/injection/callback/CallbackInfoReturnable;Lnet/minecraft/util/collection/DefaultedList;I)V doesn't use it's CallbackInfoReturnable
[13:06:24] [main/DEBUG] (FabricLoader/Mixin) fabric-item-api-v1.mixins.json:RecipeMixin from mod fabric-item-api-v1->@Inject::captureStack(Lnet/minecraft/recipe/input/RecipeInput;Lorg/spongepowered/asm/mixin/injection/callback/CallbackInfoReturnable;Lnet/minecraft/util/collection/DefaultedList;I)V has 0 override(s) in child classes
[13:06:24] [main/DEBUG] (FabricLoader/Mixin) fabric-item-api-v1.mixins.json:RecipeMixin from mod fabric-item-api-v1->@Inject::captureStack(Lnet/minecraft/recipe/input/RecipeInput;Lorg/spongepowered/asm/mixin/injection/callback/CallbackInfoReturnable;Lnet/minecraft/util/collection/DefaultedList;I)V won't be passed a CallbackInfoReturnable as a result
[13:06:24] [main/DEBUG] (FabricLoader/Mixin) Mixing ingredient.ShapelessRecipeMixin from fabric-recipe-api-v1.mixins.json into net.minecraft.recipe.ShapelessRecipe
[13:06:24] [main/DEBUG] (FabricLoader/Mixin) fabric-recipe-api-v1.mixins.json:ingredient.ShapelessRecipeMixin from mod fabric-recipe-api-v1: Class version 65 required is higher than the class version supported by the current version of Mixin (JAVA_17 supports class version 61)
[13:06:24] [main/DEBUG] (FabricLoader/Mixin) fabric-recipe-api-v1.mixins.json:ingredient.ShapelessRecipeMixin from mod fabric-recipe-api-v1->@Inject::cacheRequiresTesting(Ljava/lang/String;Lnet/minecraft/recipe/book/CraftingRecipeCategory;Lnet/minecraft/item/ItemStack;Lnet/minecraft/util/collection/DefaultedList;Lorg/spongepowered/asm/mixin/injection/callback/CallbackInfo;)V doesn't use it's CallbackInfo
[13:06:24] [main/DEBUG] (FabricLoader/Mixin) fabric-recipe-api-v1.mixins.json:ingredient.ShapelessRecipeMixin from mod fabric-recipe-api-v1->@Inject::cacheRequiresTesting(Ljava/lang/String;Lnet/minecraft/recipe/book/CraftingRecipeCategory;Lnet/minecraft/item/ItemStack;Lnet/minecraft/util/collection/DefaultedList;Lorg/spongepowered/asm/mixin/injection/callback/CallbackInfo;)V has 0 override(s) in child classes
[13:06:24] [main/DEBUG] (FabricLoader/Mixin) fabric-recipe-api-v1.mixins.json:ingredient.ShapelessRecipeMixin from mod fabric-recipe-api-v1->@Inject::cacheRequiresTesting(Ljava/lang/String;Lnet/minecraft/recipe/book/CraftingRecipeCategory;Lnet/minecraft/item/ItemStack;Lnet/minecraft/util/collection/DefaultedList;Lorg/spongepowered/asm/mixin/injection/callback/CallbackInfo;)V won't be passed a CallbackInfo as a result
[13:06:24] [main/DEBUG] (FabricLoader/Mixin) fabric-recipe-api-v1.mixins.json:ingredient.ShapelessRecipeMixin from mod fabric-recipe-api-v1->@Inject::customIngredientMatch(Lnet/minecraft/recipe/input/CraftingRecipeInput;Lnet/minecraft/world/World;Lorg/spongepowered/asm/mixin/injection/callback/CallbackInfoReturnable;)V does use it's CallbackInfoReturnable
[13:06:24] [main/DEBUG] (FabricLoader/Mixin) Mixing EnchantRandomlyLootFunctionMixin from fabric-item-api-v1.mixins.json into net.minecraft.loot.function.EnchantRandomlyLootFunction
[13:06:24] [main/DEBUG] (FabricLoader/Mixin) fabric-item-api-v1.mixins.json:EnchantRandomlyLootFunctionMixin from mod fabric-item-api-v1: Class version 65 required is higher than the class version supported by the current version of Mixin (JAVA_17 supports class version 61)
[13:06:24] [main/DEBUG] (FabricLoader/Mixin) Mixing LootTableAccessor from fabric-loot-api-v3.mixins.json into net.minecraft.loot.LootTable
[13:06:24] [main/DEBUG] (FabricLoader/Mixin) fabric-loot-api-v3.mixins.json:LootTableAccessor from mod fabric-loot-api-v3: Class version 65 required is higher than the class version supported by the current version of Mixin (JAVA_17 supports class version 61)
[13:06:24] [main/DEBUG] (FabricLoader/Mixin) Mixing LootPoolAccessor from fabric-loot-api-v3.mixins.json into net.minecraft.loot.LootPool
[13:06:24] [main/DEBUG] (FabricLoader/Mixin) fabric-loot-api-v3.mixins.json:LootPoolAccessor from mod fabric-loot-api-v3: Class version 65 required is higher than the class version supported by the current version of Mixin (JAVA_17 supports class version 61)
[13:06:25] [main/DEBUG] (FabricLoader/Mixin) Mixing StructureTemplateManagerMixin from fabric-gametest-api-v1.mixins.json into net.minecraft.structure.StructureTemplateManager
[13:06:25] [main/DEBUG] (FabricLoader/Mixin) fabric-gametest-api-v1.mixins.json:StructureTemplateManagerMixin from mod fabric-gametest-api-v1: Class version 65 required is higher than the class version supported by the current version of Mixin (JAVA_17 supports class version 61)
[13:06:25] [main/DEBUG] (FabricLoader/Mixin) fabric-gametest-api-v1.mixins.json:StructureTemplateManagerMixin from mod fabric-gametest-api-v1->@Inject::addFabricTemplateProvider(Lnet/minecraft/resource/ResourceManager;Lnet/minecraft/world/level/storage/LevelStorage$Session;Lcom/mojang/datafixers/DataFixer;Lnet/minecraft/registry/RegistryEntryLookup;Lorg/spongepowered/asm/mixin/injection/callback/CallbackInfo;Lcom/google/common/collect/ImmutableList$Builder;)V doesn't use it's CallbackInfo
[13:06:25] [main/DEBUG] (FabricLoader/Mixin) fabric-gametest-api-v1.mixins.json:StructureTemplateManagerMixin from mod fabric-gametest-api-v1->@Inject::addFabricTemplateProvider(Lnet/minecraft/resource/ResourceManager;Lnet/minecraft/world/level/storage/LevelStorage$Session;Lcom/mojang/datafixers/DataFixer;Lnet/minecraft/registry/RegistryEntryLookup;Lorg/spongepowered/asm/mixin/injection/callback/CallbackInfo;Lcom/google/common/collect/ImmutableList$Builder;)V has 0 override(s) in child classes
[13:06:25] [main/DEBUG] (FabricLoader/Mixin) fabric-gametest-api-v1.mixins.json:StructureTemplateManagerMixin from mod fabric-gametest-api-v1->@Inject::addFabricTemplateProvider(Lnet/minecraft/resource/ResourceManager;Lnet/minecraft/world/level/storage/LevelStorage$Session;Lcom/mojang/datafixers/DataFixer;Lnet/minecraft/registry/RegistryEntryLookup;Lorg/spongepowered/asm/mixin/injection/callback/CallbackInfo;Lcom/google/common/collect/ImmutableList$Builder;)V won't be passed a CallbackInfo as a result
[13:06:25] [main/DEBUG] (FabricLoader/Mixin) Mixing BiomeSourceMixin from fabric-biome-api-v1.mixins.json into net.minecraft.world.biome.source.BiomeSource
[13:06:25] [main/DEBUG] (FabricLoader/Mixin) fabric-biome-api-v1.mixins.json:BiomeSourceMixin from mod fabric-biome-api-v1: Class version 65 required is higher than the class version supported by the current version of Mixin (JAVA_17 supports class version 61)
[13:06:25] [main/DEBUG] (FabricLoader/Mixin) Mixing MultiNoiseBiomeSourceMixin from fabric-biome-api-v1.mixins.json into net.minecraft.world.biome.source.MultiNoiseBiomeSource
[13:06:25] [main/DEBUG] (FabricLoader/Mixin) fabric-biome-api-v1.mixins.json:MultiNoiseBiomeSourceMixin from mod fabric-biome-api-v1: Class version 65 required is higher than the class version supported by the current version of Mixin (JAVA_17 supports class version 61)
[13:06:25] [main/DEBUG] (FabricLoader/Mixin) Mixing NetherBiomePresetMixin from fabric-biome-api-v1.mixins.json into net.minecraft.world.biome.source.MultiNoiseBiomeSourceParameterList$Preset$1
[13:06:25] [main/DEBUG] (FabricLoader/Mixin) fabric-biome-api-v1.mixins.json:NetherBiomePresetMixin from mod fabric-biome-api-v1: Class version 65 required is higher than the class version supported by the current version of Mixin (JAVA_17 supports class version 61)
[13:06:25] [main/DEBUG] (FabricLoader/Mixin) fabric-biome-api-v1.mixins.json:NetherBiomePresetMixin from mod fabric-biome-api-v1->@Inject::apply(Ljava/util/function/Function;Lorg/spongepowered/asm/mixin/injection/callback/CallbackInfoReturnable;)V does use it's CallbackInfoReturnable
[13:06:25] [main/DEBUG] (FabricLoader/Mixin) Mixing TheEndBiomeSourceMixin from fabric-biome-api-v1.mixins.json into net.minecraft.world.biome.source.TheEndBiomeSource
[13:06:25] [main/DEBUG] (FabricLoader/Mixin) fabric-biome-api-v1.mixins.json:TheEndBiomeSourceMixin from mod fabric-biome-api-v1: Class version 65 required is higher than the class version supported by the current version of Mixin (JAVA_17 supports class version 61)
[13:06:25] [main/DEBUG] (FabricLoader/Mixin) Renaming synthetic method lambda$init$1(Lnet/minecraft/registry/RegistryEntryLookup;)Lnet/fabricmc/fabric/impl/biome/TheEndBiomeData$Overrides; to mdfed865$fabric-biome-api-v1$lambda$init$1$0 in fabric-biome-api-v1.mixins.json:TheEndBiomeSourceMixin from mod fabric-biome-api-v1
[13:06:25] [main/DEBUG] (FabricLoader/Mixin) Renaming synthetic method lambda$modifyCodec$0(Lcom/mojang/serialization/codecs/RecordCodecBuilder$Instance;)Lcom/mojang/datafixers/kinds/App; to mdfed865$fabric-biome-api-v1$lambda$modifyCodec$0$1 in fabric-biome-api-v1.mixins.json:TheEndBiomeSourceMixin from mod fabric-biome-api-v1
[13:06:25] [main/DEBUG] (FabricLoader/Mixin) fabric-biome-api-v1.mixins.json:TheEndBiomeSourceMixin from mod fabric-biome-api-v1->@Inject::modifyCodec(Lorg/spongepowered/asm/mixin/injection/callback/CallbackInfo;)V doesn't use it's CallbackInfo
[13:06:25] [main/DEBUG] (FabricLoader/Mixin) fabric-biome-api-v1.mixins.json:TheEndBiomeSourceMixin from mod fabric-biome-api-v1->@Inject::rememberLookup(Lnet/minecraft/registry/RegistryEntryLookup;Lorg/spongepowered/asm/mixin/injection/callback/CallbackInfoReturnable;)V doesn't use it's CallbackInfoReturnable
[13:06:25] [main/DEBUG] (FabricLoader/Mixin) fabric-biome-api-v1.mixins.json:TheEndBiomeSourceMixin from mod fabric-biome-api-v1->@Inject::clearLookup(Lnet/minecraft/registry/RegistryEntryLookup;Lorg/spongepowered/asm/mixin/injection/callback/CallbackInfoReturnable;)V doesn't use it's CallbackInfoReturnable
[13:06:25] [main/DEBUG] (FabricLoader/Mixin) fabric-biome-api-v1.mixins.json:TheEndBiomeSourceMixin from mod fabric-biome-api-v1->@Inject::init(Lnet/minecraft/registry/entry/RegistryEntry;Lnet/minecraft/registry/entry/RegistryEntry;Lnet/minecraft/registry/entry/RegistryEntry;Lnet/minecraft/registry/entry/RegistryEntry;Lnet/minecraft/registry/entry/RegistryEntry;Lorg/spongepowered/asm/mixin/injection/callback/CallbackInfo;)V doesn't use it's CallbackInfo
[13:06:25] [main/DEBUG] (FabricLoader/Mixin) fabric-biome-api-v1.mixins.json:TheEndBiomeSourceMixin from mod fabric-biome-api-v1->@Inject::init(Lnet/minecraft/registry/entry/RegistryEntry;Lnet/minecraft/registry/entry/RegistryEntry;Lnet/minecraft/registry/entry/RegistryEntry;Lnet/minecraft/registry/entry/RegistryEntry;Lnet/minecraft/registry/entry/RegistryEntry;Lorg/spongepowered/asm/mixin/injection/callback/CallbackInfo;)V has 0 override(s) in child classes
[13:06:25] [main/DEBUG] (FabricLoader/Mixin) fabric-biome-api-v1.mixins.json:TheEndBiomeSourceMixin from mod fabric-biome-api-v1->@Inject::init(Lnet/minecraft/registry/entry/RegistryEntry;Lnet/minecraft/registry/entry/RegistryEntry;Lnet/minecraft/registry/entry/RegistryEntry;Lnet/minecraft/registry/entry/RegistryEntry;Lnet/minecraft/registry/entry/RegistryEntry;Lorg/spongepowered/asm/mixin/injection/callback/CallbackInfo;)V won't be passed a CallbackInfo as a result
[13:06:25] [main/DEBUG] (FabricLoader/Mixin) fabric-biome-api-v1.mixins.json:TheEndBiomeSourceMixin from mod fabric-biome-api-v1->@Inject::getWeightedEndBiome(IIILnet/minecraft/world/biome/source/util/MultiNoiseUtil$MultiNoiseSampler;Lorg/spongepowered/asm/mixin/injection/callback/CallbackInfoReturnable;)V does use it's CallbackInfoReturnable
[13:06:25] [main/DEBUG] (FabricLoader/Mixin) fabric-biome-api-v1.mixins.json:TheEndBiomeSourceMixin from mod fabric-biome-api-v1->@Inject::getWeightedEndBiome(IIILnet/minecraft/world/biome/source/util/MultiNoiseUtil$MultiNoiseSampler;Lorg/spongepowered/asm/mixin/injection/callback/CallbackInfoReturnable;)V does use it's CallbackInfoReturnable
[13:06:25] [main/DEBUG] (FabricLoader/Mixin) fabric-biome-api-v1.mixins.json:TheEndBiomeSourceMixin from mod fabric-biome-api-v1->@Inject::getWeightedEndBiome(IIILnet/minecraft/world/biome/source/util/MultiNoiseUtil$MultiNoiseSampler;Lorg/spongepowered/asm/mixin/injection/callback/CallbackInfoReturnable;)V does use it's CallbackInfoReturnable
[13:06:25] [main/DEBUG] (FabricLoader/Mixin) fabric-biome-api-v1.mixins.json:TheEndBiomeSourceMixin from mod fabric-biome-api-v1->@Inject::getWeightedEndBiome(IIILnet/minecraft/world/biome/source/util/MultiNoiseUtil$MultiNoiseSampler;Lorg/spongepowered/asm/mixin/injection/callback/CallbackInfoReturnable;)V does use it's CallbackInfoReturnable
[13:06:25] [main/DEBUG] (FabricLoader/Mixin) fabric-biome-api-v1.mixins.json:TheEndBiomeSourceMixin from mod fabric-biome-api-v1->@Inject::getWeightedEndBiome(IIILnet/minecraft/world/biome/source/util/MultiNoiseUtil$MultiNoiseSampler;Lorg/spongepowered/asm/mixin/injection/callback/CallbackInfoReturnable;)V does use it's CallbackInfoReturnable
[13:06:25] [main/DEBUG] (FabricLoader/Mixin) Mixing DebugChunkGeneratorAccessor from fabric-registry-sync-v0.mixins.json into net.minecraft.world.gen.chunk.DebugChunkGenerator
[13:06:25] [main/DEBUG] (FabricLoader/Mixin) fabric-registry-sync-v0.mixins.json:DebugChunkGeneratorAccessor from mod fabric-registry-sync-v0: Class version 65 required is higher than the class version supported by the current version of Mixin (JAVA_17 supports class version 61)
[13:06:25] [main/DEBUG] (FabricLoader/Mixin) Renaming @Accessor method setBLOCK_STATES(Ljava/util/List;)V to setBLOCK_STATES$fabric-registry-sync-v0_$md$fed865$0 in fabric-registry-sync-v0.mixins.json:DebugChunkGeneratorAccessor from mod fabric-registry-sync-v0
[13:06:25] [main/DEBUG] (FabricLoader/Mixin) Renaming @Accessor method setX_SIDE_LENGTH(I)V to setX_SIDE_LENGTH$fabric-registry-sync-v0_$md$fed865$1 in fabric-registry-sync-v0.mixins.json:DebugChunkGeneratorAccessor from mod fabric-registry-sync-v0
[13:06:25] [main/DEBUG] (FabricLoader/Mixin) Renaming @Accessor method setZ_SIDE_LENGTH(I)V to setZ_SIDE_LENGTH$fabric-registry-sync-v0_$md$fed865$2 in fabric-registry-sync-v0.mixins.json:DebugChunkGeneratorAccessor from mod fabric-registry-sync-v0
[13:06:25] [main/DEBUG] (FabricLoader/Mixin) Mixing DefaultAttributeRegistryAccessor from fabric-object-builder-v1.mixins.json into net.minecraft.entity.attribute.DefaultAttributeRegistry
[13:06:25] [main/DEBUG] (FabricLoader/Mixin) fabric-object-builder-v1.mixins.json:DefaultAttributeRegistryAccessor from mod fabric-object-builder-api-v1: Class version 65 required is higher than the class version supported by the current version of Mixin (JAVA_17 supports class version 61)
[13:06:25] [main/DEBUG] (FabricLoader/Mixin) Renaming @Accessor method getRegistry()Ljava/util/Map; to getRegistry$fabric-object-builder-api-v1_$md$fed865$0 in fabric-object-builder-v1.mixins.json:DefaultAttributeRegistryAccessor from mod fabric-object-builder-api-v1
[13:06:25] [main/DEBUG] (FabricLoader/Mixin) Mixing DefaultAttributeRegistryMixin from fabric-object-builder-v1.mixins.json into net.minecraft.entity.attribute.DefaultAttributeRegistry
[13:06:25] [main/DEBUG] (FabricLoader/Mixin) fabric-object-builder-v1.mixins.json:DefaultAttributeRegistryMixin from mod fabric-object-builder-api-v1: Class version 65 required is higher than the class version supported by the current version of Mixin (JAVA_17 supports class version 61)
[13:06:25] [main/DEBUG] (FabricLoader/Mixin) fabric-object-builder-v1.mixins.json:DefaultAttributeRegistryMixin from mod fabric-object-builder-api-v1->@Inject::injectAttributes(Lorg/spongepowered/asm/mixin/injection/callback/CallbackInfo;)V doesn't use it's CallbackInfo
[13:06:25] [main/DEBUG] (FabricLoader/Mixin) Mixing ScreenAccessor from fabric-screen-api-v1.mixins.json into net.minecraft.client.gui.screen.Screen
[13:06:25] [main/DEBUG] (FabricLoader/Mixin) fabric-screen-api-v1.mixins.json:ScreenAccessor from mod fabric-screen-api-v1: Class version 65 required is higher than the class version supported by the current version of Mixin (JAVA_17 supports class version 61)
[13:06:25] [main/DEBUG] (FabricLoader/Mixin) Mixing ScreenMixin from fabric-screen-api-v1.mixins.json into net.minecraft.client.gui.screen.Screen
[13:06:25] [main/DEBUG] (FabricLoader/Mixin) fabric-screen-api-v1.mixins.json:ScreenMixin from mod fabric-screen-api-v1: Class version 65 required is higher than the class version supported by the current version of Mixin (JAVA_17 supports class version 61)
[13:06:25] [main/DEBUG] (FabricLoader/Mixin) Mixing fixes.minecraft.screen.MixinScreen from viafabricplus.mixins.json into net.minecraft.client.gui.screen.Screen
[13:06:25] [main/DEBUG] (FabricLoader/Mixin) fabric-screen-api-v1.mixins.json:ScreenMixin from mod fabric-screen-api-v1->@Inject::beforeInitScreen(Lnet/minecraft/client/MinecraftClient;IILorg/spongepowered/asm/mixin/injection/callback/CallbackInfo;)V doesn't use it's CallbackInfo
[13:06:25] [main/DEBUG] (FabricLoader/Mixin) fabric-screen-api-v1.mixins.json:ScreenMixin from mod fabric-screen-api-v1->@Inject::beforeInitScreen(Lnet/minecraft/client/MinecraftClient;IILorg/spongepowered/asm/mixin/injection/callback/CallbackInfo;)V has 0 override(s) in child classes
[13:06:25] [main/DEBUG] (FabricLoader/Mixin) fabric-screen-api-v1.mixins.json:ScreenMixin from mod fabric-screen-api-v1->@Inject::beforeInitScreen(Lnet/minecraft/client/MinecraftClient;IILorg/spongepowered/asm/mixin/injection/callback/CallbackInfo;)V won't be passed a CallbackInfo as a result
[13:06:25] [main/DEBUG] (FabricLoader/Mixin) fabric-screen-api-v1.mixins.json:ScreenMixin from mod fabric-screen-api-v1->@Inject::afterInitScreen(Lnet/minecraft/client/MinecraftClient;IILorg/spongepowered/asm/mixin/injection/callback/CallbackInfo;)V doesn't use it's CallbackInfo
[13:06:25] [main/DEBUG] (FabricLoader/Mixin) fabric-screen-api-v1.mixins.json:ScreenMixin from mod fabric-screen-api-v1->@Inject::afterInitScreen(Lnet/minecraft/client/MinecraftClient;IILorg/spongepowered/asm/mixin/injection/callback/CallbackInfo;)V has 0 override(s) in child classes
[13:06:25] [main/DEBUG] (FabricLoader/Mixin) fabric-screen-api-v1.mixins.json:ScreenMixin from mod fabric-screen-api-v1->@Inject::afterInitScreen(Lnet/minecraft/client/MinecraftClient;IILorg/spongepowered/asm/mixin/injection/callback/CallbackInfo;)V won't be passed a CallbackInfo as a result
[13:06:25] [main/DEBUG] (FabricLoader/Mixin) fabric-screen-api-v1.mixins.json:ScreenMixin from mod fabric-screen-api-v1->@Inject::beforeResizeScreen(Lnet/minecraft/client/MinecraftClient;IILorg/spongepowered/asm/mixin/injection/callback/CallbackInfo;)V doesn't use it's CallbackInfo
[13:06:25] [main/DEBUG] (FabricLoader/Mixin) fabric-screen-api-v1.mixins.json:ScreenMixin from mod fabric-screen-api-v1->@Inject::beforeResizeScreen(Lnet/minecraft/client/MinecraftClient;IILorg/spongepowered/asm/mixin/injection/callback/CallbackInfo;)V has 0 override(s) in child classes
[13:06:25] [main/DEBUG] (FabricLoader/Mixin) fabric-screen-api-v1.mixins.json:ScreenMixin from mod fabric-screen-api-v1->@Inject::beforeResizeScreen(Lnet/minecraft/client/MinecraftClient;IILorg/spongepowered/asm/mixin/injection/callback/CallbackInfo;)V won't be passed a CallbackInfo as a result
[13:06:25] [main/DEBUG] (FabricLoader/Mixin) fabric-screen-api-v1.mixins.json:ScreenMixin from mod fabric-screen-api-v1->@Inject::afterResizeScreen(Lnet/minecraft/client/MinecraftClient;IILorg/spongepowered/asm/mixin/injection/callback/CallbackInfo;)V doesn't use it's CallbackInfo
[13:06:25] [main/DEBUG] (FabricLoader/Mixin) fabric-screen-api-v1.mixins.json:ScreenMixin from mod fabric-screen-api-v1->@Inject::afterResizeScreen(Lnet/minecraft/client/MinecraftClient;IILorg/spongepowered/asm/mixin/injection/callback/CallbackInfo;)V has 0 override(s) in child classes
[13:06:25] [main/DEBUG] (FabricLoader/Mixin) fabric-screen-api-v1.mixins.json:ScreenMixin from mod fabric-screen-api-v1->@Inject::afterResizeScreen(Lnet/minecraft/client/MinecraftClient;IILorg/spongepowered/asm/mixin/injection/callback/CallbackInfo;)V won't be passed a CallbackInfo as a result
[13:06:25] [main/DEBUG] (FabricLoader/Mixin) viafabricplus.mixins.json:fixes.minecraft.screen.MixinScreen from mod viafabricplus->@Inject::allowRunCommandAction(Lnet/minecraft/text/Style;Lorg/spongepowered/asm/mixin/injection/callback/CallbackInfoReturnable;)V does use it's CallbackInfoReturnable
[13:06:25] [main/DEBUG] (FabricLoader/Mixin) viafabricplus.mixins.json:fixes.minecraft.screen.MixinScreen from mod viafabricplus->@Inject::removeRecipeBook(Lnet/minecraft/client/gui/Element;Lorg/spongepowered/asm/mixin/injection/callback/CallbackInfoReturnable;)V does use it's CallbackInfoReturnable
[13:06:25] [main/DEBUG] (FabricLoader/Mixin) Mixing base.integration.MixinConfirmScreen from viafabricplus.mixins.json into net.minecraft.client.gui.screen.ConfirmScreen
[13:06:25] [main/DEBUG] (FabricLoader/Mixin) viafabricplus.mixins.json:base.integration.MixinConfirmScreen from mod viafabricplus->@Inject::preventButtonClearing(Lorg/spongepowered/asm/mixin/injection/callback/CallbackInfo;)V does use it's CallbackInfo
[13:06:25] [main/DEBUG] (FabricLoader/Mixin) Mixing fixes.vialegacy.MixinClientboundPacketsc0_30cpe from viafabricplus.mixins.json into net.raphimc.vialegacy.protocol.classic.c0_30cpetoc0_28_30.packet.ClientboundPacketsc0_30cpe
[13:06:25] [main/DEBUG] (FabricLoader/Mixin) viafabricplus.mixins.json:fixes.vialegacy.MixinClientboundPacketsc0_30cpe from mod viafabricplus->@Inject::addCustomPackets(ILorg/spongepowered/asm/mixin/injection/callback/CallbackInfoReturnable;)V does use it's CallbackInfoReturnable
[13:06:25] [main/DEBUG] (FabricLoader/Mixin) Mixing fixes.vialegacy.MixinClassicProtocolExtension from viafabricplus.mixins.json into net.raphimc.vialegacy.protocol.classic.c0_30cpetoc0_28_30.data.ClassicProtocolExtension
[13:06:25] [main/DEBUG] (FabricLoader/Mixin) viafabricplus.mixins.json:fixes.vialegacy.MixinClassicProtocolExtension from mod viafabricplus->@Inject::allowExtensions_supportsVersion(ILorg/spongepowered/asm/mixin/injection/callback/CallbackInfoReturnable;)V does use it's CallbackInfoReturnable
[13:06:25] [main/DEBUG] (FabricLoader/Mixin) viafabricplus.mixins.json:fixes.vialegacy.MixinClassicProtocolExtension from mod viafabricplus->@Inject::allowExtensions_isSupported(Lorg/spongepowered/asm/mixin/injection/callback/CallbackInfoReturnable;)V does use it's CallbackInfoReturnable
[13:06:25] [main/DEBUG] (FabricLoader/Mixin) viafabricplus.mixins.json:fixes.vialegacy.MixinClassicProtocolExtension from mod viafabricplus->@Inject::allowExtensions_getHighestSupportedVersion(Lorg/spongepowered/asm/mixin/injection/callback/CallbackInfoReturnable;)V does use it's CallbackInfoReturnable
[13:06:25] [main/DEBUG] (FabricLoader/Mixin) Mixing MinecraftClientMixin from fabric-lifecycle-events-v1.client.mixins.json into net.minecraft.client.MinecraftClient
[13:06:25] [main/DEBUG] (FabricLoader/Mixin) fabric-lifecycle-events-v1.client.mixins.json:MinecraftClientMixin from mod fabric-lifecycle-events-v1: Class version 65 required is higher than the class version supported by the current version of Mixin (JAVA_17 supports class version 61)
[13:06:25] [main/DEBUG] (FabricLoader/Mixin) Mixing MinecraftClientMixin from fabric-data-generation-api-v1.client.mixins.json into net.minecraft.client.MinecraftClient
[13:06:25] [main/DEBUG] (FabricLoader/Mixin) fabric-data-generation-api-v1.client.mixins.json:MinecraftClientMixin from mod fabric-data-generation-api-v1: Class version 65 required is higher than the class version supported by the current version of Mixin (JAVA_17 supports class version 61)
[13:06:25] [main/DEBUG] (FabricLoader/Mixin) Mixing MinecraftClientMixin from fabric-screen-api-v1.mixins.json into net.minecraft.client.MinecraftClient
[13:06:25] [main/DEBUG] (FabricLoader/Mixin) fabric-screen-api-v1.mixins.json:MinecraftClientMixin from mod fabric-screen-api-v1: Class version 65 required is higher than the class version supported by the current version of Mixin (JAVA_17 supports class version 61)
[13:06:25] [main/DEBUG] (FabricLoader/Mixin) Renaming @Unique field LOGGERLorg/slf4j/Logger; to fdfed865$fabric-screen-api-v1$LOGGER$0 in fabric-screen-api-v1.mixins.json:MinecraftClientMixin from mod fabric-screen-api-v1
[13:06:25] [main/DEBUG] (FabricLoader/Mixin) Mixing MinecraftClientMixin from fabric-events-interaction-v0.client.mixins.json into net.minecraft.client.MinecraftClient
[13:06:25] [main/DEBUG] (FabricLoader/Mixin) fabric-events-interaction-v0.client.mixins.json:MinecraftClientMixin from mod fabric-events-interaction-v0: Class version 65 required is higher than the class version supported by the current version of Mixin (JAVA_17 supports class version 61)
[13:06:25] [main/DEBUG] (FabricLoader/Mixin) Mixing accessor.MinecraftClientAccessor from fabric-networking-api-v1.client.mixins.json into net.minecraft.client.MinecraftClient
[13:06:25] [main/DEBUG] (FabricLoader/Mixin) fabric-networking-api-v1.client.mixins.json:accessor.MinecraftClientAccessor from mod fabric-networking-api-v1: Class version 65 required is higher than the class version supported by the current version of Mixin (JAVA_17 supports class version 61)
[13:06:25] [main/DEBUG] (FabricLoader/Mixin) Mixing base.integration.MixinMinecraftClient from viafabricplus.mixins.json into net.minecraft.client.MinecraftClient
[13:06:25] [main/DEBUG] (FabricLoader/Mixin) Mixing fixes.minecraft.MixinMinecraftClient from viafabricplus.mixins.json into net.minecraft.client.MinecraftClient
[13:06:25] [main/DEBUG] (FabricLoader/Mixin) Mixing MinecraftClientMixin from fabric-registry-sync-v0.client.mixins.json into net.minecraft.client.MinecraftClient
[13:06:25] [main/DEBUG] (FabricLoader/Mixin) fabric-registry-sync-v0.client.mixins.json:MinecraftClientMixin from mod fabric-registry-sync-v0: Class version 65 required is higher than the class version supported by the current version of Mixin (JAVA_17 supports class version 61)
[13:06:25] [main/DEBUG] (FabricLoader/Mixin) fabric-lifecycle-events-v1.client.mixins.json:MinecraftClientMixin from mod fabric-lifecycle-events-v1->@Inject::onStartTick(Lorg/spongepowered/asm/mixin/injection/callback/CallbackInfo;)V doesn't use it's CallbackInfo
[13:06:25] [main/DEBUG] (FabricLoader/Mixin) fabric-lifecycle-events-v1.client.mixins.json:MinecraftClientMixin from mod fabric-lifecycle-events-v1->@Inject::onStartTick(Lorg/spongepowered/asm/mixin/injection/callback/CallbackInfo;)V has 0 override(s) in child classes
[13:06:25] [main/DEBUG] (FabricLoader/Mixin) fabric-lifecycle-events-v1.client.mixins.json:MinecraftClientMixin from mod fabric-lifecycle-events-v1->@Inject::onStartTick(Lorg/spongepowered/asm/mixin/injection/callback/CallbackInfo;)V won't be passed a CallbackInfo as a result
[13:06:25] [main/DEBUG] (FabricLoader/Mixin) fabric-lifecycle-events-v1.client.mixins.json:MinecraftClientMixin from mod fabric-lifecycle-events-v1->@Inject::onEndTick(Lorg/spongepowered/asm/mixin/injection/callback/CallbackInfo;)V doesn't use it's CallbackInfo
[13:06:25] [main/DEBUG] (FabricLoader/Mixin) fabric-lifecycle-events-v1.client.mixins.json:MinecraftClientMixin from mod fabric-lifecycle-events-v1->@Inject::onEndTick(Lorg/spongepowered/asm/mixin/injection/callback/CallbackInfo;)V has 0 override(s) in child classes
[13:06:25] [main/DEBUG] (FabricLoader/Mixin) fabric-lifecycle-events-v1.client.mixins.json:MinecraftClientMixin from mod fabric-lifecycle-events-v1->@Inject::onEndTick(Lorg/spongepowered/asm/mixin/injection/callback/CallbackInfo;)V won't be passed a CallbackInfo as a result
[13:06:25] [main/DEBUG] (FabricLoader/Mixin) fabric-lifecycle-events-v1.client.mixins.json:MinecraftClientMixin from mod fabric-lifecycle-events-v1->@Inject::onStopping(Lorg/spongepowered/asm/mixin/injection/callback/CallbackInfo;)V doesn't use it's CallbackInfo
[13:06:25] [main/DEBUG] (FabricLoader/Mixin) fabric-lifecycle-events-v1.client.mixins.json:MinecraftClientMixin from mod fabric-lifecycle-events-v1->@Inject::onStopping(Lorg/spongepowered/asm/mixin/injection/callback/CallbackInfo;)V has 0 override(s) in child classes
[13:06:25] [main/DEBUG] (FabricLoader/Mixin) fabric-lifecycle-events-v1.client.mixins.json:MinecraftClientMixin from mod fabric-lifecycle-events-v1->@Inject::onStopping(Lorg/spongepowered/asm/mixin/injection/callback/CallbackInfo;)V won't be passed a CallbackInfo as a result
[13:06:25] [main/DEBUG] (FabricLoader/Mixin) fabric-lifecycle-events-v1.client.mixins.json:MinecraftClientMixin from mod fabric-lifecycle-events-v1->@Inject::onStart(Lorg/spongepowered/asm/mixin/injection/callback/CallbackInfo;)V doesn't use it's CallbackInfo
[13:06:25] [main/DEBUG] (FabricLoader/Mixin) fabric-lifecycle-events-v1.client.mixins.json:MinecraftClientMixin from mod fabric-lifecycle-events-v1->@Inject::onStart(Lorg/spongepowered/asm/mixin/injection/callback/CallbackInfo;)V has 0 override(s) in child classes
[13:06:25] [main/DEBUG] (FabricLoader/Mixin) fabric-lifecycle-events-v1.client.mixins.json:MinecraftClientMixin from mod fabric-lifecycle-events-v1->@Inject::onStart(Lorg/spongepowered/asm/mixin/injection/callback/CallbackInfo;)V won't be passed a CallbackInfo as a result
[13:06:25] [main/DEBUG] (FabricLoader/Mixin) fabric-data-generation-api-v1.client.mixins.json:MinecraftClientMixin from mod fabric-data-generation-api-v1->@Inject::main(Lorg/spongepowered/asm/mixin/injection/callback/CallbackInfo;)V doesn't use it's CallbackInfo
[13:06:25] [main/DEBUG] (FabricLoader/Mixin) fabric-data-generation-api-v1.client.mixins.json:MinecraftClientMixin from mod fabric-data-generation-api-v1->@Inject::main(Lorg/spongepowered/asm/mixin/injection/callback/CallbackInfo;)V has 0 override(s) in child classes
[13:06:25] [main/DEBUG] (FabricLoader/Mixin) fabric-data-generation-api-v1.client.mixins.json:MinecraftClientMixin from mod fabric-data-generation-api-v1->@Inject::main(Lorg/spongepowered/asm/mixin/injection/callback/CallbackInfo;)V won't be passed a CallbackInfo as a result
[13:06:25] [main/DEBUG] (FabricLoader/Mixin) fabric-screen-api-v1.mixins.json:MinecraftClientMixin from mod fabric-screen-api-v1->@Inject::checkThreadOnDev(Lnet/minecraft/client/gui/screen/Screen;Lorg/spongepowered/asm/mixin/injection/callback/CallbackInfo;)V doesn't use it's CallbackInfo
[13:06:25] [main/DEBUG] (FabricLoader/Mixin) fabric-screen-api-v1.mixins.json:MinecraftClientMixin from mod fabric-screen-api-v1->@Inject::checkThreadOnDev(Lnet/minecraft/client/gui/screen/Screen;Lorg/spongepowered/asm/mixin/injection/callback/CallbackInfo;)V has 0 override(s) in child classes
[13:06:25] [main/DEBUG] (FabricLoader/Mixin) fabric-screen-api-v1.mixins.json:MinecraftClientMixin from mod fabric-screen-api-v1->@Inject::checkThreadOnDev(Lnet/minecraft/client/gui/screen/Screen;Lorg/spongepowered/asm/mixin/injection/callback/CallbackInfo;)V won't be passed a CallbackInfo as a result
[13:06:25] [main/DEBUG] (FabricLoader/Mixin) fabric-screen-api-v1.mixins.json:MinecraftClientMixin from mod fabric-screen-api-v1->@Inject::onScreenRemove(Lnet/minecraft/client/gui/screen/Screen;Lorg/spongepowered/asm/mixin/injection/callback/CallbackInfo;)V doesn't use it's CallbackInfo
[13:06:25] [main/DEBUG] (FabricLoader/Mixin) fabric-screen-api-v1.mixins.json:MinecraftClientMixin from mod fabric-screen-api-v1->@Inject::onScreenRemove(Lnet/minecraft/client/gui/screen/Screen;Lorg/spongepowered/asm/mixin/injection/callback/CallbackInfo;)V has 0 override(s) in child classes
[13:06:25] [main/DEBUG] (FabricLoader/Mixin) fabric-screen-api-v1.mixins.json:MinecraftClientMixin from mod fabric-screen-api-v1->@Inject::onScreenRemove(Lnet/minecraft/client/gui/screen/Screen;Lorg/spongepowered/asm/mixin/injection/callback/CallbackInfo;)V won't be passed a CallbackInfo as a result
[13:06:25] [main/DEBUG] (FabricLoader/Mixin) fabric-screen-api-v1.mixins.json:MinecraftClientMixin from mod fabric-screen-api-v1->@Inject::onScreenRemoveBecauseStopping(Lorg/spongepowered/asm/mixin/injection/callback/CallbackInfo;)V doesn't use it's CallbackInfo
[13:06:25] [main/DEBUG] (FabricLoader/Mixin) fabric-screen-api-v1.mixins.json:MinecraftClientMixin from mod fabric-screen-api-v1->@Inject::onScreenRemoveBecauseStopping(Lorg/spongepowered/asm/mixin/injection/callback/CallbackInfo;)V has 0 override(s) in child classes
[13:06:25] [main/DEBUG] (FabricLoader/Mixin) fabric-screen-api-v1.mixins.json:MinecraftClientMixin from mod fabric-screen-api-v1->@Inject::onScreenRemoveBecauseStopping(Lorg/spongepowered/asm/mixin/injection/callback/CallbackInfo;)V won't be passed a CallbackInfo as a result
[13:06:25] [main/DEBUG] (FabricLoader/Mixin) fabric-screen-api-v1.mixins.json:MinecraftClientMixin from mod fabric-screen-api-v1->@Inject::beforeScreenTick(Lorg/spongepowered/asm/mixin/injection/callback/CallbackInfo;)V doesn't use it's CallbackInfo
[13:06:25] [main/DEBUG] (FabricLoader/Mixin) fabric-screen-api-v1.mixins.json:MinecraftClientMixin from mod fabric-screen-api-v1->@Inject::beforeScreenTick(Lorg/spongepowered/asm/mixin/injection/callback/CallbackInfo;)V has 0 override(s) in child classes
[13:06:25] [main/DEBUG] (FabricLoader/Mixin) fabric-screen-api-v1.mixins.json:MinecraftClientMixin from mod fabric-screen-api-v1->@Inject::beforeScreenTick(Lorg/spongepowered/asm/mixin/injection/callback/CallbackInfo;)V won't be passed a CallbackInfo as a result
[13:06:25] [main/DEBUG] (FabricLoader/Mixin) fabric-screen-api-v1.mixins.json:MinecraftClientMixin from mod fabric-screen-api-v1->@Inject::afterScreenTick(Lorg/spongepowered/asm/mixin/injection/callback/CallbackInfo;)V doesn't use it's CallbackInfo
[13:06:25] [main/DEBUG] (FabricLoader/Mixin) fabric-screen-api-v1.mixins.json:MinecraftClientMixin from mod fabric-screen-api-v1->@Inject::afterScreenTick(Lorg/spongepowered/asm/mixin/injection/callback/CallbackInfo;)V has 0 override(s) in child classes
[13:06:25] [main/DEBUG] (FabricLoader/Mixin) fabric-screen-api-v1.mixins.json:MinecraftClientMixin from mod fabric-screen-api-v1->@Inject::afterScreenTick(Lorg/spongepowered/asm/mixin/injection/callback/CallbackInfo;)V won't be passed a CallbackInfo as a result
[13:06:25] [main/DEBUG] (FabricLoader/Mixin) fabric-screen-api-v1.mixins.json:MinecraftClientMixin from mod fabric-screen-api-v1->@Inject::beforeLoadingScreenTick(Lorg/spongepowered/asm/mixin/injection/callback/CallbackInfo;)V doesn't use it's CallbackInfo
[13:06:25] [main/DEBUG] (FabricLoader/Mixin) fabric-screen-api-v1.mixins.json:MinecraftClientMixin from mod fabric-screen-api-v1->@Inject::beforeLoadingScreenTick(Lorg/spongepowered/asm/mixin/injection/callback/CallbackInfo;)V has 0 override(s) in child classes
[13:06:25] [main/DEBUG] (FabricLoader/Mixin) fabric-screen-api-v1.mixins.json:MinecraftClientMixin from mod fabric-screen-api-v1->@Inject::beforeLoadingScreenTick(Lorg/spongepowered/asm/mixin/injection/callback/CallbackInfo;)V won't be passed a CallbackInfo as a result
[13:06:25] [main/DEBUG] (FabricLoader/Mixin) fabric-screen-api-v1.mixins.json:MinecraftClientMixin from mod fabric-screen-api-v1->@Inject::afterLoadingScreenTick(Lorg/spongepowered/asm/mixin/injection/callback/CallbackInfo;)V doesn't use it's CallbackInfo
[13:06:25] [main/DEBUG] (FabricLoader/Mixin) fabric-screen-api-v1.mixins.json:MinecraftClientMixin from mod fabric-screen-api-v1->@Inject::afterLoadingScreenTick(Lorg/spongepowered/asm/mixin/injection/callback/CallbackInfo;)V has 0 override(s) in child classes
[13:06:25] [main/DEBUG] (FabricLoader/Mixin) fabric-screen-api-v1.mixins.json:MinecraftClientMixin from mod fabric-screen-api-v1->@Inject::afterLoadingScreenTick(Lorg/spongepowered/asm/mixin/injection/callback/CallbackInfo;)V won't be passed a CallbackInfo as a result
[13:06:25] [main/DEBUG] (FabricLoader/Mixin) fabric-events-interaction-v0.client.mixins.json:MinecraftClientMixin from mod fabric-events-interaction-v0->@Inject::fabric_doItemPickWrapper(Lorg/spongepowered/asm/mixin/injection/callback/CallbackInfo;)V does use it's CallbackInfo
[13:06:25] [main/DEBUG] (FabricLoader/Mixin) fabric-events-interaction-v0.client.mixins.json:MinecraftClientMixin from mod fabric-events-interaction-v0->@Inject::cancelItemPick(Lorg/spongepowered/asm/mixin/injection/callback/CallbackInfo;)V does use it's CallbackInfo
[13:06:25] [main/DEBUG] (FabricLoader/Mixin) fabric-events-interaction-v0.client.mixins.json:MinecraftClientMixin from mod fabric-events-interaction-v0->@Inject::injectUseEntityCallback(Lorg/spongepowered/asm/mixin/injection/callback/CallbackInfo;[Lnet/minecraft/util/Hand;IILnet/minecraft/util/Hand;Lnet/minecraft/item/ItemStack;Lnet/minecraft/util/hit/EntityHitResult;Lnet/minecraft/entity/Entity;)V does use it's CallbackInfo
[13:06:25] [main/DEBUG] (FabricLoader/Mixin) fabric-events-interaction-v0.client.mixins.json:MinecraftClientMixin from mod fabric-events-interaction-v0->@Inject::injectHandleInputEventsForPreAttackCallback(Lorg/spongepowered/asm/mixin/injection/callback/CallbackInfo;)V doesn't use it's CallbackInfo
[13:06:25] [main/DEBUG] (FabricLoader/Mixin) fabric-events-interaction-v0.client.mixins.json:MinecraftClientMixin from mod fabric-events-interaction-v0->@Inject::injectHandleInputEventsForPreAttackCallback(Lorg/spongepowered/asm/mixin/injection/callback/CallbackInfo;)V has 0 override(s) in child classes
[13:06:25] [main/DEBUG] (FabricLoader/Mixin) fabric-events-interaction-v0.client.mixins.json:MinecraftClientMixin from mod fabric-events-interaction-v0->@Inject::injectHandleInputEventsForPreAttackCallback(Lorg/spongepowered/asm/mixin/injection/callback/CallbackInfo;)V won't be passed a CallbackInfo as a result
[13:06:25] [main/DEBUG] (FabricLoader/Mixin) fabric-events-interaction-v0.client.mixins.json:MinecraftClientMixin from mod fabric-events-interaction-v0->@Inject::injectDoAttackForCancelling(Lorg/spongepowered/asm/mixin/injection/callback/CallbackInfoReturnable;)V does use it's CallbackInfoReturnable
[13:06:25] [main/DEBUG] (FabricLoader/Mixin) fabric-events-interaction-v0.client.mixins.json:MinecraftClientMixin from mod fabric-events-interaction-v0->@Inject::injectHandleBlockBreakingForCancelling(ZLorg/spongepowered/asm/mixin/injection/callback/CallbackInfo;)V does use it's CallbackInfo
[13:06:25] [main/DEBUG] (FabricLoader/Mixin) viafabricplus.mixins.json:base.integration.MixinMinecraftClient from mod viafabricplus->@Inject::callPostGameLoadEvent(Lnet/minecraft/client/RunArgs;Lorg/spongepowered/asm/mixin/injection/callback/CallbackInfo;)V doesn't use it's CallbackInfo
[13:06:25] [main/DEBUG] (FabricLoader/Mixin) viafabricplus.mixins.json:base.integration.MixinMinecraftClient from mod viafabricplus->@Inject::callPostGameLoadEvent(Lnet/minecraft/client/RunArgs;Lorg/spongepowered/asm/mixin/injection/callback/CallbackInfo;)V has 0 override(s) in child classes
[13:06:25] [main/DEBUG] (FabricLoader/Mixin) viafabricplus.mixins.json:base.integration.MixinMinecraftClient from mod viafabricplus->@Inject::callPostGameLoadEvent(Lnet/minecraft/client/RunArgs;Lorg/spongepowered/asm/mixin/injection/callback/CallbackInfo;)V won't be passed a CallbackInfo as a result
[13:06:25] [main/DEBUG] (FabricLoader/Mixin) viafabricplus.mixins.json:base.integration.MixinMinecraftClient from mod viafabricplus->@Inject::disableProtocolTranslator(Lnet/minecraft/world/level/storage/LevelStorage$Session;Lnet/minecraft/resource/ResourcePackManager;Lnet/minecraft/server/SaveLoader;ZLorg/spongepowered/asm/mixin/injection/callback/CallbackInfo;)V doesn't use it's CallbackInfo
[13:06:25] [main/DEBUG] (FabricLoader/Mixin) viafabricplus.mixins.json:base.integration.MixinMinecraftClient from mod viafabricplus->@Inject::disableProtocolTranslator(Lnet/minecraft/world/level/storage/LevelStorage$Session;Lnet/minecraft/resource/ResourcePackManager;Lnet/minecraft/server/SaveLoader;ZLorg/spongepowered/asm/mixin/injection/callback/CallbackInfo;)V has 0 override(s) in child classes
[13:06:25] [main/DEBUG] (FabricLoader/Mixin) viafabricplus.mixins.json:base.integration.MixinMinecraftClient from mod viafabricplus->@Inject::disableProtocolTranslator(Lnet/minecraft/world/level/storage/LevelStorage$Session;Lnet/minecraft/resource/ResourcePackManager;Lnet/minecraft/server/SaveLoader;ZLorg/spongepowered/asm/mixin/injection/callback/CallbackInfo;)V won't be passed a CallbackInfo as a result
[13:06:25] [main/DEBUG] (FabricLoader/Mixin) viafabricplus.mixins.json:fixes.minecraft.MixinMinecraftClient from mod viafabricplus->@Inject::processInputQueues(Lorg/spongepowered/asm/mixin/injection/callback/CallbackInfo;)V doesn't use it's CallbackInfo
[13:06:25] [main/DEBUG] (FabricLoader/Mixin) viafabricplus.mixins.json:fixes.minecraft.MixinMinecraftClient from mod viafabricplus->@Inject::processInputQueues(Lorg/spongepowered/asm/mixin/injection/callback/CallbackInfo;)V has 0 override(s) in child classes
[13:06:25] [main/DEBUG] (FabricLoader/Mixin) viafabricplus.mixins.json:fixes.minecraft.MixinMinecraftClient from mod viafabricplus->@Inject::processInputQueues(Lorg/spongepowered/asm/mixin/injection/callback/CallbackInfo;)V won't be passed a CallbackInfo as a result
[13:06:25] [main/DEBUG] (FabricLoader/Mixin) viafabricplus.mixins.json:fixes.minecraft.MixinMinecraftClient from mod viafabricplus->@Inject::sendOpenInventoryPacket(Lorg/spongepowered/asm/mixin/injection/callback/CallbackInfo;)V doesn't use it's CallbackInfo
[13:06:25] [main/DEBUG] (FabricLoader/Mixin) viafabricplus.mixins.json:fixes.minecraft.MixinMinecraftClient from mod viafabricplus->@Inject::sendOpenInventoryPacket(Lorg/spongepowered/asm/mixin/injection/callback/CallbackInfo;)V has 0 override(s) in child classes
[13:06:25] [main/DEBUG] (FabricLoader/Mixin) viafabricplus.mixins.json:fixes.minecraft.MixinMinecraftClient from mod viafabricplus->@Inject::sendOpenInventoryPacket(Lorg/spongepowered/asm/mixin/injection/callback/CallbackInfo;)V won't be passed a CallbackInfo as a result
[13:06:25] [main/DEBUG] (FabricLoader/Mixin) viafabricplus.mixins.json:fixes.minecraft.MixinMinecraftClient from mod viafabricplus->@Inject::fixSwingPacketOrder(Lorg/spongepowered/asm/mixin/injection/callback/CallbackInfoReturnable;)V doesn't use it's CallbackInfoReturnable
[13:06:25] [main/DEBUG] (FabricLoader/Mixin) viafabricplus.mixins.json:fixes.minecraft.MixinMinecraftClient from mod viafabricplus->@Inject::fixSwingPacketOrder(Lorg/spongepowered/asm/mixin/injection/callback/CallbackInfoReturnable;)V has 0 override(s) in child classes
[13:06:25] [main/DEBUG] (FabricLoader/Mixin) viafabricplus.mixins.json:fixes.minecraft.MixinMinecraftClient from mod viafabricplus->@Inject::fixSwingPacketOrder(Lorg/spongepowered/asm/mixin/injection/callback/CallbackInfoReturnable;)V won't be passed a CallbackInfoReturnable as a result
[13:06:25] [main/DEBUG] (FabricLoader/Mixin) viafabricplus.mixins.json:fixes.minecraft.MixinMinecraftClient from mod viafabricplus->@Inject::moveCooldownIncrement(Lorg/spongepowered/asm/mixin/injection/callback/CallbackInfo;)V doesn't use it's CallbackInfo
[13:06:25] [main/DEBUG] (FabricLoader/Mixin) viafabricplus.mixins.json:fixes.minecraft.MixinMinecraftClient from mod viafabricplus->@Inject::moveCooldownIncrement(Lorg/spongepowered/asm/mixin/injection/callback/CallbackInfo;)V has 0 override(s) in child classes
[13:06:25] [main/DEBUG] (FabricLoader/Mixin) viafabricplus.mixins.json:fixes.minecraft.MixinMinecraftClient from mod viafabricplus->@Inject::moveCooldownIncrement(Lorg/spongepowered/asm/mixin/injection/callback/CallbackInfo;)V won't be passed a CallbackInfo as a result
[13:06:25] [main/DEBUG] (FabricLoader/Mixin) fabric-registry-sync-v0.client.mixins.json:MinecraftClientMixin from mod fabric-registry-sync-v0->@Inject::disconnectAfter(Lnet/minecraft/client/gui/screen/Screen;ZLorg/spongepowered/asm/mixin/injection/callback/CallbackInfo;)V doesn't use it's CallbackInfo
[13:06:25] [main/DEBUG] (FabricLoader/Mixin) fabric-registry-sync-v0.client.mixins.json:MinecraftClientMixin from mod fabric-registry-sync-v0->@Inject::disconnectAfter(Lnet/minecraft/client/gui/screen/Screen;ZLorg/spongepowered/asm/mixin/injection/callback/CallbackInfo;)V has 0 override(s) in child classes
[13:06:25] [main/DEBUG] (FabricLoader/Mixin) fabric-registry-sync-v0.client.mixins.json:MinecraftClientMixin from mod fabric-registry-sync-v0->@Inject::disconnectAfter(Lnet/minecraft/client/gui/screen/Screen;ZLorg/spongepowered/asm/mixin/injection/callback/CallbackInfo;)V won't be passed a CallbackInfo as a result
[13:06:25] [main/DEBUG] (FabricLoader/Mixin) fabric-registry-sync-v0.client.mixins.json:MinecraftClientMixin from mod fabric-registry-sync-v0->@Inject::afterModInit(Lorg/spongepowered/asm/mixin/injection/callback/CallbackInfo;)V doesn't use it's CallbackInfo
[13:06:25] [main/DEBUG] (FabricLoader/Mixin) fabric-registry-sync-v0.client.mixins.json:MinecraftClientMixin from mod fabric-registry-sync-v0->@Inject::afterModInit(Lorg/spongepowered/asm/mixin/injection/callback/CallbackInfo;)V has 0 override(s) in child classes
[13:06:25] [main/DEBUG] (FabricLoader/Mixin) fabric-registry-sync-v0.client.mixins.json:MinecraftClientMixin from mod fabric-registry-sync-v0->@Inject::afterModInit(Lorg/spongepowered/asm/mixin/injection/callback/CallbackInfo;)V won't be passed a CallbackInfo as a result
[13:06:25] [main/DEBUG] (FabricLoader/Mixin) Mixing fixes.minecraft.MixinClientWorld from viafabricplus.mixins.json into net.minecraft.client.world.ClientWorld
[13:06:25] [main/DEBUG] (FabricLoader/Mixin) Renaming synthetic method lambda$tickEntity$0(Lnet/minecraft/entity/Entity;)Ljava/lang/String; to mdfed865$viafabricplus$lambda$tickEntity$0$0 in viafabricplus.mixins.json:fixes.minecraft.MixinClientWorld from mod viafabricplus
[13:06:25] [main/DEBUG] (FabricLoader/Mixin) Mixing ClientWorldMixin from fabric-lifecycle-events-v1.client.mixins.json into net.minecraft.client.world.ClientWorld
[13:06:25] [main/DEBUG] (FabricLoader/Mixin) fabric-lifecycle-events-v1.client.mixins.json:ClientWorldMixin from mod fabric-lifecycle-events-v1: Class version 65 required is higher than the class version supported by the current version of Mixin (JAVA_17 supports class version 61)
[13:06:25] [main/DEBUG] (FabricLoader/Mixin) Mixing ClientWorldMixin from fabric-rendering-v1.mixins.json into net.minecraft.client.world.ClientWorld
[13:06:25] [main/DEBUG] (FabricLoader/Mixin) fabric-rendering-v1.mixins.json:ClientWorldMixin from mod fabric-rendering-v1: Class version 65 required is higher than the class version supported by the current version of Mixin (JAVA_17 supports class version 61)
[13:06:26] [main/DEBUG] (FabricLoader/Mixin) Renaming synthetic method lambda$new$1(Lnet/minecraft/world/biome/ColorResolver;)Lnet/minecraft/client/world/BiomeColorCache; to mdfed865$fabric-rendering-v1$lambda$new$1$1 in fabric-rendering-v1.mixins.json:ClientWorldMixin from mod fabric-rendering-v1
[13:06:26] [main/DEBUG] (FabricLoader/Mixin) Renaming synthetic method lambda$new$0(Lnet/minecraft/world/biome/ColorResolver;Lnet/minecraft/util/math/BlockPos;)I to mdfed865$fabric-rendering-v1$lambda$new$0$2 in fabric-rendering-v1.mixins.json:ClientWorldMixin from mod fabric-rendering-v1
[13:06:26] [main/DEBUG] (FabricLoader/Mixin) viafabricplus.mixins.json:fixes.minecraft.MixinClientWorld from mod viafabricplus->@Inject::removePendingUpdateManager(Lnet/minecraft/client/network/ClientPlayNetworkHandler;Lnet/minecraft/client/world/ClientWorld$Properties;Lnet/minecraft/registry/RegistryKey;Lnet/minecraft/registry/entry/RegistryEntry;IILjava/util/function/Supplier;Lnet/minecraft/client/render/WorldRenderer;ZJLorg/spongepowered/asm/mixin/injection/callback/CallbackInfo;)V doesn't use it's CallbackInfo
[13:06:26] [main/DEBUG] (FabricLoader/Mixin) viafabricplus.mixins.json:fixes.minecraft.MixinClientWorld from mod viafabricplus->@Inject::removePendingUpdateManager(Lnet/minecraft/client/network/ClientPlayNetworkHandler;Lnet/minecraft/client/world/ClientWorld$Properties;Lnet/minecraft/registry/RegistryKey;Lnet/minecraft/registry/entry/RegistryEntry;IILjava/util/function/Supplier;Lnet/minecraft/client/render/WorldRenderer;ZJLorg/spongepowered/asm/mixin/injection/callback/CallbackInfo;)V has 0 override(s) in child classes
[13:06:26] [main/DEBUG] (FabricLoader/Mixin) viafabricplus.mixins.json:fixes.minecraft.MixinClientWorld from mod viafabricplus->@Inject::removePendingUpdateManager(Lnet/minecraft/client/network/ClientPlayNetworkHandler;Lnet/minecraft/client/world/ClientWorld$Properties;Lnet/minecraft/registry/RegistryKey;Lnet/minecraft/registry/entry/RegistryEntry;IILjava/util/function/Supplier;Lnet/minecraft/client/render/WorldRenderer;ZJLorg/spongepowered/asm/mixin/injection/callback/CallbackInfo;)V won't be passed a CallbackInfo as a result
[13:06:26] [main/DEBUG] (FabricLoader/Mixin) fabric-lifecycle-events-v1.client.mixins.json:ClientWorldMixin from mod fabric-lifecycle-events-v1->@Inject::tickWorldAfterBlockEntities(Lorg/spongepowered/asm/mixin/injection/callback/CallbackInfo;)V doesn't use it's CallbackInfo
[13:06:26] [main/DEBUG] (FabricLoader/Mixin) fabric-lifecycle-events-v1.client.mixins.json:ClientWorldMixin from mod fabric-lifecycle-events-v1->@Inject::tickWorldAfterBlockEntities(Lorg/spongepowered/asm/mixin/injection/callback/CallbackInfo;)V has 0 override(s) in child classes
[13:06:26] [main/DEBUG] (FabricLoader/Mixin) fabric-lifecycle-events-v1.client.mixins.json:ClientWorldMixin from mod fabric-lifecycle-events-v1->@Inject::tickWorldAfterBlockEntities(Lorg/spongepowered/asm/mixin/injection/callback/CallbackInfo;)V won't be passed a CallbackInfo as a result
[13:06:26] [main/DEBUG] (FabricLoader/Mixin) fabric-lifecycle-events-v1.client.mixins.json:ClientWorldMixin from mod fabric-lifecycle-events-v1->@Inject::startWorldTick(Lorg/spongepowered/asm/mixin/injection/callback/CallbackInfo;)V doesn't use it's CallbackInfo
[13:06:26] [main/DEBUG] (FabricLoader/Mixin) fabric-lifecycle-events-v1.client.mixins.json:ClientWorldMixin from mod fabric-lifecycle-events-v1->@Inject::startWorldTick(Lorg/spongepowered/asm/mixin/injection/callback/CallbackInfo;)V has 0 override(s) in child classes
[13:06:26] [main/DEBUG] (FabricLoader/Mixin) fabric-lifecycle-events-v1.client.mixins.json:ClientWorldMixin from mod fabric-lifecycle-events-v1->@Inject::startWorldTick(Lorg/spongepowered/asm/mixin/injection/callback/CallbackInfo;)V won't be passed a CallbackInfo as a result
[13:06:26] [main/DEBUG] (FabricLoader/Mixin) fabric-rendering-v1.mixins.json:ClientWorldMixin from mod fabric-rendering-v1->@Inject::onResetChunkColor(Lnet/minecraft/util/math/ChunkPos;Lorg/spongepowered/asm/mixin/injection/callback/CallbackInfo;)V doesn't use it's CallbackInfo
[13:06:26] [main/DEBUG] (FabricLoader/Mixin) fabric-rendering-v1.mixins.json:ClientWorldMixin from mod fabric-rendering-v1->@Inject::onResetChunkColor(Lnet/minecraft/util/math/ChunkPos;Lorg/spongepowered/asm/mixin/injection/callback/CallbackInfo;)V has 0 override(s) in child classes
[13:06:26] [main/DEBUG] (FabricLoader/Mixin) fabric-rendering-v1.mixins.json:ClientWorldMixin from mod fabric-rendering-v1->@Inject::onResetChunkColor(Lnet/minecraft/util/math/ChunkPos;Lorg/spongepowered/asm/mixin/injection/callback/CallbackInfo;)V won't be passed a CallbackInfo as a result
[13:06:26] [main/DEBUG] (FabricLoader/Mixin) fabric-rendering-v1.mixins.json:ClientWorldMixin from mod fabric-rendering-v1->@Inject::onReloadColor(Lorg/spongepowered/asm/mixin/injection/callback/CallbackInfo;)V doesn't use it's CallbackInfo
[13:06:26] [main/DEBUG] (FabricLoader/Mixin) fabric-rendering-v1.mixins.json:ClientWorldMixin from mod fabric-rendering-v1->@Inject::onReloadColor(Lorg/spongepowered/asm/mixin/injection/callback/CallbackInfo;)V has 0 override(s) in child classes
[13:06:26] [main/DEBUG] (FabricLoader/Mixin) fabric-rendering-v1.mixins.json:ClientWorldMixin from mod fabric-rendering-v1->@Inject::onReloadColor(Lorg/spongepowered/asm/mixin/injection/callback/CallbackInfo;)V won't be passed a CallbackInfo as a result
[13:06:26] [Render thread/DEBUG] (FabricLoader/Mixin) Mixing fixes.minecraft.screen.MixinChatScreen from viafabricplus.mixins.json into net.minecraft.client.gui.screen.ChatScreen
[13:06:26] [Render thread/DEBUG] (FabricLoader/Mixin) viafabricplus.mixins.json:fixes.minecraft.screen.MixinChatScreen from mod viafabricplus->@Inject::changeChatLength(Lorg/spongepowered/asm/mixin/injection/callback/CallbackInfo;)V doesn't use it's CallbackInfo
[13:06:26] [Render thread/DEBUG] (FabricLoader/Mixin) viafabricplus.mixins.json:fixes.minecraft.screen.MixinChatScreen from mod viafabricplus->@Inject::changeChatLength(Lorg/spongepowered/asm/mixin/injection/callback/CallbackInfo;)V has 0 override(s) in child classes
[13:06:26] [Render thread/DEBUG] (FabricLoader/Mixin) viafabricplus.mixins.json:fixes.minecraft.screen.MixinChatScreen from mod viafabricplus->@Inject::changeChatLength(Lorg/spongepowered/asm/mixin/injection/callback/CallbackInfo;)V won't be passed a CallbackInfo as a result
[13:06:26] [Render thread/DEBUG] (FabricLoader/Mixin) viafabricplus.mixins.json:fixes.minecraft.screen.MixinChatScreen from mod viafabricplus->@Inject::moveSetTextDown(Lorg/spongepowered/asm/mixin/injection/callback/CallbackInfo;)V doesn't use it's CallbackInfo
[13:06:26] [Render thread/DEBUG] (FabricLoader/Mixin) viafabricplus.mixins.json:fixes.minecraft.screen.MixinChatScreen from mod viafabricplus->@Inject::moveSetTextDown(Lorg/spongepowered/asm/mixin/injection/callback/CallbackInfo;)V has 0 override(s) in child classes
[13:06:26] [Render thread/DEBUG] (FabricLoader/Mixin) viafabricplus.mixins.json:fixes.minecraft.screen.MixinChatScreen from mod viafabricplus->@Inject::moveSetTextDown(Lorg/spongepowered/asm/mixin/injection/callback/CallbackInfo;)V won't be passed a CallbackInfo as a result
[13:06:26] [Render thread/DEBUG] (FabricLoader/Mixin) Mixing base.integration.MixinDownloadingTerrainScreen from viafabricplus.mixins.json into net.minecraft.client.gui.screen.DownloadingTerrainScreen
[13:06:26] [Render thread/DEBUG] (FabricLoader/Mixin) Mixing fixes.minecraft.screen.MixinDownloadingTerrainScreen from viafabricplus.mixins.json into net.minecraft.client.gui.screen.DownloadingTerrainScreen
[13:06:26] [Render thread/DEBUG] (FabricLoader/Mixin) viafabricplus.mixins.json:base.integration.MixinDownloadingTerrainScreen from mod viafabricplus->@Inject::renderClassicProgress(Lnet/minecraft/client/gui/DrawContext;IIFLorg/spongepowered/asm/mixin/injection/callback/CallbackInfo;)V doesn't use it's CallbackInfo
[13:06:26] [Render thread/DEBUG] (FabricLoader/Mixin) viafabricplus.mixins.json:base.integration.MixinDownloadingTerrainScreen from mod viafabricplus->@Inject::renderClassicProgress(Lnet/minecraft/client/gui/DrawContext;IIFLorg/spongepowered/asm/mixin/injection/callback/CallbackInfo;)V has 0 override(s) in child classes
[13:06:26] [Render thread/DEBUG] (FabricLoader/Mixin) viafabricplus.mixins.json:base.integration.MixinDownloadingTerrainScreen from mod viafabricplus->@Inject::renderClassicProgress(Lnet/minecraft/client/gui/DrawContext;IIFLorg/spongepowered/asm/mixin/injection/callback/CallbackInfo;)V won't be passed a CallbackInfo as a result
[13:06:26] [Render thread/DEBUG] (FabricLoader/Mixin) viafabricplus.mixins.json:fixes.minecraft.screen.MixinDownloadingTerrainScreen from mod viafabricplus->@Inject::modifyCloseCondition(Lorg/spongepowered/asm/mixin/injection/callback/CallbackInfo;)V does use it's CallbackInfo
[13:06:26] [Render thread/DEBUG] (FabricLoader/Mixin) Mixing fixes.minecraft.screen.MixinGameMenuScreen from viafabricplus.mixins.json into net.minecraft.client.gui.screen.GameMenuScreen
[13:06:26] [Render thread/DEBUG] (FabricLoader/Mixin) Renaming synthetic method lambda$removeButtons$5(Lnet/minecraft/client/gui/widget/ButtonWidget;Lnet/minecraft/client/gui/widget/ButtonWidget;)V to mdfed865$viafabricplus$lambda$removeButtons$5$0 in viafabricplus.mixins.json:fixes.minecraft.screen.MixinGameMenuScreen from mod viafabricplus
[13:06:26] [Render thread/DEBUG] (FabricLoader/Mixin) Renaming synthetic method lambda$moveButtonPositions$4(Lnet/minecraft/client/gui/widget/ButtonWidget;Lnet/minecraft/client/gui/widget/ButtonWidget;)V to mdfed865$viafabricplus$lambda$moveButtonPositions$4$1 in viafabricplus.mixins.json:fixes.minecraft.screen.MixinGameMenuScreen from mod viafabricplus
[13:06:26] [Render thread/DEBUG] (FabricLoader/Mixin) Renaming synthetic method lambda$moveButtonPositions$3(Lnet/minecraft/client/gui/widget/ButtonWidget;Lnet/minecraft/client/gui/widget/ButtonWidget;)V to mdfed865$viafabricplus$lambda$moveButtonPositions$3$2 in viafabricplus.mixins.json:fixes.minecraft.screen.MixinGameMenuScreen from mod viafabricplus
[13:06:26] [Render thread/DEBUG] (FabricLoader/Mixin) Renaming synthetic method lambda$moveButtonPositions$2(Lnet/minecraft/client/gui/widget/ButtonWidget;)V to mdfed865$viafabricplus$lambda$moveButtonPositions$2$3 in viafabricplus.mixins.json:fixes.minecraft.screen.MixinGameMenuScreen from mod viafabricplus
[13:06:26] [Render thread/DEBUG] (FabricLoader/Mixin) Renaming synthetic method lambda$replaceButtons$1(Lnet/minecraft/client/gui/screen/GameMenuScreen;)Lnet/minecraft/client/gui/screen/Screen; to mdfed865$viafabricplus$lambda$replaceButtons$1$4 in viafabricplus.mixins.json:fixes.minecraft.screen.MixinGameMenuScreen from mod viafabricplus
[13:06:26] [Render thread/DEBUG] (FabricLoader/Mixin) Renaming synthetic method lambda$replaceButtons$0(Lnet/minecraft/client/gui/screen/GameMenuScreen;Lnet/minecraft/client/gui/widget/ButtonWidget;)V to mdfed865$viafabricplus$lambda$replaceButtons$0$5 in viafabricplus.mixins.json:fixes.minecraft.screen.MixinGameMenuScreen from mod viafabricplus
[13:06:26] [Render thread/DEBUG] (FabricLoader/Mixin) viafabricplus.mixins.json:fixes.minecraft.screen.MixinGameMenuScreen from mod viafabricplus->@Inject::moveButtonPositions(Lorg/spongepowered/asm/mixin/injection/callback/CallbackInfo;)V doesn't use it's CallbackInfo
[13:06:26] [Render thread/DEBUG] (FabricLoader/Mixin) viafabricplus.mixins.json:fixes.minecraft.screen.MixinGameMenuScreen from mod viafabricplus->@Inject::moveButtonPositions(Lorg/spongepowered/asm/mixin/injection/callback/CallbackInfo;)V has 0 override(s) in child classes
[13:06:26] [Render thread/DEBUG] (FabricLoader/Mixin) viafabricplus.mixins.json:fixes.minecraft.screen.MixinGameMenuScreen from mod viafabricplus->@Inject::moveButtonPositions(Lorg/spongepowered/asm/mixin/injection/callback/CallbackInfo;)V won't be passed a CallbackInfo as a result
[13:06:26] [Render thread/DEBUG] (FabricLoader/Mixin) Mixing SinglePreparationResourceReloaderMixin from fabric-resource-conditions-api-v1.mixins.json into net.minecraft.resource.SinglePreparationResourceReloader
[13:06:26] [Render thread/DEBUG] (FabricLoader/Mixin) fabric-resource-conditions-api-v1.mixins.json:SinglePreparationResourceReloaderMixin from mod fabric-resource-conditions-api-v1: Class version 65 required is higher than the class version supported by the current version of Mixin (JAVA_17 supports class version 61)
[13:06:26] [Render thread/DEBUG] (FabricLoader/Mixin) fabric-resource-conditions-api-v1.mixins.json:SinglePreparationResourceReloaderMixin from mod fabric-resource-conditions-api-v1->@Inject::applyResourceConditions(Lnet/minecraft/resource/ResourceManager;Lnet/minecraft/util/profiler/Profiler;Ljava/lang/Object;Lorg/spongepowered/asm/mixin/injection/callback/CallbackInfo;)V doesn't use it's CallbackInfo
[13:06:26] [Render thread/DEBUG] (FabricLoader/Mixin) fabric-resource-conditions-api-v1.mixins.json:SinglePreparationResourceReloaderMixin from mod fabric-resource-conditions-api-v1->@Inject::applyResourceConditions(Lnet/minecraft/resource/ResourceManager;Lnet/minecraft/util/profiler/Profiler;Ljava/lang/Object;Lorg/spongepowered/asm/mixin/injection/callback/CallbackInfo;)V has 0 override(s) in child classes
[13:06:26] [Render thread/DEBUG] (FabricLoader/Mixin) fabric-resource-conditions-api-v1.mixins.json:SinglePreparationResourceReloaderMixin from mod fabric-resource-conditions-api-v1->@Inject::applyResourceConditions(Lnet/minecraft/resource/ResourceManager;Lnet/minecraft/util/profiler/Profiler;Ljava/lang/Object;Lorg/spongepowered/asm/mixin/injection/callback/CallbackInfo;)V won't be passed a CallbackInfo as a result
[13:06:26] [Render thread/DEBUG] (FabricLoader/Mixin) Mixing VanillaResourcePackProviderMixin from fabric-resource-loader-v0.client.mixins.json into net.minecraft.resource.VanillaResourcePackProvider
[13:06:26] [Render thread/DEBUG] (FabricLoader/Mixin) fabric-resource-loader-v0.client.mixins.json:VanillaResourcePackProviderMixin from mod fabric-resource-loader-v0: Class version 65 required is higher than the class version supported by the current version of Mixin (JAVA_17 supports class version 61)
[13:06:26] [Render thread/DEBUG] (FabricLoader/Mixin) fabric-resource-loader-v0.client.mixins.json:VanillaResourcePackProviderMixin from mod fabric-resource-loader-v0->@Inject::addBuiltinResourcePacks(Ljava/util/function/Consumer;Lorg/spongepowered/asm/mixin/injection/callback/CallbackInfo;)V doesn't use it's CallbackInfo
[13:06:26] [Render thread/DEBUG] (FabricLoader/Mixin) fabric-resource-loader-v0.client.mixins.json:VanillaResourcePackProviderMixin from mod fabric-resource-loader-v0->@Inject::addBuiltinResourcePacks(Ljava/util/function/Consumer;Lorg/spongepowered/asm/mixin/injection/callback/CallbackInfo;)V has 0 override(s) in child classes
[13:06:26] [Render thread/DEBUG] (FabricLoader/Mixin) fabric-resource-loader-v0.client.mixins.json:VanillaResourcePackProviderMixin from mod fabric-resource-loader-v0->@Inject::addBuiltinResourcePacks(Ljava/util/function/Consumer;Lorg/spongepowered/asm/mixin/injection/callback/CallbackInfo;)V won't be passed a CallbackInfo as a result
[13:06:26] [Render thread/DEBUG] (FabricLoader/Mixin) Mixing fixes.minecraft.MixinServerResourcePackLoader_4 from viafabricplus.mixins.json into net.minecraft.client.resource.server.ServerResourcePackLoader$4
[13:06:26] [Render thread/DEBUG] (FabricLoader/Mixin) viafabricplus.mixins.json:fixes.minecraft.MixinServerResourcePackLoader_4 from mod viafabricplus->@Inject::removeHeaders(Lorg/spongepowered/asm/mixin/injection/callback/CallbackInfoReturnable;)V does use it's CallbackInfoReturnable
[13:06:26] [ForkJoinPool.commonPool-worker-1/DEBUG] (FabricLoader/Mixin) Mixing fixes.viaversion.MixinNamedCompoundTagType from viafabricplus.mixins.json into com.viaversion.viaversion.api.type.types.misc.NamedCompoundTagType
[13:06:26] [ForkJoinPool.commonPool-worker-1/DEBUG] (FabricLoader/Mixin) Mixing fixes.viaversion.MixinTagType from viafabricplus.mixins.json into com.viaversion.viaversion.api.type.types.misc.TagType
[13:06:26] [Render thread/DEBUG] (FabricLoader/Mixin) Mixing ResourcePackManagerMixin from fabric-resource-loader-v0.mixins.json into net.minecraft.resource.ResourcePackManager
[13:06:26] [Render thread/DEBUG] (FabricLoader/Mixin) fabric-resource-loader-v0.mixins.json:ResourcePackManagerMixin from mod fabric-resource-loader-v0: Class version 65 required is higher than the class version supported by the current version of Mixin (JAVA_17 supports class version 61)
[13:06:26] [Render thread/DEBUG] (FabricLoader/Mixin) Renaming synthetic method lambda$handleAutoDisable$0(Ljava/util/Set;Lnet/minecraft/resource/ResourcePackProfile;)Z to mdfed865$fabric-resource-loader-v0$lambda$handleAutoDisable$0$0 in fabric-resource-loader-v0.mixins.json:ResourcePackManagerMixin from mod fabric-resource-loader-v0
[13:06:26] [Render thread/DEBUG] (FabricLoader/Mixin) fabric-resource-loader-v0.mixins.json:ResourcePackManagerMixin from mod fabric-resource-loader-v0->@Inject::construct([Lnet/minecraft/resource/ResourcePackProvider;Lorg/spongepowered/asm/mixin/injection/callback/CallbackInfo;)V doesn't use it's CallbackInfo
[13:06:26] [Render thread/DEBUG] (FabricLoader/Mixin) fabric-resource-loader-v0.mixins.json:ResourcePackManagerMixin from mod fabric-resource-loader-v0->@Inject::construct([Lnet/minecraft/resource/ResourcePackProvider;Lorg/spongepowered/asm/mixin/injection/callback/CallbackInfo;)V has 0 override(s) in child classes
[13:06:26] [Render thread/DEBUG] (FabricLoader/Mixin) fabric-resource-loader-v0.mixins.json:ResourcePackManagerMixin from mod fabric-resource-loader-v0->@Inject::construct([Lnet/minecraft/resource/ResourcePackProvider;Lorg/spongepowered/asm/mixin/injection/callback/CallbackInfo;)V won't be passed a CallbackInfo as a result
[13:06:26] [Render thread/DEBUG] (FabricLoader/Mixin) fabric-resource-loader-v0.mixins.json:ResourcePackManagerMixin from mod fabric-resource-loader-v0->@Inject::handleAutoEnableDisable(Ljava/util/Collection;Lorg/spongepowered/asm/mixin/injection/callback/CallbackInfoReturnable;)V doesn't use it's CallbackInfoReturnable
[13:06:26] [Render thread/DEBUG] (FabricLoader/Mixin) fabric-resource-loader-v0.mixins.json:ResourcePackManagerMixin from mod fabric-resource-loader-v0->@Inject::handleAutoEnableDisable(Ljava/util/Collection;Lorg/spongepowered/asm/mixin/injection/callback/CallbackInfoReturnable;)V has 0 override(s) in child classes
[13:06:26] [Render thread/DEBUG] (FabricLoader/Mixin) fabric-resource-loader-v0.mixins.json:ResourcePackManagerMixin from mod fabric-resource-loader-v0->@Inject::handleAutoEnableDisable(Ljava/util/Collection;Lorg/spongepowered/asm/mixin/injection/callback/CallbackInfoReturnable;)V won't be passed a CallbackInfoReturnable as a result
[13:06:26] [Render thread/DEBUG] (FabricLoader/Mixin) fabric-resource-loader-v0.mixins.json:ResourcePackManagerMixin from mod fabric-resource-loader-v0->@Inject::handleAutoEnable(Ljava/lang/String;Lorg/spongepowered/asm/mixin/injection/callback/CallbackInfoReturnable;)V doesn't use it's CallbackInfoReturnable
[13:06:26] [Render thread/DEBUG] (FabricLoader/Mixin) fabric-resource-loader-v0.mixins.json:ResourcePackManagerMixin from mod fabric-resource-loader-v0->@Inject::handleAutoEnable(Ljava/lang/String;Lorg/spongepowered/asm/mixin/injection/callback/CallbackInfoReturnable;)V has 0 override(s) in child classes
[13:06:26] [Render thread/DEBUG] (FabricLoader/Mixin) fabric-resource-loader-v0.mixins.json:ResourcePackManagerMixin from mod fabric-resource-loader-v0->@Inject::handleAutoEnable(Ljava/lang/String;Lorg/spongepowered/asm/mixin/injection/callback/CallbackInfoReturnable;)V won't be passed a CallbackInfoReturnable as a result
[13:06:26] [Render thread/DEBUG] (FabricLoader/Mixin) fabric-resource-loader-v0.mixins.json:ResourcePackManagerMixin from mod fabric-resource-loader-v0->@Inject::handleAutoDisable(Ljava/lang/String;Lorg/spongepowered/asm/mixin/injection/callback/CallbackInfoReturnable;)V doesn't use it's CallbackInfoReturnable
[13:06:26] [Render thread/DEBUG] (FabricLoader/Mixin) fabric-resource-loader-v0.mixins.json:ResourcePackManagerMixin from mod fabric-resource-loader-v0->@Inject::handleAutoDisable(Ljava/lang/String;Lorg/spongepowered/asm/mixin/injection/callback/CallbackInfoReturnable;)V has 0 override(s) in child classes
[13:06:26] [Render thread/DEBUG] (FabricLoader/Mixin) fabric-resource-loader-v0.mixins.json:ResourcePackManagerMixin from mod fabric-resource-loader-v0->@Inject::handleAutoDisable(Ljava/lang/String;Lorg/spongepowered/asm/mixin/injection/callback/CallbackInfoReturnable;)V won't be passed a CallbackInfoReturnable as a result
[13:06:26] [Render thread/INFO] (com.mojang.authlib.yggdrasil.YggdrasilAuthenticationService) Environment: Environment[sessionHost=https://sessionserver.mojang.com, servicesHost=https://api.minecraftservices.com, name=PROD]
[13:06:26] [Yggdrasil Key Fetcher/DEBUG] (com.mojang.authlib.minecraft.client.MinecraftClient) Connecting to https://api.minecraftservices.com/publickeys
[13:06:26] [Download-1/DEBUG] (com.mojang.authlib.minecraft.client.MinecraftClient) Connecting to https://sessionserver.mojang.com/session/minecraft/profile/5648fab5fa61330e8fa7aea962bdfd7c?unsigned=false
[13:06:26] [Render thread/INFO] (net.minecraft.client.MinecraftClient) Setting user: Player477
[13:06:26] [Render thread/DEBUG] (FabricLoader/Mixin) Mixing KeyBindingAccessor from fabric-key-binding-api-v1.mixins.json into net.minecraft.client.option.KeyBinding
[13:06:26] [Render thread/DEBUG] (FabricLoader/Mixin) fabric-key-binding-api-v1.mixins.json:KeyBindingAccessor from mod fabric-key-binding-api-v1: Class version 65 required is higher than the class version supported by the current version of Mixin (JAVA_17 supports class version 61)
[13:06:26] [Render thread/DEBUG] (FabricLoader/Mixin) Renaming @Accessor method fabric_getCategoryMap()Ljava/util/Map; to fabric_getCategoryMap$fabric-key-binding-api-v1_$md$fed865$0 in fabric-key-binding-api-v1.mixins.json:KeyBindingAccessor from mod fabric-key-binding-api-v1
[13:06:26] [Render thread/DEBUG] (FabricLoader/Mixin) Mixing KeyBindingAccessor from fabric-events-interaction-v0.client.mixins.json into net.minecraft.client.option.KeyBinding
[13:06:26] [Render thread/DEBUG] (FabricLoader/Mixin) fabric-events-interaction-v0.client.mixins.json:KeyBindingAccessor from mod fabric-events-interaction-v0: Class version 65 required is higher than the class version supported by the current version of Mixin (JAVA_17 supports class version 61)
[13:06:26] [Render thread/DEBUG] (FabricLoader/Entrypoint) Iterating over entrypoint 'main'
[13:06:26] [Render thread/INFO] (longcommandsender) Hello Fabric world!
[13:06:26] [Render thread/DEBUG] (FabricLoader/Mixin) Mixing modification.MinecraftServerMixin from fabric-biome-api-v1.mixins.json into net.minecraft.server.MinecraftServer
[13:06:26] [Render thread/DEBUG] (FabricLoader/Mixin) fabric-biome-api-v1.mixins.json:modification.MinecraftServerMixin from mod fabric-biome-api-v1: Class version 65 required is higher than the class version supported by the current version of Mixin (JAVA_17 supports class version 61)
[13:06:26] [Render thread/DEBUG] (FabricLoader/Mixin) Mixing MinecraftServerMixin from fabric-message-api-v1.mixins.json into net.minecraft.server.MinecraftServer
[13:06:26] [Render thread/DEBUG] (FabricLoader/Mixin) fabric-message-api-v1.mixins.json:MinecraftServerMixin from mod fabric-message-api-v1: Class version 65 required is higher than the class version supported by the current version of Mixin (JAVA_17 supports class version 61)
[13:06:26] [Render thread/DEBUG] (FabricLoader/Mixin) Renaming synthetic method lambda$onGetChatDecorator$0(Lnet/minecraft/server/network/ServerPlayerEntity;Lnet/minecraft/text/Text;)Lnet/minecraft/text/Text; to mdfed865$fabric-message-api-v1$lambda$onGetChatDecorator$0$0 in fabric-message-api-v1.mixins.json:MinecraftServerMixin from mod fabric-message-api-v1
[13:06:26] [Render thread/DEBUG] (FabricLoader/Mixin) Mixing ExampleMixin from longcommandsender.mixins.json into net.minecraft.server.MinecraftServer
[13:06:26] [Render thread/DEBUG] (FabricLoader/Mixin) Mixing MinecraftServerMixin from fabric-lifecycle-events-v1.mixins.json into net.minecraft.server.MinecraftServer
[13:06:26] [Render thread/DEBUG] (FabricLoader/Mixin) fabric-lifecycle-events-v1.mixins.json:MinecraftServerMixin from mod fabric-lifecycle-events-v1: Class version 65 required is higher than the class version supported by the current version of Mixin (JAVA_17 supports class version 61)
[13:06:26] [Render thread/DEBUG] (FabricLoader/Mixin) Renaming synthetic method lambda$endResourceReload$0(Ljava/lang/Void;Ljava/lang/Throwable;)Ljava/lang/Void; to mdfed865$fabric-lifecycle-events-v1$lambda$endResourceReload$0$1 in fabric-lifecycle-events-v1.mixins.json:MinecraftServerMixin from mod fabric-lifecycle-events-v1
[13:06:26] [Render thread/DEBUG] (FabricLoader/Mixin) Mixing MinecraftServerMixin from fabric-resource-loader-v0.mixins.json into net.minecraft.server.MinecraftServer
[13:06:26] [Render thread/DEBUG] (FabricLoader/Mixin) fabric-resource-loader-v0.mixins.json:MinecraftServerMixin from mod fabric-resource-loader-v0: Class version 65 required is higher than the class version supported by the current version of Mixin (JAVA_17 supports class version 61)
[13:06:26] [Render thread/DEBUG] (FabricLoader/Mixin) Renaming synthetic method lambda$init$0(Lnet/minecraft/resource/ResourcePack;)Ljava/util/stream/Stream; to mdfed865$fabric-resource-loader-v0$lambda$init$0$2 in fabric-resource-loader-v0.mixins.json:MinecraftServerMixin from mod fabric-resource-loader-v0
[13:06:26] [Render thread/DEBUG] (FabricLoader/Mixin) Mixing MinecraftServerMixin from fabric-gametest-api-v1.mixins.json into net.minecraft.server.MinecraftServer
[13:06:26] [Render thread/DEBUG] (FabricLoader/Mixin) fabric-gametest-api-v1.mixins.json:MinecraftServerMixin from mod fabric-gametest-api-v1: Class version 65 required is higher than the class version supported by the current version of Mixin (JAVA_17 supports class version 61)
[13:06:26] [Render thread/DEBUG] (FabricLoader/Mixin) fabric-biome-api-v1.mixins.json:modification.MinecraftServerMixin from mod fabric-biome-api-v1->@Inject::finalizeWorldGen(Lorg/spongepowered/asm/mixin/injection/callback/CallbackInfo;)V doesn't use it's CallbackInfo
[13:06:26] [Render thread/DEBUG] (FabricLoader/Mixin) fabric-biome-api-v1.mixins.json:modification.MinecraftServerMixin from mod fabric-biome-api-v1->@Inject::finalizeWorldGen(Lorg/spongepowered/asm/mixin/injection/callback/CallbackInfo;)V has 0 override(s) in child classes
[13:06:26] [Render thread/DEBUG] (FabricLoader/Mixin) fabric-biome-api-v1.mixins.json:modification.MinecraftServerMixin from mod fabric-biome-api-v1->@Inject::finalizeWorldGen(Lorg/spongepowered/asm/mixin/injection/callback/CallbackInfo;)V won't be passed a CallbackInfo as a result
[13:06:26] [Render thread/DEBUG] (FabricLoader/Mixin) fabric-message-api-v1.mixins.json:MinecraftServerMixin from mod fabric-message-api-v1->@Inject::onGetChatDecorator(Lorg/spongepowered/asm/mixin/injection/callback/CallbackInfoReturnable;)V does use it's CallbackInfoReturnable
[13:06:26] [Render thread/DEBUG] (FabricLoader/Mixin) longcommandsender.mixins.json:ExampleMixin from mod longcommandsender->@Inject::init(Lorg/spongepowered/asm/mixin/injection/callback/CallbackInfo;)V doesn't use it's CallbackInfo
[13:06:26] [Render thread/DEBUG] (FabricLoader/Mixin) longcommandsender.mixins.json:ExampleMixin from mod longcommandsender->@Inject::init(Lorg/spongepowered/asm/mixin/injection/callback/CallbackInfo;)V has 0 override(s) in child classes
[13:06:26] [Render thread/DEBUG] (FabricLoader/Mixin) longcommandsender.mixins.json:ExampleMixin from mod longcommandsender->@Inject::init(Lorg/spongepowered/asm/mixin/injection/callback/CallbackInfo;)V won't be passed a CallbackInfo as a result
[13:06:26] [Render thread/DEBUG] (FabricLoader/Mixin) fabric-lifecycle-events-v1.mixins.json:MinecraftServerMixin from mod fabric-lifecycle-events-v1->@Inject::beforeSetupServer(Lorg/spongepowered/asm/mixin/injection/callback/CallbackInfo;)V doesn't use it's CallbackInfo
[13:06:26] [Render thread/DEBUG] (FabricLoader/Mixin) fabric-lifecycle-events-v1.mixins.json:MinecraftServerMixin from mod fabric-lifecycle-events-v1->@Inject::beforeSetupServer(Lorg/spongepowered/asm/mixin/injection/callback/CallbackInfo;)V has 0 override(s) in child classes
[13:06:26] [Render thread/DEBUG] (FabricLoader/Mixin) fabric-lifecycle-events-v1.mixins.json:MinecraftServerMixin from mod fabric-lifecycle-events-v1->@Inject::beforeSetupServer(Lorg/spongepowered/asm/mixin/injection/callback/CallbackInfo;)V won't be passed a CallbackInfo as a result
[13:06:26] [Render thread/DEBUG] (FabricLoader/Mixin) fabric-lifecycle-events-v1.mixins.json:MinecraftServerMixin from mod fabric-lifecycle-events-v1->@Inject::afterSetupServer(Lorg/spongepowered/asm/mixin/injection/callback/CallbackInfo;)V doesn't use it's CallbackInfo
[13:06:26] [Render thread/DEBUG] (FabricLoader/Mixin) fabric-lifecycle-events-v1.mixins.json:MinecraftServerMixin from mod fabric-lifecycle-events-v1->@Inject::afterSetupServer(Lorg/spongepowered/asm/mixin/injection/callback/CallbackInfo;)V has 0 override(s) in child classes
[13:06:26] [Render thread/DEBUG] (FabricLoader/Mixin) fabric-lifecycle-events-v1.mixins.json:MinecraftServerMixin from mod fabric-lifecycle-events-v1->@Inject::afterSetupServer(Lorg/spongepowered/asm/mixin/injection/callback/CallbackInfo;)V won't be passed a CallbackInfo as a result
[13:06:26] [Render thread/DEBUG] (FabricLoader/Mixin) fabric-lifecycle-events-v1.mixins.json:MinecraftServerMixin from mod fabric-lifecycle-events-v1->@Inject::beforeShutdownServer(Lorg/spongepowered/asm/mixin/injection/callback/CallbackInfo;)V doesn't use it's CallbackInfo
[13:06:26] [Render thread/DEBUG] (FabricLoader/Mixin) fabric-lifecycle-events-v1.mixins.json:MinecraftServerMixin from mod fabric-lifecycle-events-v1->@Inject::beforeShutdownServer(Lorg/spongepowered/asm/mixin/injection/callback/CallbackInfo;)V has 0 override(s) in child classes
[13:06:26] [Render thread/DEBUG] (FabricLoader/Mixin) fabric-lifecycle-events-v1.mixins.json:MinecraftServerMixin from mod fabric-lifecycle-events-v1->@Inject::beforeShutdownServer(Lorg/spongepowered/asm/mixin/injection/callback/CallbackInfo;)V won't be passed a CallbackInfo as a result
[13:06:26] [Render thread/DEBUG] (FabricLoader/Mixin) fabric-lifecycle-events-v1.mixins.json:MinecraftServerMixin from mod fabric-lifecycle-events-v1->@Inject::afterShutdownServer(Lorg/spongepowered/asm/mixin/injection/callback/CallbackInfo;)V doesn't use it's CallbackInfo
[13:06:26] [Render thread/DEBUG] (FabricLoader/Mixin) fabric-lifecycle-events-v1.mixins.json:MinecraftServerMixin from mod fabric-lifecycle-events-v1->@Inject::afterShutdownServer(Lorg/spongepowered/asm/mixin/injection/callback/CallbackInfo;)V has 0 override(s) in child classes
[13:06:26] [Render thread/DEBUG] (FabricLoader/Mixin) fabric-lifecycle-events-v1.mixins.json:MinecraftServerMixin from mod fabric-lifecycle-events-v1->@Inject::afterShutdownServer(Lorg/spongepowered/asm/mixin/injection/callback/CallbackInfo;)V won't be passed a CallbackInfo as a result
[13:06:26] [Render thread/DEBUG] (FabricLoader/Mixin) fabric-lifecycle-events-v1.mixins.json:MinecraftServerMixin from mod fabric-lifecycle-events-v1->@Inject::onStartTick(Ljava/util/function/BooleanSupplier;Lorg/spongepowered/asm/mixin/injection/callback/CallbackInfo;)V doesn't use it's CallbackInfo
[13:06:26] [Render thread/DEBUG] (FabricLoader/Mixin) fabric-lifecycle-events-v1.mixins.json:MinecraftServerMixin from mod fabric-lifecycle-events-v1->@Inject::onStartTick(Ljava/util/function/BooleanSupplier;Lorg/spongepowered/asm/mixin/injection/callback/CallbackInfo;)V has 0 override(s) in child classes
[13:06:26] [Render thread/DEBUG] (FabricLoader/Mixin) fabric-lifecycle-events-v1.mixins.json:MinecraftServerMixin from mod fabric-lifecycle-events-v1->@Inject::onStartTick(Ljava/util/function/BooleanSupplier;Lorg/spongepowered/asm/mixin/injection/callback/CallbackInfo;)V won't be passed a CallbackInfo as a result
[13:06:26] [Render thread/DEBUG] (FabricLoader/Mixin) fabric-lifecycle-events-v1.mixins.json:MinecraftServerMixin from mod fabric-lifecycle-events-v1->@Inject::onEndTick(Ljava/util/function/BooleanSupplier;Lorg/spongepowered/asm/mixin/injection/callback/CallbackInfo;)V doesn't use it's CallbackInfo
[13:06:26] [Render thread/DEBUG] (FabricLoader/Mixin) fabric-lifecycle-events-v1.mixins.json:MinecraftServerMixin from mod fabric-lifecycle-events-v1->@Inject::onEndTick(Ljava/util/function/BooleanSupplier;Lorg/spongepowered/asm/mixin/injection/callback/CallbackInfo;)V has 0 override(s) in child classes
[13:06:26] [Render thread/DEBUG] (FabricLoader/Mixin) fabric-lifecycle-events-v1.mixins.json:MinecraftServerMixin from mod fabric-lifecycle-events-v1->@Inject::onEndTick(Ljava/util/function/BooleanSupplier;Lorg/spongepowered/asm/mixin/injection/callback/CallbackInfo;)V won't be passed a CallbackInfo as a result
[13:06:26] [Render thread/DEBUG] (FabricLoader/Mixin) fabric-lifecycle-events-v1.mixins.json:MinecraftServerMixin from mod fabric-lifecycle-events-v1->@Inject::onUnloadWorldAtShutdown(Lorg/spongepowered/asm/mixin/injection/callback/CallbackInfo;Ljava/util/Iterator;Lnet/minecraft/server/world/ServerWorld;)V doesn't use it's CallbackInfo
[13:06:26] [Render thread/DEBUG] (FabricLoader/Mixin) fabric-lifecycle-events-v1.mixins.json:MinecraftServerMixin from mod fabric-lifecycle-events-v1->@Inject::onUnloadWorldAtShutdown(Lorg/spongepowered/asm/mixin/injection/callback/CallbackInfo;Ljava/util/Iterator;Lnet/minecraft/server/world/ServerWorld;)V has 0 override(s) in child classes
[13:06:26] [Render thread/DEBUG] (FabricLoader/Mixin) fabric-lifecycle-events-v1.mixins.json:MinecraftServerMixin from mod fabric-lifecycle-events-v1->@Inject::onUnloadWorldAtShutdown(Lorg/spongepowered/asm/mixin/injection/callback/CallbackInfo;Ljava/util/Iterator;Lnet/minecraft/server/world/ServerWorld;)V won't be passed a CallbackInfo as a result
[13:06:26] [Render thread/DEBUG] (FabricLoader/Mixin) fabric-lifecycle-events-v1.mixins.json:MinecraftServerMixin from mod fabric-lifecycle-events-v1->@Inject::startResourceReload(Ljava/util/Collection;Lorg/spongepowered/asm/mixin/injection/callback/CallbackInfoReturnable;)V doesn't use it's CallbackInfoReturnable
[13:06:26] [Render thread/DEBUG] (FabricLoader/Mixin) fabric-lifecycle-events-v1.mixins.json:MinecraftServerMixin from mod fabric-lifecycle-events-v1->@Inject::startResourceReload(Ljava/util/Collection;Lorg/spongepowered/asm/mixin/injection/callback/CallbackInfoReturnable;)V has 0 override(s) in child classes
[13:06:26] [Render thread/DEBUG] (FabricLoader/Mixin) fabric-lifecycle-events-v1.mixins.json:MinecraftServerMixin from mod fabric-lifecycle-events-v1->@Inject::startResourceReload(Ljava/util/Collection;Lorg/spongepowered/asm/mixin/injection/callback/CallbackInfoReturnable;)V won't be passed a CallbackInfoReturnable as a result
[13:06:26] [Render thread/DEBUG] (FabricLoader/Mixin) fabric-lifecycle-events-v1.mixins.json:MinecraftServerMixin from mod fabric-lifecycle-events-v1->@Inject::endResourceReload(Ljava/util/Collection;Lorg/spongepowered/asm/mixin/injection/callback/CallbackInfoReturnable;)V does use it's CallbackInfoReturnable
[13:06:26] [Render thread/DEBUG] (FabricLoader/Mixin) fabric-lifecycle-events-v1.mixins.json:MinecraftServerMixin from mod fabric-lifecycle-events-v1->@Inject::startSave(ZZZLorg/spongepowered/asm/mixin/injection/callback/CallbackInfoReturnable;)V doesn't use it's CallbackInfoReturnable
[13:06:26] [Render thread/DEBUG] (FabricLoader/Mixin) fabric-lifecycle-events-v1.mixins.json:MinecraftServerMixin from mod fabric-lifecycle-events-v1->@Inject::startSave(ZZZLorg/spongepowered/asm/mixin/injection/callback/CallbackInfoReturnable;)V has 0 override(s) in child classes
[13:06:26] [Render thread/DEBUG] (FabricLoader/Mixin) fabric-lifecycle-events-v1.mixins.json:MinecraftServerMixin from mod fabric-lifecycle-events-v1->@Inject::startSave(ZZZLorg/spongepowered/asm/mixin/injection/callback/CallbackInfoReturnable;)V won't be passed a CallbackInfoReturnable as a result
[13:06:26] [Render thread/DEBUG] (FabricLoader/Mixin) fabric-lifecycle-events-v1.mixins.json:MinecraftServerMixin from mod fabric-lifecycle-events-v1->@Inject::endSave(ZZZLorg/spongepowered/asm/mixin/injection/callback/CallbackInfoReturnable;)V doesn't use it's CallbackInfoReturnable
[13:06:26] [Render thread/DEBUG] (FabricLoader/Mixin) fabric-lifecycle-events-v1.mixins.json:MinecraftServerMixin from mod fabric-lifecycle-events-v1->@Inject::endSave(ZZZLorg/spongepowered/asm/mixin/injection/callback/CallbackInfoReturnable;)V has 0 override(s) in child classes
[13:06:26] [Render thread/DEBUG] (FabricLoader/Mixin) fabric-lifecycle-events-v1.mixins.json:MinecraftServerMixin from mod fabric-lifecycle-events-v1->@Inject::endSave(ZZZLorg/spongepowered/asm/mixin/injection/callback/CallbackInfoReturnable;)V won't be passed a CallbackInfoReturnable as a result
[13:06:26] [Render thread/DEBUG] (FabricLoader/Mixin) fabric-resource-loader-v0.mixins.json:MinecraftServerMixin from mod fabric-resource-loader-v0->@Inject::init(Ljava/lang/Thread;Lnet/minecraft/world/level/storage/LevelStorage$Session;Lnet/minecraft/resource/ResourcePackManager;Lnet/minecraft/server/SaveLoader;Ljava/net/Proxy;Lcom/mojang/datafixers/DataFixer;Lnet/minecraft/util/ApiServices;Lnet/minecraft/server/WorldGenerationProgressListenerFactory;Lorg/spongepowered/asm/mixin/injection/callback/CallbackInfo;)V doesn't use it's CallbackInfo
[13:06:26] [Render thread/DEBUG] (FabricLoader/Mixin) fabric-resource-loader-v0.mixins.json:MinecraftServerMixin from mod fabric-resource-loader-v0->@Inject::init(Ljava/lang/Thread;Lnet/minecraft/world/level/storage/LevelStorage$Session;Lnet/minecraft/resource/ResourcePackManager;Lnet/minecraft/server/SaveLoader;Ljava/net/Proxy;Lcom/mojang/datafixers/DataFixer;Lnet/minecraft/util/ApiServices;Lnet/minecraft/server/WorldGenerationProgressListenerFactory;Lorg/spongepowered/asm/mixin/injection/callback/CallbackInfo;)V has 0 override(s) in child classes
[13:06:26] [Render thread/DEBUG] (FabricLoader/Mixin) fabric-resource-loader-v0.mixins.json:MinecraftServerMixin from mod fabric-resource-loader-v0->@Inject::init(Ljava/lang/Thread;Lnet/minecraft/world/level/storage/LevelStorage$Session;Lnet/minecraft/resource/ResourcePackManager;Lnet/minecraft/server/SaveLoader;Ljava/net/Proxy;Lcom/mojang/datafixers/DataFixer;Lnet/minecraft/util/ApiServices;Lnet/minecraft/server/WorldGenerationProgressListenerFactory;Lorg/spongepowered/asm/mixin/injection/callback/CallbackInfo;)V won't be passed a CallbackInfo as a result
[13:06:26] [Render thread/DEBUG] (FabricLoader/Mixin) fabric-gametest-api-v1.mixins.json:MinecraftServerMixin from mod fabric-gametest-api-v1->@Inject::tickWorlds(Ljava/util/function/BooleanSupplier;Lorg/spongepowered/asm/mixin/injection/callback/CallbackInfo;)V doesn't use it's CallbackInfo
[13:06:26] [Render thread/DEBUG] (FabricLoader/Mixin) fabric-gametest-api-v1.mixins.json:MinecraftServerMixin from mod fabric-gametest-api-v1->@Inject::tickWorlds(Ljava/util/function/BooleanSupplier;Lorg/spongepowered/asm/mixin/injection/callback/CallbackInfo;)V has 0 override(s) in child classes
[13:06:26] [Render thread/DEBUG] (FabricLoader/Mixin) fabric-gametest-api-v1.mixins.json:MinecraftServerMixin from mod fabric-gametest-api-v1->@Inject::tickWorlds(Ljava/util/function/BooleanSupplier;Lorg/spongepowered/asm/mixin/injection/callback/CallbackInfo;)V won't be passed a CallbackInfo as a result
[13:06:26] [ForkJoinPool.commonPool-worker-1/DEBUG] (FabricLoader/Mixin) Mixing fixes.viaversion.MixinEntityPacketRewriter1_9 from viafabricplus.mixins.json into com.viaversion.viaversion.protocols.v1_8to1_9.rewriter.EntityPacketRewriter1_9
[13:06:26] [ForkJoinPool.commonPool-worker-1/DEBUG] (FabricLoader/Mixin) viafabricplus.mixins.json:fixes.viaversion.MixinEntityPacketRewriter1_9 from mod viafabricplus->@Inject::preventMetadataForClientPlayer(Lcom/viaversion/viaversion/rewriter/entitydata/EntityDataHandlerEvent;Lcom/viaversion/viaversion/api/minecraft/entitydata/EntityData;Lorg/spongepowered/asm/mixin/injection/callback/CallbackInfo;)V does use it's CallbackInfo
[13:06:26] [ForkJoinPool.commonPool-worker-1/DEBUG] (FabricLoader/Mixin) Mixing fixes.viaversion.MixinItemPacketRewriter1_9 from viafabricplus.mixins.json into com.viaversion.viaversion.protocols.v1_8to1_9.rewriter.ItemPacketRewriter1_9
[13:06:26] [ForkJoinPool.commonPool-worker-1/DEBUG] (FabricLoader/Mixin) viafabricplus.mixins.json:fixes.viaversion.MixinItemPacketRewriter1_9 from mod viafabricplus->@Inject::loadAdditionalData(Lorg/spongepowered/asm/mixin/injection/callback/CallbackInfo;)V doesn't use it's CallbackInfo
[13:06:26] [ForkJoinPool.commonPool-worker-1/DEBUG] (FabricLoader/Mixin) viafabricplus.mixins.json:fixes.viaversion.MixinItemPacketRewriter1_9 from mod viafabricplus->@Inject::loadAdditionalData(Lorg/spongepowered/asm/mixin/injection/callback/CallbackInfo;)V has 0 override(s) in child classes
[13:06:26] [ForkJoinPool.commonPool-worker-1/DEBUG] (FabricLoader/Mixin) viafabricplus.mixins.json:fixes.viaversion.MixinItemPacketRewriter1_9 from mod viafabricplus->@Inject::loadAdditionalData(Lorg/spongepowered/asm/mixin/injection/callback/CallbackInfo;)V won't be passed a CallbackInfo as a result
[13:06:26] [ForkJoinPool.commonPool-worker-1/DEBUG] (FabricLoader/Mixin) viafabricplus.mixins.json:fixes.viaversion.MixinItemPacketRewriter1_9 from mod viafabricplus->@Inject::addAttributeFixData(Lorg/spongepowered/asm/mixin/injection/callback/CallbackInfoReturnable;)V does use it's CallbackInfoReturnable
[13:06:26] [ForkJoinPool.commonPool-worker-1/DEBUG] (FabricLoader/Mixin) viafabricplus.mixins.json:fixes.viaversion.MixinItemPacketRewriter1_9 from mod viafabricplus->@Inject::addAttributeFixData(Lorg/spongepowered/asm/mixin/injection/callback/CallbackInfoReturnable;)V does use it's CallbackInfoReturnable
[13:06:26] [ForkJoinPool.commonPool-worker-1/DEBUG] (FabricLoader/Mixin) viafabricplus.mixins.json:fixes.viaversion.MixinItemPacketRewriter1_9 from mod viafabricplus->@Inject::removeAttributeFixData(Lorg/spongepowered/asm/mixin/injection/callback/CallbackInfoReturnable;)V does use it's CallbackInfoReturnable
[13:06:26] [ForkJoinPool.commonPool-worker-1/DEBUG] (FabricLoader/Mixin) viafabricplus.mixins.json:fixes.viaversion.MixinItemPacketRewriter1_9 from mod viafabricplus->@Inject::removeAttributeFixData(Lorg/spongepowered/asm/mixin/injection/callback/CallbackInfoReturnable;)V does use it's CallbackInfoReturnable
[13:06:26] [Render thread/DEBUG] (FabricLoader/Mixin) Mixing ServerConfigurationNetworkHandlerMixin from fabric-networking-api-v1.mixins.json into net.minecraft.server.network.ServerConfigurationNetworkHandler
[13:06:26] [Render thread/DEBUG] (FabricLoader/Mixin) fabric-networking-api-v1.mixins.json:ServerConfigurationNetworkHandlerMixin from mod fabric-networking-api-v1: Class version 65 required is higher than the class version supported by the current version of Mixin (JAVA_17 supports class version 61)
[13:06:26] [Render thread/DEBUG] (FabricLoader/Mixin) Mixing ServerConfigurationNetworkHandlerMixin from fabric-resource-loader-v0.mixins.json into net.minecraft.server.network.ServerConfigurationNetworkHandler
[13:06:26] [Render thread/DEBUG] (FabricLoader/Mixin) fabric-resource-loader-v0.mixins.json:ServerConfigurationNetworkHandlerMixin from mod fabric-resource-loader-v0: Class version 65 required is higher than the class version supported by the current version of Mixin (JAVA_17 supports class version 61)
[13:06:26] [Render thread/DEBUG] (FabricLoader/Mixin) fabric-networking-api-v1.mixins.json:ServerConfigurationNetworkHandlerMixin from mod fabric-networking-api-v1->@Inject::initAddon(Lorg/spongepowered/asm/mixin/injection/callback/CallbackInfo;)V doesn't use it's CallbackInfo
[13:06:26] [Render thread/DEBUG] (FabricLoader/Mixin) fabric-networking-api-v1.mixins.json:ServerConfigurationNetworkHandlerMixin from mod fabric-networking-api-v1->@Inject::initAddon(Lorg/spongepowered/asm/mixin/injection/callback/CallbackInfo;)V has 0 override(s) in child classes
[13:06:26] [Render thread/DEBUG] (FabricLoader/Mixin) fabric-networking-api-v1.mixins.json:ServerConfigurationNetworkHandlerMixin from mod fabric-networking-api-v1->@Inject::initAddon(Lorg/spongepowered/asm/mixin/injection/callback/CallbackInfo;)V won't be passed a CallbackInfo as a result
[13:06:26] [Render thread/DEBUG] (FabricLoader/Mixin) fabric-networking-api-v1.mixins.json:ServerConfigurationNetworkHandlerMixin from mod fabric-networking-api-v1->@Inject::onClientReady(Lorg/spongepowered/asm/mixin/injection/callback/CallbackInfo;)V does use it's CallbackInfo
[13:06:26] [Render thread/DEBUG] (FabricLoader/Mixin) Mixing ServerCommonNetworkHandlerMixin from fabric-networking-api-v1.mixins.json into net.minecraft.server.network.ServerCommonNetworkHandler
[13:06:26] [Render thread/DEBUG] (FabricLoader/Mixin) fabric-networking-api-v1.mixins.json:ServerCommonNetworkHandlerMixin from mod fabric-networking-api-v1: Class version 65 required is higher than the class version supported by the current version of Mixin (JAVA_17 supports class version 61)
[13:06:26] [Render thread/DEBUG] (FabricLoader/Mixin) Mixing accessor.ServerCommonNetworkHandlerAccessor from fabric-networking-api-v1.mixins.json into net.minecraft.server.network.ServerCommonNetworkHandler
[13:06:26] [Render thread/DEBUG] (FabricLoader/Mixin) fabric-networking-api-v1.mixins.json:accessor.ServerCommonNetworkHandlerAccessor from mod fabric-networking-api-v1: Class version 65 required is higher than the class version supported by the current version of Mixin (JAVA_17 supports class version 61)
[13:06:26] [Render thread/DEBUG] (FabricLoader/Mixin) fabric-networking-api-v1.mixins.json:ServerCommonNetworkHandlerMixin from mod fabric-networking-api-v1->@Inject::handleCustomPayloadReceivedAsync(Lnet/minecraft/network/packet/c2s/common/CustomPayloadC2SPacket;Lorg/spongepowered/asm/mixin/injection/callback/CallbackInfo;)V does use it's CallbackInfo
[13:06:26] [Render thread/DEBUG] (FabricLoader/Mixin) fabric-networking-api-v1.mixins.json:ServerCommonNetworkHandlerMixin from mod fabric-networking-api-v1->@Inject::onPlayPong(Lnet/minecraft/network/packet/c2s/common/CommonPongC2SPacket;Lorg/spongepowered/asm/mixin/injection/callback/CallbackInfo;)V doesn't use it's CallbackInfo
[13:06:26] [Render thread/DEBUG] (FabricLoader/Mixin) fabric-networking-api-v1.mixins.json:ServerCommonNetworkHandlerMixin from mod fabric-networking-api-v1->@Inject::onPlayPong(Lnet/minecraft/network/packet/c2s/common/CommonPongC2SPacket;Lorg/spongepowered/asm/mixin/injection/callback/CallbackInfo;)V has 0 override(s) in child classes
[13:06:26] [Render thread/DEBUG] (FabricLoader/Mixin) fabric-networking-api-v1.mixins.json:ServerCommonNetworkHandlerMixin from mod fabric-networking-api-v1->@Inject::onPlayPong(Lnet/minecraft/network/packet/c2s/common/CommonPongC2SPacket;Lorg/spongepowered/asm/mixin/injection/callback/CallbackInfo;)V won't be passed a CallbackInfo as a result
[13:06:26] [Render thread/DEBUG] (FabricLoader/Mixin) Mixing fixes.minecraft.MixinActionResult from viafabricplus.mixins.json into net.minecraft.util.ActionResult
[13:06:26] [Render thread/DEBUG] (FabricLoader/Mixin) viafabricplus.mixins.json:fixes.minecraft.MixinActionResult from mod viafabricplus->@Inject::swingWhenConsume(Lorg/spongepowered/asm/mixin/injection/callback/CallbackInfoReturnable;)V does use it's CallbackInfoReturnable
[13:06:26] [Render thread/DEBUG] (FabricLoader/Mixin) Mixing LootTableBuilderMixin from fabric-loot-api-v3.mixins.json into net.minecraft.loot.LootTable$Builder
[13:06:26] [Render thread/DEBUG] (FabricLoader/Mixin) fabric-loot-api-v3.mixins.json:LootTableBuilderMixin from mod fabric-loot-api-v3: Class version 65 required is higher than the class version supported by the current version of Mixin (JAVA_17 supports class version 61)
[13:06:26] [Render thread/DEBUG] (FabricLoader/Mixin) Mixing LootTableBuilderMixin from fabric-loot-api-v2.mixins.json into net.minecraft.loot.LootTable$Builder
[13:06:26] [Render thread/DEBUG] (FabricLoader/Mixin) fabric-loot-api-v2.mixins.json:LootTableBuilderMixin from mod fabric-loot-api-v2: Class version 65 required is higher than the class version supported by the current version of Mixin (JAVA_17 supports class version 61)
[13:06:26] [Render thread/DEBUG] (FabricLoader/Entrypoint) Iterating over entrypoint 'client'
[13:06:26] [Render thread/INFO] (net.fabricmc.fabric.impl.client.indigo.Indigo) [Indigo] Registering Indigo renderer!
[13:06:26] [ForkJoinPool.commonPool-worker-1/DEBUG] (FabricLoader/Mixin) Mixing fixes.viaversion.MixinCommandBlockProvider from viafabricplus.mixins.json into com.viaversion.viaversion.protocols.v1_8to1_9.provider.CommandBlockProvider
[13:06:26] [Render thread/DEBUG] (FabricLoader/Mixin) Mixing GameRendererMixin from fabric-screen-api-v1.mixins.json into net.minecraft.client.render.GameRenderer
[13:06:26] [Render thread/DEBUG] (FabricLoader/Mixin) fabric-screen-api-v1.mixins.json:GameRendererMixin from mod fabric-screen-api-v1: Class version 65 required is higher than the class version supported by the current version of Mixin (JAVA_17 supports class version 61)
[13:06:26] [Render thread/DEBUG] (FabricLoader/Mixin) Mixing shader.GameRendererMixin from fabric-rendering-v1.mixins.json into net.minecraft.client.render.GameRenderer
[13:06:26] [Render thread/DEBUG] (FabricLoader/Mixin) fabric-rendering-v1.mixins.json:shader.GameRendererMixin from mod fabric-rendering-v1: Class version 65 required is higher than the class version supported by the current version of Mixin (JAVA_17 supports class version 61)
[13:06:26] [Render thread/DEBUG] (FabricLoader/Mixin) Renaming synthetic method lambda$registerShaders$0(Lnet/minecraft/resource/ResourceFactory;Ljava/util/List;Lnet/minecraft/util/Identifier;Lnet/minecraft/client/render/VertexFormat;Ljava/util/function/Consumer;)V to mdfed865$fabric-rendering-v1$lambda$registerShaders$0$0 in fabric-rendering-v1.mixins.json:shader.GameRendererMixin from mod fabric-rendering-v1
[13:06:26] [Render thread/DEBUG] (FabricLoader/Mixin) Mixing fixes.minecraft.MixinGameRenderer from viafabricplus.mixins.json into net.minecraft.client.render.GameRenderer
[13:06:26] [Render thread/DEBUG] (FabricLoader/Mixin) fabric-rendering-v1.mixins.json:shader.GameRendererMixin from mod fabric-rendering-v1->@Inject::registerShaders(Lnet/minecraft/resource/ResourceFactory;Lorg/spongepowered/asm/mixin/injection/callback/CallbackInfo;)V doesn't use it's CallbackInfo
[13:06:26] [Render thread/DEBUG] (FabricLoader/Mixin) fabric-rendering-v1.mixins.json:shader.GameRendererMixin from mod fabric-rendering-v1->@Inject::registerShaders(Lnet/minecraft/resource/ResourceFactory;Lorg/spongepowered/asm/mixin/injection/callback/CallbackInfo;)V has 0 override(s) in child classes
[13:06:26] [Render thread/DEBUG] (FabricLoader/Mixin) fabric-rendering-v1.mixins.json:shader.GameRendererMixin from mod fabric-rendering-v1->@Inject::registerShaders(Lnet/minecraft/resource/ResourceFactory;Lorg/spongepowered/asm/mixin/injection/callback/CallbackInfo;)V won't be passed a CallbackInfo as a result
[13:06:26] [Render thread/DEBUG] (FabricLoader/Mixin) Mixing shader.ShaderProgramMixin from fabric-rendering-v1.mixins.json into net.minecraft.client.gl.ShaderProgram
[13:06:26] [Render thread/DEBUG] (FabricLoader/Mixin) fabric-rendering-v1.mixins.json:shader.ShaderProgramMixin from mod fabric-rendering-v1: Class version 65 required is higher than the class version supported by the current version of Mixin (JAVA_17 supports class version 61)
[13:06:26] [Render thread/DEBUG] (FabricLoader/Mixin) Mixing client.SpriteAtlasTextureMixin from fabric-renderer-api-v1.mixins.json into net.minecraft.client.texture.SpriteAtlasTexture
[13:06:26] [Render thread/DEBUG] (FabricLoader/Mixin) fabric-renderer-api-v1.mixins.json:client.SpriteAtlasTextureMixin from mod fabric-renderer-api-v1->@Inject::uploadHook(Lnet/minecraft/client/texture/SpriteLoader$StitchResult;Lorg/spongepowered/asm/mixin/injection/callback/CallbackInfo;)V doesn't use it's CallbackInfo
[13:06:26] [Render thread/DEBUG] (FabricLoader/Mixin) fabric-renderer-api-v1.mixins.json:client.SpriteAtlasTextureMixin from mod fabric-renderer-api-v1->@Inject::uploadHook(Lnet/minecraft/client/texture/SpriteLoader$StitchResult;Lorg/spongepowered/asm/mixin/injection/callback/CallbackInfo;)V has 0 override(s) in child classes
[13:06:26] [Render thread/DEBUG] (FabricLoader/Mixin) fabric-renderer-api-v1.mixins.json:client.SpriteAtlasTextureMixin from mod fabric-renderer-api-v1->@Inject::uploadHook(Lnet/minecraft/client/texture/SpriteLoader$StitchResult;Lorg/spongepowered/asm/mixin/injection/callback/CallbackInfo;)V won't be passed a CallbackInfo as a result
[13:06:26] [ForkJoinPool.commonPool-worker-1/DEBUG] (FabricLoader/Mixin) Mixing fixes.viaversion.MixinProtocol1_10To1_11 from viafabricplus.mixins.json into com.viaversion.viaversion.protocols.v1_10to1_11.Protocol1_10To1_11$6
[13:06:26] [ForkJoinPool.commonPool-worker-1/DEBUG] (FabricLoader/Mixin) Mixing fixes.viaversion.MixinEntityPacketRewriter1_12 from viafabricplus.mixins.json into com.viaversion.viaversion.protocols.v1_11_1to1_12.rewriter.EntityPacketRewriter1_12$1
[13:06:26] [Render thread/DEBUG] (FabricLoader/Mixin) Mixing KeyedResourceReloadListenerClientMixin from fabric-resource-loader-v0.client.mixins.json into net.minecraft.client.render.item.ItemRenderer
[13:06:26] [Render thread/DEBUG] (FabricLoader/Mixin) fabric-resource-loader-v0.client.mixins.json:KeyedResourceReloadListenerClientMixin from mod fabric-resource-loader-v0: Class version 65 required is higher than the class version supported by the current version of Mixin (JAVA_17 supports class version 61)
[13:06:26] [Render thread/DEBUG] (FabricLoader/Mixin) Mixing ItemRendererAccessor from fabric-renderer-indigo.mixins.json into net.minecraft.client.render.item.ItemRenderer
[13:06:26] [Render thread/DEBUG] (FabricLoader/Mixin) Renaming @Invoker method fabric_callUsesDynamicDisplay(Lnet/minecraft/item/ItemStack;)Z to fabric_callUsesDynamicDisplay$fabric-renderer-indigo_$md$fed865$0 in fabric-renderer-indigo.mixins.json:ItemRendererAccessor from mod fabric-renderer-indigo
[13:06:26] [Render thread/DEBUG] (FabricLoader/Mixin) Mixing ItemRendererMixin from fabric-renderer-indigo.mixins.json into net.minecraft.client.render.item.ItemRenderer
[13:06:26] [Render thread/DEBUG] (FabricLoader/Mixin) Renaming synthetic method lambda$new$0()Lnet/fabricmc/fabric/impl/client/indigo/renderer/render/ItemRenderContext; to mdfed865$fabric-renderer-indigo$lambda$new$0$1 in fabric-renderer-indigo.mixins.json:ItemRendererMixin from mod fabric-renderer-indigo
[13:06:26] [Render thread/DEBUG] (FabricLoader/Mixin) Mixing fixes.minecraft.item.MixinItemRenderer from viafabricplus.mixins.json into net.minecraft.client.render.item.ItemRenderer
[13:06:27] [Render thread/DEBUG] (FabricLoader/Mixin) fabric-renderer-indigo.mixins.json:ItemRendererMixin from mod fabric-renderer-indigo->@Inject::hook_renderItem(Lnet/minecraft/item/ItemStack;Lnet/minecraft/client/render/model/json/ModelTransformationMode;ZLnet/minecraft/client/util/math/MatrixStack;Lnet/minecraft/client/render/VertexConsumerProvider;IILnet/minecraft/client/render/model/BakedModel;Lorg/spongepowered/asm/mixin/injection/callback/CallbackInfo;)V does use it's CallbackInfo
[13:06:27] [Render thread/DEBUG] (FabricLoader/Mixin) viafabricplus.mixins.json:fixes.minecraft.item.MixinItemRenderer from mod viafabricplus->@Inject::removeModel(Lnet/minecraft/item/ItemStack;Lnet/minecraft/world/World;Lnet/minecraft/entity/LivingEntity;ILorg/spongepowered/asm/mixin/injection/callback/CallbackInfoReturnable;)V does use it's CallbackInfoReturnable
[13:06:27] [ForkJoinPool.commonPool-worker-1/DEBUG] (FabricLoader/Mixin) Mixing fixes.viaversion.MixinMappingDataBase from viafabricplus.mixins.json into com.viaversion.viaversion.api.data.MappingDataBase
[13:06:27] [ForkJoinPool.commonPool-worker-1/DEBUG] (FabricLoader/Mixin) viafabricplus.mixins.json:fixes.viaversion.MixinMappingDataBase from mod viafabricplus->@Inject::passthroughFootStepParticle(ILorg/spongepowered/asm/mixin/injection/callback/CallbackInfoReturnable;)V does use it's CallbackInfoReturnable
[13:06:27] [Render thread/DEBUG] (FabricLoader/Mixin) Mixing KeyedResourceReloadListenerClientMixin from fabric-resource-loader-v0.client.mixins.json into net.minecraft.client.render.WorldRenderer
[13:06:27] [Render thread/DEBUG] (FabricLoader/Mixin) fabric-resource-loader-v0.client.mixins.json:KeyedResourceReloadListenerClientMixin from mod fabric-resource-loader-v0: Class version 65 required is higher than the class version supported by the current version of Mixin (JAVA_17 supports class version 61)
[13:06:27] [Render thread/DEBUG] (FabricLoader/Mixin) Mixing WorldRendererMixin from fabric-rendering-v1.mixins.json into net.minecraft.client.render.WorldRenderer
[13:06:27] [Render thread/DEBUG] (FabricLoader/Mixin) fabric-rendering-v1.mixins.json:WorldRendererMixin from mod fabric-rendering-v1: Class version 65 required is higher than the class version supported by the current version of Mixin (JAVA_17 supports class version 61)
[13:06:27] [Render thread/DEBUG] (FabricLoader/Mixin) Mixing fixes.minecraft.MixinWorldRenderer from viafabricplus.mixins.json into net.minecraft.client.render.WorldRenderer
[13:06:27] [Render thread/DEBUG] (FabricLoader/Mixin) fabric-rendering-v1.mixins.json:WorldRendererMixin from mod fabric-rendering-v1->@Inject::beforeRender(Lnet/minecraft/client/render/RenderTickCounter;ZLnet/minecraft/client/render/Camera;Lnet/minecraft/client/render/GameRenderer;Lnet/minecraft/client/render/LightmapTextureManager;Lorg/joml/Matrix4f;Lorg/joml/Matrix4f;Lorg/spongepowered/asm/mixin/injection/callback/CallbackInfo;)V doesn't use it's CallbackInfo
[13:06:27] [Render thread/DEBUG] (FabricLoader/Mixin) fabric-rendering-v1.mixins.json:WorldRendererMixin from mod fabric-rendering-v1->@Inject::beforeRender(Lnet/minecraft/client/render/RenderTickCounter;ZLnet/minecraft/client/render/Camera;Lnet/minecraft/client/render/GameRenderer;Lnet/minecraft/client/render/LightmapTextureManager;Lorg/joml/Matrix4f;Lorg/joml/Matrix4f;Lorg/spongepowered/asm/mixin/injection/callback/CallbackInfo;)V has 0 override(s) in child classes
[13:06:27] [Render thread/DEBUG] (FabricLoader/Mixin) fabric-rendering-v1.mixins.json:WorldRendererMixin from mod fabric-rendering-v1->@Inject::beforeRender(Lnet/minecraft/client/render/RenderTickCounter;ZLnet/minecraft/client/render/Camera;Lnet/minecraft/client/render/GameRenderer;Lnet/minecraft/client/render/LightmapTextureManager;Lorg/joml/Matrix4f;Lorg/joml/Matrix4f;Lorg/spongepowered/asm/mixin/injection/callback/CallbackInfo;)V won't be passed a CallbackInfo as a result
[13:06:27] [Render thread/DEBUG] (FabricLoader/Mixin) fabric-rendering-v1.mixins.json:WorldRendererMixin from mod fabric-rendering-v1->@Inject::afterTerrainSetup(Lnet/minecraft/client/render/Camera;Lnet/minecraft/client/render/Frustum;ZZLorg/spongepowered/asm/mixin/injection/callback/CallbackInfo;)V doesn't use it's CallbackInfo
[13:06:27] [Render thread/DEBUG] (FabricLoader/Mixin) fabric-rendering-v1.mixins.json:WorldRendererMixin from mod fabric-rendering-v1->@Inject::afterTerrainSetup(Lnet/minecraft/client/render/Camera;Lnet/minecraft/client/render/Frustum;ZZLorg/spongepowered/asm/mixin/injection/callback/CallbackInfo;)V has 0 override(s) in child classes
[13:06:27] [Render thread/DEBUG] (FabricLoader/Mixin) fabric-rendering-v1.mixins.json:WorldRendererMixin from mod fabric-rendering-v1->@Inject::afterTerrainSetup(Lnet/minecraft/client/render/Camera;Lnet/minecraft/client/render/Frustum;ZZLorg/spongepowered/asm/mixin/injection/callback/CallbackInfo;)V won't be passed a CallbackInfo as a result
[13:06:27] [Render thread/DEBUG] (FabricLoader/Mixin) fabric-rendering-v1.mixins.json:WorldRendererMixin from mod fabric-rendering-v1->@Inject::afterTerrainSolid(Lorg/spongepowered/asm/mixin/injection/callback/CallbackInfo;)V doesn't use it's CallbackInfo
[13:06:27] [Render thread/DEBUG] (FabricLoader/Mixin) fabric-rendering-v1.mixins.json:WorldRendererMixin from mod fabric-rendering-v1->@Inject::afterTerrainSolid(Lorg/spongepowered/asm/mixin/injection/callback/CallbackInfo;)V has 0 override(s) in child classes
[13:06:27] [Render thread/DEBUG] (FabricLoader/Mixin) fabric-rendering-v1.mixins.json:WorldRendererMixin from mod fabric-rendering-v1->@Inject::afterTerrainSolid(Lorg/spongepowered/asm/mixin/injection/callback/CallbackInfo;)V won't be passed a CallbackInfo as a result
[13:06:27] [Render thread/DEBUG] (FabricLoader/Mixin) fabric-rendering-v1.mixins.json:WorldRendererMixin from mod fabric-rendering-v1->@Inject::afterEntities(Lorg/spongepowered/asm/mixin/injection/callback/CallbackInfo;)V doesn't use it's CallbackInfo
[13:06:27] [Render thread/DEBUG] (FabricLoader/Mixin) fabric-rendering-v1.mixins.json:WorldRendererMixin from mod fabric-rendering-v1->@Inject::afterEntities(Lorg/spongepowered/asm/mixin/injection/callback/CallbackInfo;)V has 0 override(s) in child classes
[13:06:27] [Render thread/DEBUG] (FabricLoader/Mixin) fabric-rendering-v1.mixins.json:WorldRendererMixin from mod fabric-rendering-v1->@Inject::afterEntities(Lorg/spongepowered/asm/mixin/injection/callback/CallbackInfo;)V won't be passed a CallbackInfo as a result
[13:06:27] [Render thread/DEBUG] (FabricLoader/Mixin) fabric-rendering-v1.mixins.json:WorldRendererMixin from mod fabric-rendering-v1->@Inject::beforeRenderOutline(Lorg/spongepowered/asm/mixin/injection/callback/CallbackInfo;)V doesn't use it's CallbackInfo
[13:06:27] [Render thread/DEBUG] (FabricLoader/Mixin) fabric-rendering-v1.mixins.json:WorldRendererMixin from mod fabric-rendering-v1->@Inject::beforeRenderOutline(Lorg/spongepowered/asm/mixin/injection/callback/CallbackInfo;)V has 0 override(s) in child classes
[13:06:27] [Render thread/DEBUG] (FabricLoader/Mixin) fabric-rendering-v1.mixins.json:WorldRendererMixin from mod fabric-rendering-v1->@Inject::beforeRenderOutline(Lorg/spongepowered/asm/mixin/injection/callback/CallbackInfo;)V won't be passed a CallbackInfo as a result
[13:06:27] [Render thread/DEBUG] (FabricLoader/Mixin) fabric-rendering-v1.mixins.json:WorldRendererMixin from mod fabric-rendering-v1->@Inject::onDrawBlockOutline(Lnet/minecraft/client/util/math/MatrixStack;Lnet/minecraft/client/render/VertexConsumer;Lnet/minecraft/entity/Entity;DDDLnet/minecraft/util/math/BlockPos;Lnet/minecraft/block/BlockState;Lorg/spongepowered/asm/mixin/injection/callback/CallbackInfo;)V does use it's CallbackInfo
[13:06:27] [Render thread/DEBUG] (FabricLoader/Mixin) fabric-rendering-v1.mixins.json:WorldRendererMixin from mod fabric-rendering-v1->@Inject::beforeDebugRender(Lorg/spongepowered/asm/mixin/injection/callback/CallbackInfo;)V doesn't use it's CallbackInfo
[13:06:27] [Render thread/DEBUG] (FabricLoader/Mixin) fabric-rendering-v1.mixins.json:WorldRendererMixin from mod fabric-rendering-v1->@Inject::beforeDebugRender(Lorg/spongepowered/asm/mixin/injection/callback/CallbackInfo;)V has 0 override(s) in child classes
[13:06:27] [Render thread/DEBUG] (FabricLoader/Mixin) fabric-rendering-v1.mixins.json:WorldRendererMixin from mod fabric-rendering-v1->@Inject::beforeDebugRender(Lorg/spongepowered/asm/mixin/injection/callback/CallbackInfo;)V won't be passed a CallbackInfo as a result
[13:06:27] [Render thread/DEBUG] (FabricLoader/Mixin) fabric-rendering-v1.mixins.json:WorldRendererMixin from mod fabric-rendering-v1->@Inject::beforeClouds(Lorg/spongepowered/asm/mixin/injection/callback/CallbackInfo;)V doesn't use it's CallbackInfo
[13:06:27] [Render thread/DEBUG] (FabricLoader/Mixin) fabric-rendering-v1.mixins.json:WorldRendererMixin from mod fabric-rendering-v1->@Inject::beforeClouds(Lorg/spongepowered/asm/mixin/injection/callback/CallbackInfo;)V has 0 override(s) in child classes
[13:06:27] [Render thread/DEBUG] (FabricLoader/Mixin) fabric-rendering-v1.mixins.json:WorldRendererMixin from mod fabric-rendering-v1->@Inject::beforeClouds(Lorg/spongepowered/asm/mixin/injection/callback/CallbackInfo;)V won't be passed a CallbackInfo as a result
[13:06:27] [Render thread/DEBUG] (FabricLoader/Mixin) fabric-rendering-v1.mixins.json:WorldRendererMixin from mod fabric-rendering-v1->@Inject::onChunkDebugRender(Lorg/spongepowered/asm/mixin/injection/callback/CallbackInfo;)V doesn't use it's CallbackInfo
[13:06:27] [Render thread/DEBUG] (FabricLoader/Mixin) fabric-rendering-v1.mixins.json:WorldRendererMixin from mod fabric-rendering-v1->@Inject::onChunkDebugRender(Lorg/spongepowered/asm/mixin/injection/callback/CallbackInfo;)V has 0 override(s) in child classes
[13:06:27] [Render thread/DEBUG] (FabricLoader/Mixin) fabric-rendering-v1.mixins.json:WorldRendererMixin from mod fabric-rendering-v1->@Inject::onChunkDebugRender(Lorg/spongepowered/asm/mixin/injection/callback/CallbackInfo;)V won't be passed a CallbackInfo as a result
[13:06:27] [Render thread/DEBUG] (FabricLoader/Mixin) fabric-rendering-v1.mixins.json:WorldRendererMixin from mod fabric-rendering-v1->@Inject::afterRender(Lorg/spongepowered/asm/mixin/injection/callback/CallbackInfo;)V doesn't use it's CallbackInfo
[13:06:27] [Render thread/DEBUG] (FabricLoader/Mixin) fabric-rendering-v1.mixins.json:WorldRendererMixin from mod fabric-rendering-v1->@Inject::afterRender(Lorg/spongepowered/asm/mixin/injection/callback/CallbackInfo;)V has 0 override(s) in child classes
[13:06:27] [Render thread/DEBUG] (FabricLoader/Mixin) fabric-rendering-v1.mixins.json:WorldRendererMixin from mod fabric-rendering-v1->@Inject::afterRender(Lorg/spongepowered/asm/mixin/injection/callback/CallbackInfo;)V won't be passed a CallbackInfo as a result
[13:06:27] [Render thread/DEBUG] (FabricLoader/Mixin) fabric-rendering-v1.mixins.json:WorldRendererMixin from mod fabric-rendering-v1->@Inject::onReload(Lorg/spongepowered/asm/mixin/injection/callback/CallbackInfo;)V doesn't use it's CallbackInfo
[13:06:27] [Render thread/DEBUG] (FabricLoader/Mixin) fabric-rendering-v1.mixins.json:WorldRendererMixin from mod fabric-rendering-v1->@Inject::onReload(Lorg/spongepowered/asm/mixin/injection/callback/CallbackInfo;)V has 0 override(s) in child classes
[13:06:27] [Render thread/DEBUG] (FabricLoader/Mixin) fabric-rendering-v1.mixins.json:WorldRendererMixin from mod fabric-rendering-v1->@Inject::onReload(Lorg/spongepowered/asm/mixin/injection/callback/CallbackInfo;)V won't be passed a CallbackInfo as a result
[13:06:27] [Render thread/DEBUG] (FabricLoader/Mixin) fabric-rendering-v1.mixins.json:WorldRendererMixin from mod fabric-rendering-v1->@Inject::renderWeather(Lnet/minecraft/client/render/LightmapTextureManager;FDDDLorg/spongepowered/asm/mixin/injection/callback/CallbackInfo;)V does use it's CallbackInfo
[13:06:27] [Render thread/DEBUG] (FabricLoader/Mixin) fabric-rendering-v1.mixins.json:WorldRendererMixin from mod fabric-rendering-v1->@Inject::renderCloud(Lnet/minecraft/client/util/math/MatrixStack;Lorg/joml/Matrix4f;Lorg/joml/Matrix4f;FDDDLorg/spongepowered/asm/mixin/injection/callback/CallbackInfo;)V does use it's CallbackInfo
[13:06:27] [Render thread/DEBUG] (FabricLoader/Mixin) fabric-rendering-v1.mixins.json:WorldRendererMixin from mod fabric-rendering-v1->@Inject::renderSky(Lorg/joml/Matrix4f;Lorg/joml/Matrix4f;FLnet/minecraft/client/render/Camera;ZLjava/lang/Runnable;Lorg/spongepowered/asm/mixin/injection/callback/CallbackInfo;)V does use it's CallbackInfo
[13:06:27] [Render thread/DEBUG] (FabricLoader/Mixin) Mixing SoundInstanceMixin from fabric-sound-api-v1.mixins.json into net.minecraft.client.sound.SoundInstance
[13:06:27] [Render thread/DEBUG] (FabricLoader/Mixin) fabric-sound-api-v1.mixins.json:SoundInstanceMixin from mod fabric-sound-api-v1: Class version 65 required is higher than the class version supported by the current version of Mixin (JAVA_17 supports class version 61)
[13:06:27] [Render thread/DEBUG] (FabricLoader/Mixin) Mixing ClientConnectionMixin from fabric-networking-api-v1.mixins.json into net.minecraft.network.ClientConnection
[13:06:27] [Render thread/DEBUG] (FabricLoader/Mixin) fabric-networking-api-v1.mixins.json:ClientConnectionMixin from mod fabric-networking-api-v1: Class version 65 required is higher than the class version supported by the current version of Mixin (JAVA_17 supports class version 61)
[13:06:27] [Render thread/DEBUG] (FabricLoader/Mixin) Renaming synthetic method lambda$fabric_getPendingChannelsNames$0(Lnet/minecraft/network/NetworkPhase;)Ljava/util/Collection; to mdfed865$fabric-networking-api-v1$lambda$fabric_getPendingChannelsNames$0$0 in fabric-networking-api-v1.mixins.json:ClientConnectionMixin from mod fabric-networking-api-v1
[13:06:27] [Render thread/DEBUG] (FabricLoader/Mixin) Mixing base.connect.MixinClientConnection from viafabricplus.mixins.json into net.minecraft.network.ClientConnection
[13:06:27] [Render thread/DEBUG] (FabricLoader/Mixin) Renaming synthetic method lambda$useRakNetPingHandlers$0(Ljava/net/InetAddress;ILio/netty/channel/ChannelFuture;)V to mdfed865$viafabricplus$lambda$useRakNetPingHandlers$0$1 in viafabricplus.mixins.json:base.connect.MixinClientConnection from mod viafabricplus
[13:06:27] [Render thread/DEBUG] (FabricLoader/Mixin) Mixing base.integration.MixinClientConnection from viafabricplus.mixins.json into net.minecraft.network.ClientConnection
[13:06:27] [Render thread/DEBUG] (FabricLoader/Mixin) fabric-networking-api-v1.mixins.json:ClientConnectionMixin from mod fabric-networking-api-v1->@Inject::initAddedFields(Lnet/minecraft/network/NetworkSide;Lorg/spongepowered/asm/mixin/injection/callback/CallbackInfo;)V doesn't use it's CallbackInfo
[13:06:27] [Render thread/DEBUG] (FabricLoader/Mixin) fabric-networking-api-v1.mixins.json:ClientConnectionMixin from mod fabric-networking-api-v1->@Inject::initAddedFields(Lnet/minecraft/network/NetworkSide;Lorg/spongepowered/asm/mixin/injection/callback/CallbackInfo;)V has 0 override(s) in child classes
[13:06:27] [Render thread/DEBUG] (FabricLoader/Mixin) fabric-networking-api-v1.mixins.json:ClientConnectionMixin from mod fabric-networking-api-v1->@Inject::initAddedFields(Lnet/minecraft/network/NetworkSide;Lorg/spongepowered/asm/mixin/injection/callback/CallbackInfo;)V won't be passed a CallbackInfo as a result
[13:06:27] [Render thread/DEBUG] (FabricLoader/Mixin) fabric-networking-api-v1.mixins.json:ClientConnectionMixin from mod fabric-networking-api-v1->@Inject::checkPacket(Lnet/minecraft/network/packet/Packet;Lnet/minecraft/network/PacketCallbacks;ZLorg/spongepowered/asm/mixin/injection/callback/CallbackInfo;)V doesn't use it's CallbackInfo
[13:06:27] [Render thread/DEBUG] (FabricLoader/Mixin) fabric-networking-api-v1.mixins.json:ClientConnectionMixin from mod fabric-networking-api-v1->@Inject::checkPacket(Lnet/minecraft/network/packet/Packet;Lnet/minecraft/network/PacketCallbacks;ZLorg/spongepowered/asm/mixin/injection/callback/CallbackInfo;)V has 0 override(s) in child classes
[13:06:27] [Render thread/DEBUG] (FabricLoader/Mixin) fabric-networking-api-v1.mixins.json:ClientConnectionMixin from mod fabric-networking-api-v1->@Inject::checkPacket(Lnet/minecraft/network/packet/Packet;Lnet/minecraft/network/PacketCallbacks;ZLorg/spongepowered/asm/mixin/injection/callback/CallbackInfo;)V won't be passed a CallbackInfo as a result
[13:06:27] [Render thread/DEBUG] (FabricLoader/Mixin) fabric-networking-api-v1.mixins.json:ClientConnectionMixin from mod fabric-networking-api-v1->@Inject::checkPacket(Lnet/minecraft/network/packet/Packet;Lnet/minecraft/network/PacketCallbacks;ZLorg/spongepowered/asm/mixin/injection/callback/CallbackInfo;)V doesn't use it's CallbackInfo
[13:06:27] [Render thread/DEBUG] (FabricLoader/Mixin) fabric-networking-api-v1.mixins.json:ClientConnectionMixin from mod fabric-networking-api-v1->@Inject::checkPacket(Lnet/minecraft/network/packet/Packet;Lnet/minecraft/network/PacketCallbacks;ZLorg/spongepowered/asm/mixin/injection/callback/CallbackInfo;)V has 0 override(s) in child classes
[13:06:27] [Render thread/DEBUG] (FabricLoader/Mixin) fabric-networking-api-v1.mixins.json:ClientConnectionMixin from mod fabric-networking-api-v1->@Inject::checkPacket(Lnet/minecraft/network/packet/Packet;Lnet/minecraft/network/PacketCallbacks;ZLorg/spongepowered/asm/mixin/injection/callback/CallbackInfo;)V won't be passed a CallbackInfo as a result
[13:06:27] [Render thread/DEBUG] (FabricLoader/Mixin) fabric-networking-api-v1.mixins.json:ClientConnectionMixin from mod fabric-networking-api-v1->@Inject::unwatchAddon(Lnet/minecraft/network/NetworkState;Lnet/minecraft/network/listener/PacketListener;Lorg/spongepowered/asm/mixin/injection/callback/CallbackInfo;)V doesn't use it's CallbackInfo
[13:06:27] [Render thread/DEBUG] (FabricLoader/Mixin) fabric-networking-api-v1.mixins.json:ClientConnectionMixin from mod fabric-networking-api-v1->@Inject::unwatchAddon(Lnet/minecraft/network/NetworkState;Lnet/minecraft/network/listener/PacketListener;Lorg/spongepowered/asm/mixin/injection/callback/CallbackInfo;)V has 0 override(s) in child classes
[13:06:27] [Render thread/DEBUG] (FabricLoader/Mixin) fabric-networking-api-v1.mixins.json:ClientConnectionMixin from mod fabric-networking-api-v1->@Inject::unwatchAddon(Lnet/minecraft/network/NetworkState;Lnet/minecraft/network/listener/PacketListener;Lorg/spongepowered/asm/mixin/injection/callback/CallbackInfo;)V won't be passed a CallbackInfo as a result
[13:06:27] [Render thread/DEBUG] (FabricLoader/Mixin) fabric-networking-api-v1.mixins.json:ClientConnectionMixin from mod fabric-networking-api-v1->@Inject::disconnectAddon(Lio/netty/channel/ChannelHandlerContext;Lorg/spongepowered/asm/mixin/injection/callback/CallbackInfo;)V doesn't use it's CallbackInfo
[13:06:27] [Render thread/DEBUG] (FabricLoader/Mixin) fabric-networking-api-v1.mixins.json:ClientConnectionMixin from mod fabric-networking-api-v1->@Inject::disconnectAddon(Lio/netty/channel/ChannelHandlerContext;Lorg/spongepowered/asm/mixin/injection/callback/CallbackInfo;)V has 0 override(s) in child classes
[13:06:27] [Render thread/DEBUG] (FabricLoader/Mixin) fabric-networking-api-v1.mixins.json:ClientConnectionMixin from mod fabric-networking-api-v1->@Inject::disconnectAddon(Lio/netty/channel/ChannelHandlerContext;Lorg/spongepowered/asm/mixin/injection/callback/CallbackInfo;)V won't be passed a CallbackInfo as a result
[13:06:27] [Render thread/DEBUG] (FabricLoader/Mixin) fabric-networking-api-v1.mixins.json:ClientConnectionMixin from mod fabric-networking-api-v1->@Inject::disconnectAddon(Lorg/spongepowered/asm/mixin/injection/callback/CallbackInfo;)V doesn't use it's CallbackInfo
[13:06:27] [Render thread/DEBUG] (FabricLoader/Mixin) fabric-networking-api-v1.mixins.json:ClientConnectionMixin from mod fabric-networking-api-v1->@Inject::disconnectAddon(Lorg/spongepowered/asm/mixin/injection/callback/CallbackInfo;)V has 0 override(s) in child classes
[13:06:27] [Render thread/DEBUG] (FabricLoader/Mixin) fabric-networking-api-v1.mixins.json:ClientConnectionMixin from mod fabric-networking-api-v1->@Inject::disconnectAddon(Lorg/spongepowered/asm/mixin/injection/callback/CallbackInfo;)V won't be passed a CallbackInfo as a result
[13:06:27] [Render thread/DEBUG] (FabricLoader/Mixin) viafabricplus.mixins.json:base.connect.MixinClientConnection from mod viafabricplus->@Inject::reorderCompression(IZLorg/spongepowered/asm/mixin/injection/callback/CallbackInfo;)V doesn't use it's CallbackInfo
[13:06:27] [Render thread/DEBUG] (FabricLoader/Mixin) viafabricplus.mixins.json:base.connect.MixinClientConnection from mod viafabricplus->@Inject::reorderCompression(IZLorg/spongepowered/asm/mixin/injection/callback/CallbackInfo;)V has 0 override(s) in child classes
[13:06:27] [Render thread/DEBUG] (FabricLoader/Mixin) viafabricplus.mixins.json:base.connect.MixinClientConnection from mod viafabricplus->@Inject::reorderCompression(IZLorg/spongepowered/asm/mixin/injection/callback/CallbackInfo;)V won't be passed a CallbackInfo as a result
[13:06:27] [Render thread/DEBUG] (FabricLoader/Mixin) viafabricplus.mixins.json:base.connect.MixinClientConnection from mod viafabricplus->@Inject::storeDecryptionCipher(Ljavax/crypto/Cipher;Ljavax/crypto/Cipher;Lorg/spongepowered/asm/mixin/injection/callback/CallbackInfo;)V does use it's CallbackInfo
[13:06:27] [Render thread/DEBUG] (FabricLoader/Mixin) viafabricplus.mixins.json:base.connect.MixinClientConnection from mod viafabricplus->@Inject::setTargetVersion(Ljava/net/InetSocketAddress;ZLnet/minecraft/util/profiler/MultiValueDebugSampleLogImpl;Lorg/spongepowered/asm/mixin/injection/callback/CallbackInfoReturnable;)V doesn't use it's CallbackInfoReturnable
[13:06:27] [Render thread/DEBUG] (FabricLoader/Mixin) viafabricplus.mixins.json:base.connect.MixinClientConnection from mod viafabricplus->@Inject::setTargetVersion(Ljava/net/InetSocketAddress;ZLnet/minecraft/network/ClientConnection;Lorg/spongepowered/asm/mixin/injection/callback/CallbackInfoReturnable;)V doesn't use it's CallbackInfoReturnable
[13:06:27] [Render thread/DEBUG] (FabricLoader/Mixin) viafabricplus.mixins.json:base.integration.MixinClientConnection from mod viafabricplus->@Inject::printNetworkingErrors(Lio/netty/channel/ChannelHandlerContext;Ljava/lang/Throwable;Lorg/spongepowered/asm/mixin/injection/callback/CallbackInfo;)V doesn't use it's CallbackInfo
[13:06:27] [Render thread/DEBUG] (FabricLoader/Mixin) viafabricplus.mixins.json:base.integration.MixinClientConnection from mod viafabricplus->@Inject::printNetworkingErrors(Lio/netty/channel/ChannelHandlerContext;Ljava/lang/Throwable;Lorg/spongepowered/asm/mixin/injection/callback/CallbackInfo;)V has 0 override(s) in child classes
[13:06:27] [Render thread/DEBUG] (FabricLoader/Mixin) viafabricplus.mixins.json:base.integration.MixinClientConnection from mod viafabricplus->@Inject::printNetworkingErrors(Lio/netty/channel/ChannelHandlerContext;Ljava/lang/Throwable;Lorg/spongepowered/asm/mixin/injection/callback/CallbackInfo;)V won't be passed a CallbackInfo as a result
[13:06:27] [Render thread/DEBUG] (FabricLoader/Mixin) Mixing ClientPlayNetworkHandlerMixin from fabric-message-api-v1.client.mixins.json into net.minecraft.client.network.ClientPlayNetworkHandler
[13:06:27] [Render thread/DEBUG] (FabricLoader/Mixin) fabric-message-api-v1.client.mixins.json:ClientPlayNetworkHandlerMixin from mod fabric-message-api-v1: Class version 65 required is higher than the class version supported by the current version of Mixin (JAVA_17 supports class version 61)
[13:06:27] [Render thread/DEBUG] (FabricLoader/Mixin) Mixing ClientPlayNetworkHandlerMixin from fabric-networking-api-v1.client.mixins.json into net.minecraft.client.network.ClientPlayNetworkHandler
[13:06:27] [Render thread/DEBUG] (FabricLoader/Mixin) fabric-networking-api-v1.client.mixins.json:ClientPlayNetworkHandlerMixin from mod fabric-networking-api-v1: Class version 65 required is higher than the class version supported by the current version of Mixin (JAVA_17 supports class version 61)
[13:06:27] [Render thread/DEBUG] (FabricLoader/Mixin) Mixing ClientPlayNetworkHandlerMixin from fabric-lifecycle-events-v1.client.mixins.json into net.minecraft.client.network.ClientPlayNetworkHandler
[13:06:27] [Render thread/DEBUG] (FabricLoader/Mixin) fabric-lifecycle-events-v1.client.mixins.json:ClientPlayNetworkHandlerMixin from mod fabric-lifecycle-events-v1: Class version 65 required is higher than the class version supported by the current version of Mixin (JAVA_17 supports class version 61)
[13:06:27] [Render thread/DEBUG] (FabricLoader/Mixin) Mixing ClientPlayNetworkHandlerMixin from fabric-command-api-v2.client.mixins.json into net.minecraft.client.network.ClientPlayNetworkHandler
[13:06:27] [Render thread/DEBUG] (FabricLoader/Mixin) fabric-command-api-v2.client.mixins.json:ClientPlayNetworkHandlerMixin from mod fabric-command-api-v2: Class version 65 required is higher than the class version supported by the current version of Mixin (JAVA_17 supports class version 61)
[13:06:27] [Render thread/DEBUG] (FabricLoader/Mixin) Mixing ClientPlayNetworkHandlerMixin from fabric-data-attachment-api-v1.client.mixins.json into net.minecraft.client.network.ClientPlayNetworkHandler
[13:06:27] [Render thread/DEBUG] (FabricLoader/Mixin) fabric-data-attachment-api-v1.client.mixins.json:ClientPlayNetworkHandlerMixin from mod fabric-data-attachment-api-v1: Class version 65 required is higher than the class version supported by the current version of Mixin (JAVA_17 supports class version 61)
[13:06:27] [Render thread/DEBUG] (FabricLoader/Mixin) Mixing fixes.minecraft.network.MixinClientPlayNetworkHandler from viafabricplus.mixins.json into net.minecraft.client.network.ClientPlayNetworkHandler
[13:06:27] [Render thread/DEBUG] (FabricLoader/Mixin) Renaming synthetic method lambda$handleWinGameState0$0()Z to mdfed865$viafabricplus$lambda$handleWinGameState0$0$0 in viafabricplus.mixins.json:fixes.minecraft.network.MixinClientPlayNetworkHandler from mod viafabricplus
[13:06:27] [Download-1/DEBUG] (com.mojang.authlib.yggdrasil.YggdrasilMinecraftSessionService) Couldn't fetch profile properties for 5648fab5-fa61-330e-8fa7-aea962bdfd7c as the profile does not exist
[13:06:27] [Render thread/DEBUG] (FabricLoader/Mixin) fabric-message-api-v1.client.mixins.json:ClientPlayNetworkHandlerMixin from mod fabric-message-api-v1->@Inject::fabric_allowSendChatMessage(Ljava/lang/String;Lorg/spongepowered/asm/mixin/injection/callback/CallbackInfo;)V does use it's CallbackInfo
[13:06:27] [Render thread/DEBUG] (FabricLoader/Mixin) fabric-message-api-v1.client.mixins.json:ClientPlayNetworkHandlerMixin from mod fabric-message-api-v1->@Inject::fabric_allowSendCommandMessage(Ljava/lang/String;Lorg/spongepowered/asm/mixin/injection/callback/CallbackInfo;)V does use it's CallbackInfo
[13:06:27] [Render thread/DEBUG] (FabricLoader/Mixin) fabric-networking-api-v1.client.mixins.json:ClientPlayNetworkHandlerMixin from mod fabric-networking-api-v1->@Inject::initAddon(Lorg/spongepowered/asm/mixin/injection/callback/CallbackInfo;)V doesn't use it's CallbackInfo
[13:06:27] [Render thread/DEBUG] (FabricLoader/Mixin) fabric-networking-api-v1.client.mixins.json:ClientPlayNetworkHandlerMixin from mod fabric-networking-api-v1->@Inject::initAddon(Lorg/spongepowered/asm/mixin/injection/callback/CallbackInfo;)V has 0 override(s) in child classes
[13:06:27] [Render thread/DEBUG] (FabricLoader/Mixin) fabric-networking-api-v1.client.mixins.json:ClientPlayNetworkHandlerMixin from mod fabric-networking-api-v1->@Inject::initAddon(Lorg/spongepowered/asm/mixin/injection/callback/CallbackInfo;)V won't be passed a CallbackInfo as a result
[13:06:27] [Render thread/DEBUG] (FabricLoader/Mixin) fabric-networking-api-v1.client.mixins.json:ClientPlayNetworkHandlerMixin from mod fabric-networking-api-v1->@Inject::handleServerPlayReady(Lnet/minecraft/network/packet/s2c/play/GameJoinS2CPacket;Lorg/spongepowered/asm/mixin/injection/callback/CallbackInfo;)V doesn't use it's CallbackInfo
[13:06:27] [Render thread/DEBUG] (FabricLoader/Mixin) fabric-networking-api-v1.client.mixins.json:ClientPlayNetworkHandlerMixin from mod fabric-networking-api-v1->@Inject::handleServerPlayReady(Lnet/minecraft/network/packet/s2c/play/GameJoinS2CPacket;Lorg/spongepowered/asm/mixin/injection/callback/CallbackInfo;)V has 0 override(s) in child classes
[13:06:27] [Render thread/DEBUG] (FabricLoader/Mixin) fabric-networking-api-v1.client.mixins.json:ClientPlayNetworkHandlerMixin from mod fabric-networking-api-v1->@Inject::handleServerPlayReady(Lnet/minecraft/network/packet/s2c/play/GameJoinS2CPacket;Lorg/spongepowered/asm/mixin/injection/callback/CallbackInfo;)V won't be passed a CallbackInfo as a result
[13:06:27] [Render thread/DEBUG] (FabricLoader/Mixin) fabric-lifecycle-events-v1.client.mixins.json:ClientPlayNetworkHandlerMixin from mod fabric-lifecycle-events-v1->@Inject::onPlayerRespawn(Lnet/minecraft/network/packet/s2c/play/PlayerRespawnS2CPacket;Lorg/spongepowered/asm/mixin/injection/callback/CallbackInfo;)V doesn't use it's CallbackInfo
[13:06:27] [Render thread/DEBUG] (FabricLoader/Mixin) fabric-lifecycle-events-v1.client.mixins.json:ClientPlayNetworkHandlerMixin from mod fabric-lifecycle-events-v1->@Inject::onPlayerRespawn(Lnet/minecraft/network/packet/s2c/play/PlayerRespawnS2CPacket;Lorg/spongepowered/asm/mixin/injection/callback/CallbackInfo;)V has 0 override(s) in child classes
[13:06:27] [Render thread/DEBUG] (FabricLoader/Mixin) fabric-lifecycle-events-v1.client.mixins.json:ClientPlayNetworkHandlerMixin from mod fabric-lifecycle-events-v1->@Inject::onPlayerRespawn(Lnet/minecraft/network/packet/s2c/play/PlayerRespawnS2CPacket;Lorg/spongepowered/asm/mixin/injection/callback/CallbackInfo;)V won't be passed a CallbackInfo as a result
[13:06:27] [Render thread/DEBUG] (FabricLoader/Mixin) fabric-lifecycle-events-v1.client.mixins.json:ClientPlayNetworkHandlerMixin from mod fabric-lifecycle-events-v1->@Inject::onGameJoin(Lnet/minecraft/network/packet/s2c/play/GameJoinS2CPacket;Lorg/spongepowered/asm/mixin/injection/callback/CallbackInfo;)V doesn't use it's CallbackInfo
[13:06:27] [Render thread/DEBUG] (FabricLoader/Mixin) fabric-lifecycle-events-v1.client.mixins.json:ClientPlayNetworkHandlerMixin from mod fabric-lifecycle-events-v1->@Inject::onGameJoin(Lnet/minecraft/network/packet/s2c/play/GameJoinS2CPacket;Lorg/spongepowered/asm/mixin/injection/callback/CallbackInfo;)V has 0 override(s) in child classes
[13:06:27] [Render thread/DEBUG] (FabricLoader/Mixin) fabric-lifecycle-events-v1.client.mixins.json:ClientPlayNetworkHandlerMixin from mod fabric-lifecycle-events-v1->@Inject::onGameJoin(Lnet/minecraft/network/packet/s2c/play/GameJoinS2CPacket;Lorg/spongepowered/asm/mixin/injection/callback/CallbackInfo;)V won't be passed a CallbackInfo as a result
[13:06:27] [Render thread/DEBUG] (FabricLoader/Mixin) fabric-lifecycle-events-v1.client.mixins.json:ClientPlayNetworkHandlerMixin from mod fabric-lifecycle-events-v1->@Inject::onClearWorld(Lorg/spongepowered/asm/mixin/injection/callback/CallbackInfo;)V doesn't use it's CallbackInfo
[13:06:27] [Render thread/DEBUG] (FabricLoader/Mixin) fabric-lifecycle-events-v1.client.mixins.json:ClientPlayNetworkHandlerMixin from mod fabric-lifecycle-events-v1->@Inject::onClearWorld(Lorg/spongepowered/asm/mixin/injection/callback/CallbackInfo;)V has 0 override(s) in child classes
[13:06:27] [Render thread/DEBUG] (FabricLoader/Mixin) fabric-lifecycle-events-v1.client.mixins.json:ClientPlayNetworkHandlerMixin from mod fabric-lifecycle-events-v1->@Inject::onClearWorld(Lorg/spongepowered/asm/mixin/injection/callback/CallbackInfo;)V won't be passed a CallbackInfo as a result
[13:06:27] [Render thread/DEBUG] (FabricLoader/Mixin) fabric-command-api-v2.client.mixins.json:ClientPlayNetworkHandlerMixin from mod fabric-command-api-v2->@Inject::onGameJoin(Lnet/minecraft/network/packet/s2c/play/GameJoinS2CPacket;Lorg/spongepowered/asm/mixin/injection/callback/CallbackInfo;)V doesn't use it's CallbackInfo
[13:06:27] [Render thread/DEBUG] (FabricLoader/Mixin) fabric-command-api-v2.client.mixins.json:ClientPlayNetworkHandlerMixin from mod fabric-command-api-v2->@Inject::onGameJoin(Lnet/minecraft/network/packet/s2c/play/GameJoinS2CPacket;Lorg/spongepowered/asm/mixin/injection/callback/CallbackInfo;)V has 0 override(s) in child classes
[13:06:27] [Render thread/DEBUG] (FabricLoader/Mixin) fabric-command-api-v2.client.mixins.json:ClientPlayNetworkHandlerMixin from mod fabric-command-api-v2->@Inject::onGameJoin(Lnet/minecraft/network/packet/s2c/play/GameJoinS2CPacket;Lorg/spongepowered/asm/mixin/injection/callback/CallbackInfo;)V won't be passed a CallbackInfo as a result
[13:06:27] [Render thread/DEBUG] (FabricLoader/Mixin) fabric-command-api-v2.client.mixins.json:ClientPlayNetworkHandlerMixin from mod fabric-command-api-v2->@Inject::onOnCommandTree(Lnet/minecraft/network/packet/s2c/play/CommandTreeS2CPacket;Lorg/spongepowered/asm/mixin/injection/callback/CallbackInfo;)V doesn't use it's CallbackInfo
[13:06:27] [Render thread/DEBUG] (FabricLoader/Mixin) fabric-command-api-v2.client.mixins.json:ClientPlayNetworkHandlerMixin from mod fabric-command-api-v2->@Inject::onOnCommandTree(Lnet/minecraft/network/packet/s2c/play/CommandTreeS2CPacket;Lorg/spongepowered/asm/mixin/injection/callback/CallbackInfo;)V has 0 override(s) in child classes
[13:06:27] [Render thread/DEBUG] (FabricLoader/Mixin) fabric-command-api-v2.client.mixins.json:ClientPlayNetworkHandlerMixin from mod fabric-command-api-v2->@Inject::onOnCommandTree(Lnet/minecraft/network/packet/s2c/play/CommandTreeS2CPacket;Lorg/spongepowered/asm/mixin/injection/callback/CallbackInfo;)V won't be passed a CallbackInfo as a result
[13:06:27] [Render thread/DEBUG] (FabricLoader/Mixin) fabric-command-api-v2.client.mixins.json:ClientPlayNetworkHandlerMixin from mod fabric-command-api-v2->@Inject::onSendCommand(Ljava/lang/String;Lorg/spongepowered/asm/mixin/injection/callback/CallbackInfoReturnable;)V does use it's CallbackInfoReturnable
[13:06:27] [Render thread/DEBUG] (FabricLoader/Mixin) fabric-command-api-v2.client.mixins.json:ClientPlayNetworkHandlerMixin from mod fabric-command-api-v2->@Inject::onSendCommand(Ljava/lang/String;Lorg/spongepowered/asm/mixin/injection/callback/CallbackInfo;)V does use it's CallbackInfo
[13:06:27] [Render thread/DEBUG] (FabricLoader/Mixin) viafabricplus.mixins.json:fixes.minecraft.network.MixinClientPlayNetworkHandler from mod viafabricplus->@Inject::disableAutoRead(Lnet/minecraft/network/packet/s2c/play/EnterReconfigurationS2CPacket;Lorg/spongepowered/asm/mixin/injection/callback/CallbackInfo;)V doesn't use it's CallbackInfo
[13:06:27] [Render thread/DEBUG] (FabricLoader/Mixin) viafabricplus.mixins.json:fixes.minecraft.network.MixinClientPlayNetworkHandler from mod viafabricplus->@Inject::disableAutoRead(Lnet/minecraft/network/packet/s2c/play/EnterReconfigurationS2CPacket;Lorg/spongepowered/asm/mixin/injection/callback/CallbackInfo;)V has 0 override(s) in child classes
[13:06:27] [Render thread/DEBUG] (FabricLoader/Mixin) viafabricplus.mixins.json:fixes.minecraft.network.MixinClientPlayNetworkHandler from mod viafabricplus->@Inject::disableAutoRead(Lnet/minecraft/network/packet/s2c/play/EnterReconfigurationS2CPacket;Lorg/spongepowered/asm/mixin/injection/callback/CallbackInfo;)V won't be passed a CallbackInfo as a result
[13:06:27] [Render thread/DEBUG] (FabricLoader/Mixin) viafabricplus.mixins.json:fixes.minecraft.network.MixinClientPlayNetworkHandler from mod viafabricplus->@Inject::enableAutoRead(Lnet/minecraft/network/packet/s2c/play/EnterReconfigurationS2CPacket;Lorg/spongepowered/asm/mixin/injection/callback/CallbackInfo;)V doesn't use it's CallbackInfo
[13:06:27] [Render thread/DEBUG] (FabricLoader/Mixin) viafabricplus.mixins.json:fixes.minecraft.network.MixinClientPlayNetworkHandler from mod viafabricplus->@Inject::enableAutoRead(Lnet/minecraft/network/packet/s2c/play/EnterReconfigurationS2CPacket;Lorg/spongepowered/asm/mixin/injection/callback/CallbackInfo;)V has 0 override(s) in child classes
[13:06:27] [Render thread/DEBUG] (FabricLoader/Mixin) viafabricplus.mixins.json:fixes.minecraft.network.MixinClientPlayNetworkHandler from mod viafabricplus->@Inject::enableAutoRead(Lnet/minecraft/network/packet/s2c/play/EnterReconfigurationS2CPacket;Lorg/spongepowered/asm/mixin/injection/callback/CallbackInfo;)V won't be passed a CallbackInfo as a result
[13:06:27] [Render thread/DEBUG] (FabricLoader/Mixin) viafabricplus.mixins.json:fixes.minecraft.network.MixinClientPlayNetworkHandler from mod viafabricplus->@Inject::fixPlayerListOrdering(Lnet/minecraft/client/MinecraftClient;Lnet/minecraft/network/ClientConnection;Lnet/minecraft/client/network/ClientConnectionState;Lorg/spongepowered/asm/mixin/injection/callback/CallbackInfo;)V doesn't use it's CallbackInfo
[13:06:27] [Render thread/DEBUG] (FabricLoader/Mixin) viafabricplus.mixins.json:fixes.minecraft.network.MixinClientPlayNetworkHandler from mod viafabricplus->@Inject::fixPlayerListOrdering(Lnet/minecraft/client/MinecraftClient;Lnet/minecraft/network/ClientConnection;Lnet/minecraft/client/network/ClientConnectionState;Lorg/spongepowered/asm/mixin/injection/callback/CallbackInfo;)V has 0 override(s) in child classes
[13:06:27] [Render thread/DEBUG] (FabricLoader/Mixin) viafabricplus.mixins.json:fixes.minecraft.network.MixinClientPlayNetworkHandler from mod viafabricplus->@Inject::fixPlayerListOrdering(Lnet/minecraft/client/MinecraftClient;Lnet/minecraft/network/ClientConnection;Lnet/minecraft/client/network/ClientConnectionState;Lorg/spongepowered/asm/mixin/injection/callback/CallbackInfo;)V won't be passed a CallbackInfo as a result
[13:06:27] [Render thread/DEBUG] (FabricLoader/Mixin) viafabricplus.mixins.json:fixes.minecraft.network.MixinClientPlayNetworkHandler from mod viafabricplus->@Inject::moveDownloadingTerrainClosing(Lnet/minecraft/network/packet/s2c/play/PlayerSpawnPositionS2CPacket;Lorg/spongepowered/asm/mixin/injection/callback/CallbackInfo;)V doesn't use it's CallbackInfo
[13:06:27] [Render thread/DEBUG] (FabricLoader/Mixin) viafabricplus.mixins.json:fixes.minecraft.network.MixinClientPlayNetworkHandler from mod viafabricplus->@Inject::moveDownloadingTerrainClosing(Lnet/minecraft/network/packet/s2c/play/PlayerSpawnPositionS2CPacket;Lorg/spongepowered/asm/mixin/injection/callback/CallbackInfo;)V has 0 override(s) in child classes
[13:06:27] [Render thread/DEBUG] (FabricLoader/Mixin) viafabricplus.mixins.json:fixes.minecraft.network.MixinClientPlayNetworkHandler from mod viafabricplus->@Inject::moveDownloadingTerrainClosing(Lnet/minecraft/network/packet/s2c/play/PlayerSpawnPositionS2CPacket;Lorg/spongepowered/asm/mixin/injection/callback/CallbackInfo;)V won't be passed a CallbackInfo as a result
[13:06:27] [Render thread/DEBUG] (FabricLoader/Mixin) viafabricplus.mixins.json:fixes.minecraft.network.MixinClientPlayNetworkHandler from mod viafabricplus->@Inject::closeDownloadingTerrain(Lnet/minecraft/network/packet/s2c/play/PlayerPositionLookS2CPacket;Lorg/spongepowered/asm/mixin/injection/callback/CallbackInfo;)V doesn't use it's CallbackInfo
[13:06:27] [Render thread/DEBUG] (FabricLoader/Mixin) viafabricplus.mixins.json:fixes.minecraft.network.MixinClientPlayNetworkHandler from mod viafabricplus->@Inject::closeDownloadingTerrain(Lnet/minecraft/network/packet/s2c/play/PlayerPositionLookS2CPacket;Lorg/spongepowered/asm/mixin/injection/callback/CallbackInfo;)V has 0 override(s) in child classes
[13:06:27] [Render thread/DEBUG] (FabricLoader/Mixin) viafabricplus.mixins.json:fixes.minecraft.network.MixinClientPlayNetworkHandler from mod viafabricplus->@Inject::closeDownloadingTerrain(Lnet/minecraft/network/packet/s2c/play/PlayerPositionLookS2CPacket;Lorg/spongepowered/asm/mixin/injection/callback/CallbackInfo;)V won't be passed a CallbackInfo as a result
[13:06:27] [Render thread/DEBUG] (FabricLoader/Mixin) viafabricplus.mixins.json:fixes.minecraft.network.MixinClientPlayNetworkHandler from mod viafabricplus->@Inject::emulateSimulationDistance(Lnet/minecraft/network/packet/s2c/play/ChunkLoadDistanceS2CPacket;Lorg/spongepowered/asm/mixin/injection/callback/CallbackInfo;)V doesn't use it's CallbackInfo
[13:06:27] [Render thread/DEBUG] (FabricLoader/Mixin) viafabricplus.mixins.json:fixes.minecraft.network.MixinClientPlayNetworkHandler from mod viafabricplus->@Inject::emulateSimulationDistance(Lnet/minecraft/network/packet/s2c/play/ChunkLoadDistanceS2CPacket;Lorg/spongepowered/asm/mixin/injection/callback/CallbackInfo;)V has 0 override(s) in child classes
[13:06:27] [Render thread/DEBUG] (FabricLoader/Mixin) viafabricplus.mixins.json:fixes.minecraft.network.MixinClientPlayNetworkHandler from mod viafabricplus->@Inject::emulateSimulationDistance(Lnet/minecraft/network/packet/s2c/play/ChunkLoadDistanceS2CPacket;Lorg/spongepowered/asm/mixin/injection/callback/CallbackInfo;)V won't be passed a CallbackInfo as a result
[13:06:27] [Render thread/DEBUG] (FabricLoader/Mixin) viafabricplus.mixins.json:fixes.minecraft.network.MixinClientPlayNetworkHandler from mod viafabricplus->@Inject::sendRecipes(Lnet/minecraft/network/packet/s2c/play/GameJoinS2CPacket;Lorg/spongepowered/asm/mixin/injection/callback/CallbackInfo;)V doesn't use it's CallbackInfo
[13:06:27] [Render thread/DEBUG] (FabricLoader/Mixin) viafabricplus.mixins.json:fixes.minecraft.network.MixinClientPlayNetworkHandler from mod viafabricplus->@Inject::sendRecipes(Lnet/minecraft/network/packet/s2c/play/GameJoinS2CPacket;Lorg/spongepowered/asm/mixin/injection/callback/CallbackInfo;)V has 0 override(s) in child classes
[13:06:27] [Render thread/DEBUG] (FabricLoader/Mixin) viafabricplus.mixins.json:fixes.minecraft.network.MixinClientPlayNetworkHandler from mod viafabricplus->@Inject::sendRecipes(Lnet/minecraft/network/packet/s2c/play/GameJoinS2CPacket;Lorg/spongepowered/asm/mixin/injection/callback/CallbackInfo;)V won't be passed a CallbackInfo as a result
[13:06:27] [Render thread/DEBUG] (FabricLoader/Mixin) Mixing fixes.minecraft.network.MixinClientCommonNetworkHandler from viafabricplus.mixins.json into net.minecraft.client.network.ClientCommonNetworkHandler
[13:06:27] [Render thread/DEBUG] (FabricLoader/Mixin) Mixing accessor.ClientCommonNetworkHandlerAccessor from fabric-networking-api-v1.client.mixins.json into net.minecraft.client.network.ClientCommonNetworkHandler
[13:06:27] [Render thread/DEBUG] (FabricLoader/Mixin) fabric-networking-api-v1.client.mixins.json:accessor.ClientCommonNetworkHandlerAccessor from mod fabric-networking-api-v1: Class version 65 required is higher than the class version supported by the current version of Mixin (JAVA_17 supports class version 61)
[13:06:27] [Render thread/DEBUG] (FabricLoader/Mixin) Mixing ClientCommonNetworkHandlerMixin from fabric-networking-api-v1.client.mixins.json into net.minecraft.client.network.ClientCommonNetworkHandler
[13:06:27] [Render thread/DEBUG] (FabricLoader/Mixin) fabric-networking-api-v1.client.mixins.json:ClientCommonNetworkHandlerMixin from mod fabric-networking-api-v1: Class version 65 required is higher than the class version supported by the current version of Mixin (JAVA_17 supports class version 61)
[13:06:27] [Render thread/DEBUG] (FabricLoader/Mixin) viafabricplus.mixins.json:fixes.minecraft.network.MixinClientCommonNetworkHandler from mod viafabricplus->@Inject::dontCreatePacketErrorCrashReports(Lorg/spongepowered/asm/mixin/injection/callback/CallbackInfoReturnable;)V does use it's CallbackInfoReturnable
[13:06:27] [Render thread/DEBUG] (FabricLoader/Mixin) viafabricplus.mixins.json:fixes.minecraft.network.MixinClientCommonNetworkHandler from mod viafabricplus->@Inject::validateUrlInNetworkThread(Lnet/minecraft/network/packet/s2c/common/ResourcePackSendS2CPacket;Lorg/spongepowered/asm/mixin/injection/callback/CallbackInfo;)V does use it's CallbackInfo
[13:06:27] [Render thread/DEBUG] (FabricLoader/Mixin) viafabricplus.mixins.json:fixes.minecraft.network.MixinClientCommonNetworkHandler from mod viafabricplus->@Inject::addMissingConditions(Lnet/minecraft/network/packet/s2c/common/CommonPingS2CPacket;Lorg/spongepowered/asm/mixin/injection/callback/CallbackInfo;)V does use it's CallbackInfo
[13:06:27] [Render thread/DEBUG] (FabricLoader/Mixin) viafabricplus.mixins.json:fixes.minecraft.network.MixinClientCommonNetworkHandler from mod viafabricplus->@Inject::handleSyncTask(Lnet/minecraft/network/packet/s2c/common/CustomPayloadS2CPacket;Lorg/spongepowered/asm/mixin/injection/callback/CallbackInfo;)V does use it's CallbackInfo
[13:06:27] [Render thread/DEBUG] (FabricLoader/Mixin) fabric-networking-api-v1.client.mixins.json:ClientCommonNetworkHandlerMixin from mod fabric-networking-api-v1->@Inject::onCustomPayload(Lnet/minecraft/network/packet/s2c/common/CustomPayloadS2CPacket;Lorg/spongepowered/asm/mixin/injection/callback/CallbackInfo;)V does use it's CallbackInfo
[13:06:27] [Render thread/DEBUG] (FabricLoader/Mixin) Mixing ClientConfigurationNetworkHandlerMixin from fabric-networking-api-v1.client.mixins.json into net.minecraft.client.network.ClientConfigurationNetworkHandler
[13:06:27] [Render thread/DEBUG] (FabricLoader/Mixin) fabric-networking-api-v1.client.mixins.json:ClientConfigurationNetworkHandlerMixin from mod fabric-networking-api-v1: Class version 65 required is higher than the class version supported by the current version of Mixin (JAVA_17 supports class version 61)
[13:06:27] [Render thread/DEBUG] (FabricLoader/Mixin) Mixing accessor.ClientConfigurationNetworkHandlerAccessor from fabric-networking-api-v1.client.mixins.json into net.minecraft.client.network.ClientConfigurationNetworkHandler
[13:06:27] [Render thread/DEBUG] (FabricLoader/Mixin) fabric-networking-api-v1.client.mixins.json:accessor.ClientConfigurationNetworkHandlerAccessor from mod fabric-networking-api-v1: Class version 65 required is higher than the class version supported by the current version of Mixin (JAVA_17 supports class version 61)
[13:06:27] [Render thread/DEBUG] (FabricLoader/Mixin) Mixing fixes.minecraft.network.MixinClientConfigurationNetworkHandler from viafabricplus.mixins.json into net.minecraft.client.network.ClientConfigurationNetworkHandler
[13:06:27] [Render thread/DEBUG] (FabricLoader/Mixin) fabric-networking-api-v1.client.mixins.json:ClientConfigurationNetworkHandlerMixin from mod fabric-networking-api-v1->@Inject::initAddon(Lorg/spongepowered/asm/mixin/injection/callback/CallbackInfo;)V doesn't use it's CallbackInfo
[13:06:27] [Render thread/DEBUG] (FabricLoader/Mixin) fabric-networking-api-v1.client.mixins.json:ClientConfigurationNetworkHandlerMixin from mod fabric-networking-api-v1->@Inject::initAddon(Lorg/spongepowered/asm/mixin/injection/callback/CallbackInfo;)V has 0 override(s) in child classes
[13:06:27] [Render thread/DEBUG] (FabricLoader/Mixin) fabric-networking-api-v1.client.mixins.json:ClientConfigurationNetworkHandlerMixin from mod fabric-networking-api-v1->@Inject::initAddon(Lorg/spongepowered/asm/mixin/injection/callback/CallbackInfo;)V won't be passed a CallbackInfo as a result
[13:06:27] [Render thread/DEBUG] (FabricLoader/Mixin) fabric-networking-api-v1.client.mixins.json:ClientConfigurationNetworkHandlerMixin from mod fabric-networking-api-v1->@Inject::handleComplete(Lnet/minecraft/network/packet/s2c/config/ReadyS2CPacket;Lorg/spongepowered/asm/mixin/injection/callback/CallbackInfo;)V doesn't use it's CallbackInfo
[13:06:27] [Render thread/DEBUG] (FabricLoader/Mixin) fabric-networking-api-v1.client.mixins.json:ClientConfigurationNetworkHandlerMixin from mod fabric-networking-api-v1->@Inject::handleComplete(Lnet/minecraft/network/packet/s2c/config/ReadyS2CPacket;Lorg/spongepowered/asm/mixin/injection/callback/CallbackInfo;)V has 0 override(s) in child classes
[13:06:27] [Render thread/DEBUG] (FabricLoader/Mixin) fabric-networking-api-v1.client.mixins.json:ClientConfigurationNetworkHandlerMixin from mod fabric-networking-api-v1->@Inject::handleComplete(Lnet/minecraft/network/packet/s2c/config/ReadyS2CPacket;Lorg/spongepowered/asm/mixin/injection/callback/CallbackInfo;)V won't be passed a CallbackInfo as a result
[13:06:27] [Render thread/DEBUG] (FabricLoader/Mixin) viafabricplus.mixins.json:fixes.minecraft.network.MixinClientConfigurationNetworkHandler from mod viafabricplus->@Inject::disableAutoRead(Lnet/minecraft/network/packet/s2c/config/ReadyS2CPacket;Lorg/spongepowered/asm/mixin/injection/callback/CallbackInfo;)V doesn't use it's CallbackInfo
[13:06:27] [Render thread/DEBUG] (FabricLoader/Mixin) viafabricplus.mixins.json:fixes.minecraft.network.MixinClientConfigurationNetworkHandler from mod viafabricplus->@Inject::disableAutoRead(Lnet/minecraft/network/packet/s2c/config/ReadyS2CPacket;Lorg/spongepowered/asm/mixin/injection/callback/CallbackInfo;)V has 0 override(s) in child classes
[13:06:27] [Render thread/DEBUG] (FabricLoader/Mixin) viafabricplus.mixins.json:fixes.minecraft.network.MixinClientConfigurationNetworkHandler from mod viafabricplus->@Inject::disableAutoRead(Lnet/minecraft/network/packet/s2c/config/ReadyS2CPacket;Lorg/spongepowered/asm/mixin/injection/callback/CallbackInfo;)V won't be passed a CallbackInfo as a result
[13:06:27] [Render thread/DEBUG] (FabricLoader/Mixin) viafabricplus.mixins.json:fixes.minecraft.network.MixinClientConfigurationNetworkHandler from mod viafabricplus->@Inject::enableAutoRead(Lnet/minecraft/network/packet/s2c/config/ReadyS2CPacket;Lorg/spongepowered/asm/mixin/injection/callback/CallbackInfo;)V doesn't use it's CallbackInfo
[13:06:27] [Render thread/DEBUG] (FabricLoader/Mixin) viafabricplus.mixins.json:fixes.minecraft.network.MixinClientConfigurationNetworkHandler from mod viafabricplus->@Inject::enableAutoRead(Lnet/minecraft/network/packet/s2c/config/ReadyS2CPacket;Lorg/spongepowered/asm/mixin/injection/callback/CallbackInfo;)V has 0 override(s) in child classes
[13:06:27] [Render thread/DEBUG] (FabricLoader/Mixin) viafabricplus.mixins.json:fixes.minecraft.network.MixinClientConfigurationNetworkHandler from mod viafabricplus->@Inject::enableAutoRead(Lnet/minecraft/network/packet/s2c/config/ReadyS2CPacket;Lorg/spongepowered/asm/mixin/injection/callback/CallbackInfo;)V won't be passed a CallbackInfo as a result
[13:06:27] [Render thread/DEBUG] (FabricLoader/Mixin) viafabricplus.mixins.json:fixes.minecraft.network.MixinClientConfigurationNetworkHandler from mod viafabricplus->@Inject::notifyAboutFeatures(Lnet/minecraft/network/packet/s2c/config/FeaturesS2CPacket;Lorg/spongepowered/asm/mixin/injection/callback/CallbackInfo;)V doesn't use it's CallbackInfo
[13:06:27] [Render thread/DEBUG] (FabricLoader/Mixin) viafabricplus.mixins.json:fixes.minecraft.network.MixinClientConfigurationNetworkHandler from mod viafabricplus->@Inject::notifyAboutFeatures(Lnet/minecraft/network/packet/s2c/config/FeaturesS2CPacket;Lorg/spongepowered/asm/mixin/injection/callback/CallbackInfo;)V has 0 override(s) in child classes
[13:06:27] [Render thread/DEBUG] (FabricLoader/Mixin) viafabricplus.mixins.json:fixes.minecraft.network.MixinClientConfigurationNetworkHandler from mod viafabricplus->@Inject::notifyAboutFeatures(Lnet/minecraft/network/packet/s2c/config/FeaturesS2CPacket;Lorg/spongepowered/asm/mixin/injection/callback/CallbackInfo;)V won't be passed a CallbackInfo as a result
[13:06:27] [Render thread/DEBUG] (FabricLoader/Mixin) Mixing accessor.ClientLoginNetworkHandlerAccessor from fabric-networking-api-v1.client.mixins.json into net.minecraft.client.network.ClientLoginNetworkHandler
[13:06:27] [Render thread/DEBUG] (FabricLoader/Mixin) fabric-networking-api-v1.client.mixins.json:accessor.ClientLoginNetworkHandlerAccessor from mod fabric-networking-api-v1: Class version 65 required is higher than the class version supported by the current version of Mixin (JAVA_17 supports class version 61)
[13:06:27] [Render thread/DEBUG] (FabricLoader/Mixin) Mixing ClientLoginNetworkHandlerMixin from fabric-networking-api-v1.client.mixins.json into net.minecraft.client.network.ClientLoginNetworkHandler
[13:06:27] [Render thread/DEBUG] (FabricLoader/Mixin) fabric-networking-api-v1.client.mixins.json:ClientLoginNetworkHandlerMixin from mod fabric-networking-api-v1: Class version 65 required is higher than the class version supported by the current version of Mixin (JAVA_17 supports class version 61)
[13:06:27] [Render thread/DEBUG] (FabricLoader/Mixin) Mixing base.connect.MixinClientLoginNetworkHandler from viafabricplus.mixins.json into net.minecraft.client.network.ClientLoginNetworkHandler
[13:06:27] [Render thread/DEBUG] (FabricLoader/Mixin) Mixing fixes.minecraft.network.MixinClientLoginNetworkHandler from viafabricplus.mixins.json into net.minecraft.client.network.ClientLoginNetworkHandler
[13:06:27] [Render thread/DEBUG] (FabricLoader/Mixin) fabric-networking-api-v1.client.mixins.json:ClientLoginNetworkHandlerMixin from mod fabric-networking-api-v1->@Inject::initAddon(Lorg/spongepowered/asm/mixin/injection/callback/CallbackInfo;)V doesn't use it's CallbackInfo
[13:06:27] [Render thread/DEBUG] (FabricLoader/Mixin) fabric-networking-api-v1.client.mixins.json:ClientLoginNetworkHandlerMixin from mod fabric-networking-api-v1->@Inject::initAddon(Lorg/spongepowered/asm/mixin/injection/callback/CallbackInfo;)V has 0 override(s) in child classes
[13:06:27] [Render thread/DEBUG] (FabricLoader/Mixin) fabric-networking-api-v1.client.mixins.json:ClientLoginNetworkHandlerMixin from mod fabric-networking-api-v1->@Inject::initAddon(Lorg/spongepowered/asm/mixin/injection/callback/CallbackInfo;)V won't be passed a CallbackInfo as a result
[13:06:27] [Render thread/DEBUG] (FabricLoader/Mixin) fabric-networking-api-v1.client.mixins.json:ClientLoginNetworkHandlerMixin from mod fabric-networking-api-v1->@Inject::handleQueryRequest(Lnet/minecraft/network/packet/s2c/login/LoginQueryRequestS2CPacket;Lorg/spongepowered/asm/mixin/injection/callback/CallbackInfo;)V does use it's CallbackInfo
[13:06:27] [Render thread/DEBUG] (FabricLoader/Mixin) viafabricplus.mixins.json:base.connect.MixinClientLoginNetworkHandler from mod viafabricplus->@Inject::onlyVerifySessionInOnlineMode(Ljava/lang/String;Lorg/spongepowered/asm/mixin/injection/callback/CallbackInfoReturnable;)V does use it's CallbackInfoReturnable
[13:06:27] [Render thread/DEBUG] (FabricLoader/Mixin) Mixing GameOptionsMixin from fabric-resource-loader-v0.client.mixins.json into net.minecraft.client.option.GameOptions
[13:06:27] [Render thread/DEBUG] (FabricLoader/Mixin) fabric-resource-loader-v0.client.mixins.json:GameOptionsMixin from mod fabric-resource-loader-v0: Class version 65 required is higher than the class version supported by the current version of Mixin (JAVA_17 supports class version 61)
[13:06:27] [Render thread/DEBUG] (FabricLoader/Mixin) Mixing GameOptionsMixin from fabric-key-binding-api-v1.mixins.json into net.minecraft.client.option.GameOptions
[13:06:27] [Render thread/DEBUG] (FabricLoader/Mixin) fabric-key-binding-api-v1.mixins.json:GameOptionsMixin from mod fabric-key-binding-api-v1: Class version 65 required is higher than the class version supported by the current version of Mixin (JAVA_17 supports class version 61)
[13:06:27] [Render thread/DEBUG] (FabricLoader/Mixin) Mixing base.connect.MixinGameOptions from viafabricplus.mixins.json into net.minecraft.client.option.GameOptions
[13:06:27] [Render thread/DEBUG] (FabricLoader/Mixin) Mixing fixes.minecraft.MixinGameOptions from viafabricplus.mixins.json into net.minecraft.client.option.GameOptions
[13:06:27] [Render thread/DEBUG] (FabricLoader/Mixin) fabric-resource-loader-v0.client.mixins.json:GameOptionsMixin from mod fabric-resource-loader-v0->@Inject::onLoad(Lorg/spongepowered/asm/mixin/injection/callback/CallbackInfo;)V doesn't use it's CallbackInfo
[13:06:27] [Render thread/DEBUG] (FabricLoader/Mixin) fabric-resource-loader-v0.client.mixins.json:GameOptionsMixin from mod fabric-resource-loader-v0->@Inject::onLoad(Lorg/spongepowered/asm/mixin/injection/callback/CallbackInfo;)V has 0 override(s) in child classes
[13:06:27] [Render thread/DEBUG] (FabricLoader/Mixin) fabric-resource-loader-v0.client.mixins.json:GameOptionsMixin from mod fabric-resource-loader-v0->@Inject::onLoad(Lorg/spongepowered/asm/mixin/injection/callback/CallbackInfo;)V won't be passed a CallbackInfo as a result
[13:06:27] [Render thread/DEBUG] (FabricLoader/Mixin) fabric-resource-loader-v0.client.mixins.json:GameOptionsMixin from mod fabric-resource-loader-v0->@Inject::onLoad(Lorg/spongepowered/asm/mixin/injection/callback/CallbackInfo;)V doesn't use it's CallbackInfo
[13:06:27] [Render thread/DEBUG] (FabricLoader/Mixin) fabric-resource-loader-v0.client.mixins.json:GameOptionsMixin from mod fabric-resource-loader-v0->@Inject::onLoad(Lorg/spongepowered/asm/mixin/injection/callback/CallbackInfo;)V has 0 override(s) in child classes
[13:06:27] [Render thread/DEBUG] (FabricLoader/Mixin) fabric-resource-loader-v0.client.mixins.json:GameOptionsMixin from mod fabric-resource-loader-v0->@Inject::onLoad(Lorg/spongepowered/asm/mixin/injection/callback/CallbackInfo;)V won't be passed a CallbackInfo as a result
[13:06:27] [Render thread/DEBUG] (FabricLoader/Mixin) fabric-key-binding-api-v1.mixins.json:GameOptionsMixin from mod fabric-key-binding-api-v1->@Inject::loadHook(Lorg/spongepowered/asm/mixin/injection/callback/CallbackInfo;)V doesn't use it's CallbackInfo
[13:06:27] [Render thread/DEBUG] (FabricLoader/Mixin) fabric-key-binding-api-v1.mixins.json:GameOptionsMixin from mod fabric-key-binding-api-v1->@Inject::loadHook(Lorg/spongepowered/asm/mixin/injection/callback/CallbackInfo;)V has 0 override(s) in child classes
[13:06:27] [Render thread/DEBUG] (FabricLoader/Mixin) fabric-key-binding-api-v1.mixins.json:GameOptionsMixin from mod fabric-key-binding-api-v1->@Inject::loadHook(Lorg/spongepowered/asm/mixin/injection/callback/CallbackInfo;)V won't be passed a CallbackInfo as a result
[13:06:27] [Via-Mappingloader-1/DEBUG] (FabricLoader/Mixin) Mixing fixes.viaversion.MixinParticleMappings from viafabricplus.mixins.json into com.viaversion.viaversion.api.data.ParticleMappings
[13:06:27] [Via-Mappingloader-0/INFO] (ViaVersion) Loading block connection mappings ...
[13:06:27] [ForkJoinPool.commonPool-worker-1/DEBUG] (FabricLoader/Mixin) Mixing fixes.viaversion.MixinItemPacketRewriter1_14 from viafabricplus.mixins.json into com.viaversion.viaversion.protocols.v1_13_2to1_14.rewriter.ItemPacketRewriter1_14
[13:06:27] [ForkJoinPool.commonPool-worker-1/DEBUG] (FabricLoader/Mixin) Renaming synthetic method lambda$supportLargeContainers$0(Lnet/minecraft/network/RegistryByteBuf;)V to mdfed865$viafabricplus$lambda$supportLargeContainers$0$0 in viafabricplus.mixins.json:fixes.viaversion.MixinItemPacketRewriter1_14 from mod viafabricplus
[13:06:27] [ForkJoinPool.commonPool-worker-1/DEBUG] (FabricLoader/Mixin) viafabricplus.mixins.json:fixes.viaversion.MixinItemPacketRewriter1_14 from mod viafabricplus->@Inject::dontResyncInventory(Lorg/spongepowered/asm/mixin/injection/callback/CallbackInfo;)V doesn't use it's CallbackInfo
[13:06:27] [ForkJoinPool.commonPool-worker-1/DEBUG] (FabricLoader/Mixin) viafabricplus.mixins.json:fixes.viaversion.MixinItemPacketRewriter1_14 from mod viafabricplus->@Inject::dontResyncInventory(Lorg/spongepowered/asm/mixin/injection/callback/CallbackInfo;)V has 0 override(s) in child classes
[13:06:27] [ForkJoinPool.commonPool-worker-1/DEBUG] (FabricLoader/Mixin) viafabricplus.mixins.json:fixes.viaversion.MixinItemPacketRewriter1_14 from mod viafabricplus->@Inject::dontResyncInventory(Lorg/spongepowered/asm/mixin/injection/callback/CallbackInfo;)V won't be passed a CallbackInfo as a result
[13:06:27] [ForkJoinPool.commonPool-worker-1/DEBUG] (FabricLoader/Mixin) viafabricplus.mixins.json:fixes.viaversion.MixinItemPacketRewriter1_14 from mod viafabricplus->@Inject::supportLargeContainers(Lcom/viaversion/viaversion/api/protocol/packet/PacketWrapper;Lorg/spongepowered/asm/mixin/injection/callback/CallbackInfo;)V does use it's CallbackInfo
[13:06:27] [Render thread/DEBUG] (FabricLoader/Mixin) Mixing fixes.minecraft.screen.hud.MixinChatHud from viafabricplus.mixins.json into net.minecraft.client.gui.hud.ChatHud
[13:06:27] [ForkJoinPool.commonPool-worker-1/DEBUG] (FabricLoader/Mixin) Mixing fixes.viaversion.MixinEntityPacketRewriter1_15 from viafabricplus.mixins.json into com.viaversion.viaversion.protocols.v1_14_4to1_15.rewriter.EntityPacketRewriter1_15
[13:06:27] [ForkJoinPool.commonPool-worker-1/DEBUG] (FabricLoader/Mixin) Renaming synthetic method lambda$removeAndTrackHealth$0(ILcom/viaversion/viaversion/rewriter/entitydata/EntityDataHandlerEvent;Lcom/viaversion/viaversion/api/minecraft/entitydata/EntityData;)V to mdfed865$viafabricplus$lambda$removeAndTrackHealth$0$0 in viafabricplus.mixins.json:fixes.viaversion.MixinEntityPacketRewriter1_15 from mod viafabricplus
[13:06:27] [Via-Mappingloader-0/INFO] (ViaVersion) Using FastUtil Long2ObjectOpenHashMap for block connections
[13:06:27] [ForkJoinPool.commonPool-worker-1/DEBUG] (FabricLoader/Mixin) Mixing fixes.viaversion.MixinWorldPacketRewriter1_16_2 from viafabricplus.mixins.json into com.viaversion.viaversion.protocols.v1_16_1to1_16_2.rewriter.WorldPacketRewriter1_16_2
[13:06:27] [ForkJoinPool.commonPool-worker-1/DEBUG] (FabricLoader/Mixin) Mixing fixes.viaversion.MixinEntityPacketRewriter1_17 from viafabricplus.mixins.json into com.viaversion.viaversion.protocols.v1_16_4to1_17.rewriter.EntityPacketRewriter1_17
[13:06:27] [ForkJoinPool.commonPool-worker-1/DEBUG] (FabricLoader/Mixin) Mixing fixes.viaversion.MixinItemPacketRewriter1_17 from viafabricplus.mixins.json into com.viaversion.viaversion.protocols.v1_16_4to1_17.rewriter.ItemPacketRewriter1_17
[13:06:27] [ForkJoinPool.commonPool-worker-1/DEBUG] (FabricLoader/Mixin) Renaming synthetic method lambda$removeContainerClickHandler$0(Lcom/viaversion/viaversion/api/protocol/packet/PacketWrapper;)V to mdfed865$viafabricplus$lambda$removeContainerClickHandler$0$0 in viafabricplus.mixins.json:fixes.viaversion.MixinItemPacketRewriter1_17 from mod viafabricplus
[13:06:27] [ForkJoinPool.commonPool-worker-1/DEBUG] (FabricLoader/Mixin) viafabricplus.mixins.json:fixes.viaversion.MixinItemPacketRewriter1_17 from mod viafabricplus->@Inject::removeContainerClickHandler(Lorg/spongepowered/asm/mixin/injection/callback/CallbackInfo;)V doesn't use it's CallbackInfo
[13:06:27] [Render thread/DEBUG] (FabricLoader/Mixin) Mixing ResourcePackProfileMixin from fabric-resource-conditions-api-v1.mixins.json into net.minecraft.resource.ResourcePackProfile
[13:06:27] [Render thread/DEBUG] (FabricLoader/Mixin) fabric-resource-conditions-api-v1.mixins.json:ResourcePackProfileMixin from mod fabric-resource-conditions-api-v1: Class version 65 required is higher than the class version supported by the current version of Mixin (JAVA_17 supports class version 61)
[13:06:27] [Render thread/DEBUG] (FabricLoader/Mixin) Mixing ResourcePackProfileMixin from fabric-resource-loader-v0.mixins.json into net.minecraft.resource.ResourcePackProfile
[13:06:27] [Render thread/DEBUG] (FabricLoader/Mixin) fabric-resource-loader-v0.mixins.json:ResourcePackProfileMixin from mod fabric-resource-loader-v0: Class version 65 required is higher than the class version supported by the current version of Mixin (JAVA_17 supports class version 61)
[13:06:27] [Render thread/DEBUG] (FabricLoader/Mixin) Renaming synthetic method lambda$static$0(Ljava/util/Set;)Z to mdfed865$fabric-resource-loader-v0$lambda$static$0$0 in fabric-resource-loader-v0.mixins.json:ResourcePackProfileMixin from mod fabric-resource-loader-v0
[13:06:27] [Render thread/DEBUG] (FabricLoader/Mixin) fabric-resource-loader-v0.mixins.json:ResourcePackProfileMixin from mod fabric-resource-loader-v0->@Inject::onCreateResourcePack(Lorg/spongepowered/asm/mixin/injection/callback/CallbackInfoReturnable;)V does use it's CallbackInfoReturnable
[13:06:27] [ForkJoinPool.commonPool-worker-1/DEBUG] (FabricLoader/Mixin) Mixing fixes.viaversion.MixinWorldPacketRewriter1_17 from viafabricplus.mixins.json into com.viaversion.viaversion.protocols.v1_16_4to1_17.rewriter.WorldPacketRewriter1_17
[13:06:27] [ForkJoinPool.commonPool-worker-1/DEBUG] (FabricLoader/Mixin) Mixing fixes.viaversion.MixinWorldPacketRewriter1_19 from viafabricplus.mixins.json into com.viaversion.viaversion.protocols.v1_18_2to1_19.rewriter.WorldPacketRewriter1_19
[13:06:27] [ForkJoinPool.commonPool-worker-1/DEBUG] (FabricLoader/Mixin) Renaming synthetic method lambda$handleLegacyAcknowledgePlayerDigging$1(Lcom/viaversion/viaversion/api/protocol/packet/PacketWrapper;)V to mdfed865$viafabricplus$lambda$handleLegacyAcknowledgePlayerDigging$1$0 in viafabricplus.mixins.json:fixes.viaversion.MixinWorldPacketRewriter1_19 from mod viafabricplus
[13:06:27] [ForkJoinPool.commonPool-worker-1/DEBUG] (FabricLoader/Mixin) Renaming synthetic method lambda$handleLegacyAcknowledgePlayerDigging$0(Lnet/minecraft/network/RegistryByteBuf;)V to mdfed865$viafabricplus$lambda$handleLegacyAcknowledgePlayerDigging$0$1 in viafabricplus.mixins.json:fixes.viaversion.MixinWorldPacketRewriter1_19 from mod viafabricplus
[13:06:27] [ForkJoinPool.commonPool-worker-1/DEBUG] (FabricLoader/Mixin) Mixing fixes.viaversion.MixinEntityPacketRewriter1_19_4 from viafabricplus.mixins.json into com.viaversion.viaversion.protocols.v1_19_3to1_19_4.rewriter.EntityPacketRewriter1_19_4
[13:06:27] [ForkJoinPool.commonPool-worker-1/DEBUG] (FabricLoader/Mixin) Renaming synthetic method lambda$fixTeleportBehaviour$0(Lcom/viaversion/viaversion/api/protocol/packet/PacketWrapper;)V to mdfed865$viafabricplus$lambda$fixTeleportBehaviour$0$0 in viafabricplus.mixins.json:fixes.viaversion.MixinEntityPacketRewriter1_19_4 from mod viafabricplus
[13:06:27] [ForkJoinPool.commonPool-worker-1/DEBUG] (FabricLoader/Mixin) viafabricplus.mixins.json:fixes.viaversion.MixinEntityPacketRewriter1_19_4 from mod viafabricplus->@Inject::fixTeleportBehaviour(Lorg/spongepowered/asm/mixin/injection/callback/CallbackInfo;)V doesn't use it's CallbackInfo
[13:06:27] [ForkJoinPool.commonPool-worker-1/DEBUG] (FabricLoader/Mixin) Mixing fixes.viaversion.MixinProtocol1_20To1_20_2 from viafabricplus.mixins.json into com.viaversion.viaversion.protocols.v1_20to1_20_2.Protocol1_20To1_20_2
[13:06:27] [ForkJoinPool.commonPool-worker-1/DEBUG] (FabricLoader/Mixin) viafabricplus.mixins.json:fixes.viaversion.MixinProtocol1_20To1_20_2 from mod viafabricplus->@Inject::dontQueueConfigPackets(Lcom/viaversion/viaversion/protocols/v1_20to1_20_2/packet/ServerboundPackets1_20_2;Lcom/viaversion/viaversion/api/protocol/packet/PacketWrapper;Lorg/spongepowered/asm/mixin/injection/callback/CallbackInfo;)V does use it's CallbackInfo
[13:06:28] [ForkJoinPool.commonPool-worker-1/DEBUG] (FabricLoader/Mixin) Mixing fixes.viaversion.MixinEntityPacketRewriter1_20_3 from viafabricplus.mixins.json into com.viaversion.viaversion.protocols.v1_20_2to1_20_3.rewriter.EntityPacketRewriter1_20_3
[13:06:28] [ForkJoinPool.commonPool-worker-1/DEBUG] (FabricLoader/Mixin) viafabricplus.mixins.json:fixes.viaversion.MixinEntityPacketRewriter1_20_3 from mod viafabricplus->@Inject::cancelGameStatePacket(Lcom/viaversion/viaversion/api/protocol/packet/PacketWrapper;Lorg/spongepowered/asm/mixin/injection/callback/CallbackInfo;)V does use it's CallbackInfo
[13:06:28] [ForkJoinPool.commonPool-worker-1/DEBUG] (FabricLoader/Mixin) Mixing fixes.viaversion.MixinProtocol1_20_3To1_20_5 from viafabricplus.mixins.json into com.viaversion.viaversion.protocols.v1_20_3to1_20_5.Protocol1_20_3To1_20_5
[13:06:28] [ForkJoinPool.commonPool-worker-1/DEBUG] (FabricLoader/Mixin) Renaming synthetic method lambda$removeCommandHandlers$0(Lcom/viaversion/viaversion/api/protocol/packet/PacketWrapper;)V to mdfed865$viafabricplus$lambda$removeCommandHandlers$0$0 in viafabricplus.mixins.json:fixes.viaversion.MixinProtocol1_20_3To1_20_5 from mod viafabricplus
[13:06:28] [ForkJoinPool.commonPool-worker-1/DEBUG] (FabricLoader/Mixin) viafabricplus.mixins.json:fixes.viaversion.MixinProtocol1_20_3To1_20_5 from mod viafabricplus->@Inject::removeCommandHandlers(Lorg/spongepowered/asm/mixin/injection/callback/CallbackInfo;)V doesn't use it's CallbackInfo
[13:06:28] [ForkJoinPool.commonPool-worker-1/DEBUG] (FabricLoader/Mixin) Mixing fixes.viaversion.MixinEntityPacketRewriter1_20_5 from viafabricplus.mixins.json into com.viaversion.viaversion.protocols.v1_20_3to1_20_5.rewriter.EntityPacketRewriter1_20_5
[13:06:28] [ForkJoinPool.commonPool-worker-1/DEBUG] (FabricLoader/Mixin) Mixing fixes.viaversion.MixinBlockItemPacketRewriter1_20_5 from viafabricplus.mixins.json into com.viaversion.viaversion.protocols.v1_20_3to1_20_5.rewriter.BlockItemPacketRewriter1_20_5
[13:06:28] [ForkJoinPool.commonPool-worker-1/DEBUG] (FabricLoader/Mixin) Renaming synthetic method lambda$loadItemMappings$0()V to mdfed865$viafabricplus$lambda$loadItemMappings$0$0 in viafabricplus.mixins.json:fixes.viaversion.MixinBlockItemPacketRewriter1_20_5 from mod viafabricplus
[13:06:28] [ForkJoinPool.commonPool-worker-1/DEBUG] (FabricLoader/Mixin) viafabricplus.mixins.json:fixes.viaversion.MixinBlockItemPacketRewriter1_20_5 from mod viafabricplus->@Inject::loadItemMappings(Lcom/viaversion/viaversion/protocols/v1_20_3to1_20_5/Protocol1_20_3To1_20_5;Lorg/spongepowered/asm/mixin/injection/callback/CallbackInfo;)V doesn't use it's CallbackInfo
[13:06:28] [ForkJoinPool.commonPool-worker-1/DEBUG] (FabricLoader/Mixin) viafabricplus.mixins.json:fixes.viaversion.MixinBlockItemPacketRewriter1_20_5 from mod viafabricplus->@Inject::appendItemDataFixComponents(Lcom/viaversion/viaversion/api/connection/UserConnection;Lcom/viaversion/viaversion/api/minecraft/item/Item;Lorg/spongepowered/asm/mixin/injection/callback/CallbackInfo;)V doesn't use it's CallbackInfo
[13:06:28] [ForkJoinPool.commonPool-worker-1/INFO] (ViaBackwards) Loading translations...
[13:06:28] [ForkJoinPool.commonPool-worker-1/INFO] (ViaBackwards) Registering protocols...
[13:06:28] [Render thread/DEBUG] (FabricLoader/Mixin) Generating mapped inner class net/minecraft/entity/player/PlayerInventory$Anonymous$b8d5d33eea4a4f7e827230531b161440 (originally de/florianmichael/viafabricplus/injection/mixin/fixes/minecraft/MixinPlayerInventory$2)
[13:06:28] [Render thread/INFO] (net.minecraft.client.MinecraftClient) Backend library: LWJGL version 3.3.3-snapshot
[13:06:28] [ForkJoinPool.commonPool-worker-1/DEBUG] (FabricLoader/Mixin) Mixing vialegacy.MixinViaLegacyConfig from viafabricplus.mixins.json into net.raphimc.vialegacy.ViaLegacyConfig
[13:06:28] [ForkJoinPool.commonPool-worker-1/DEBUG] (FabricLoader/Mixin) viafabricplus.mixins.json:vialegacy.MixinViaLegacyConfig from mod viafabricplus->@Inject::replaceWithVFPSetting(Lorg/spongepowered/asm/mixin/injection/callback/CallbackInfoReturnable;)V does use it's CallbackInfoReturnable
[13:06:28] [ForkJoinPool.commonPool-worker-1/DEBUG] (FabricLoader/Mixin) viafabricplus.mixins.json:vialegacy.MixinViaLegacyConfig from mod viafabricplus->@Inject::replaceWithVFPSetting(Lorg/spongepowered/asm/mixin/injection/callback/CallbackInfoReturnable;)V does use it's CallbackInfoReturnable
[13:06:28] [ForkJoinPool.commonPool-worker-1/DEBUG] (FabricLoader/Mixin) Mixing fixes.vialegacy.MixinProtocolr1_7_6_10Tor1_8 from viafabricplus.mixins.json into net.raphimc.vialegacy.protocol.release.r1_7_6_10tor1_8.Protocolr1_7_6_10Tor1_8
[13:06:28] [ForkJoinPool.commonPool-worker-1/DEBUG] (FabricLoader/Mixin) viafabricplus.mixins.json:fixes.vialegacy.MixinProtocolr1_7_6_10Tor1_8 from mod viafabricplus->@Inject::addTeleportTracker(Lorg/spongepowered/asm/mixin/injection/callback/CallbackInfo;)V doesn't use it's CallbackInfo
[13:06:28] [ForkJoinPool.commonPool-worker-1/DEBUG] (FabricLoader/Mixin) viafabricplus.mixins.json:fixes.vialegacy.MixinProtocolr1_7_6_10Tor1_8 from mod viafabricplus->@Inject::addTeleportTracker(Lorg/spongepowered/asm/mixin/injection/callback/CallbackInfo;)V has 0 override(s) in child classes
[13:06:28] [ForkJoinPool.commonPool-worker-1/DEBUG] (FabricLoader/Mixin) viafabricplus.mixins.json:fixes.vialegacy.MixinProtocolr1_7_6_10Tor1_8 from mod viafabricplus->@Inject::addTeleportTracker(Lorg/spongepowered/asm/mixin/injection/callback/CallbackInfo;)V won't be passed a CallbackInfo as a result
[13:06:28] [ForkJoinPool.commonPool-worker-1/DEBUG] (FabricLoader/Mixin) Generating mapped inner class net/raphimc/vialegacy/protocol/release/r1_7_6_10tor1_8/Protocolr1_7_6_10Tor1_8$Anonymous$68de5b54a8884bec887ac2275420bce1 (originally de/florianmichael/viafabricplus/injection/mixin/fixes/vialegacy/MixinProtocolr1_7_6_10Tor1_8$1)
[13:06:28] [ForkJoinPool.commonPool-worker-1/DEBUG] (FabricLoader/Mixin) Generating mapped inner class net/raphimc/vialegacy/protocol/release/r1_7_6_10tor1_8/Protocolr1_7_6_10Tor1_8$Anonymous$ded5339d135f4635a304798b6824969d (originally de/florianmichael/viafabricplus/injection/mixin/fixes/vialegacy/MixinProtocolr1_7_6_10Tor1_8$2)
[13:06:29] [ForkJoinPool.commonPool-worker-1/DEBUG] (FabricLoader/Mixin) Mixing fixes.vialegacy.MixinProtocolc0_30cpeToc0_28_30 from viafabricplus.mixins.json into net.raphimc.vialegacy.protocol.classic.c0_30cpetoc0_28_30.Protocolc0_30cpeToc0_28_30
[13:06:29] [ForkJoinPool.commonPool-worker-1/DEBUG] (FabricLoader/Mixin) viafabricplus.mixins.json:fixes.vialegacy.MixinProtocolc0_30cpeToc0_28_30 from mod viafabricplus->@Inject::extendPackets(Lorg/spongepowered/asm/mixin/injection/callback/CallbackInfo;)V doesn't use it's CallbackInfo
[13:06:29] [ForkJoinPool.commonPool-worker-1/DEBUG] (FabricLoader/Mixin) viafabricplus.mixins.json:fixes.vialegacy.MixinProtocolc0_30cpeToc0_28_30 from mod viafabricplus->@Inject::extendPackets(Lorg/spongepowered/asm/mixin/injection/callback/CallbackInfo;)V has 0 override(s) in child classes
[13:06:29] [ForkJoinPool.commonPool-worker-1/DEBUG] (FabricLoader/Mixin) viafabricplus.mixins.json:fixes.vialegacy.MixinProtocolc0_30cpeToc0_28_30 from mod viafabricplus->@Inject::extendPackets(Lorg/spongepowered/asm/mixin/injection/callback/CallbackInfo;)V won't be passed a CallbackInfo as a result
[13:06:29] [ForkJoinPool.commonPool-worker-1/DEBUG] (FabricLoader/Mixin) viafabricplus.mixins.json:fixes.vialegacy.MixinProtocolc0_30cpeToc0_28_30 from mod viafabricplus->@Inject::resetSnowing(Lorg/spongepowered/asm/mixin/injection/callback/CallbackInfo;)V doesn't use it's CallbackInfo
[13:06:29] [ForkJoinPool.commonPool-worker-1/DEBUG] (FabricLoader/Mixin) viafabricplus.mixins.json:fixes.vialegacy.MixinProtocolc0_30cpeToc0_28_30 from mod viafabricplus->@Inject::resetSnowing(Lorg/spongepowered/asm/mixin/injection/callback/CallbackInfo;)V has 0 override(s) in child classes
[13:06:29] [ForkJoinPool.commonPool-worker-1/DEBUG] (FabricLoader/Mixin) viafabricplus.mixins.json:fixes.vialegacy.MixinProtocolc0_30cpeToc0_28_30 from mod viafabricplus->@Inject::resetSnowing(Lorg/spongepowered/asm/mixin/injection/callback/CallbackInfo;)V won't be passed a CallbackInfo as a result
[13:06:29] [ForkJoinPool.commonPool-worker-1/DEBUG] (FabricLoader/Mixin) Generating mapped inner class net/raphimc/vialegacy/protocol/classic/c0_30cpetoc0_28_30/Protocolc0_30cpeToc0_28_30$Anonymous$c06096c7ed25423199c43b4f3ad4a78d (originally de/florianmichael/viafabricplus/injection/mixin/fixes/vialegacy/MixinProtocolc0_30cpeToc0_28_30$1)
[13:06:29] [ForkJoinPool.commonPool-worker-1/DEBUG] (io.netty.channel.MultithreadEventLoopGroup) -Dio.netty.eventLoopThreads: 72
[13:06:29] [ForkJoinPool.commonPool-worker-1/DEBUG] (io.netty.util.concurrent.GlobalEventExecutor) -Dio.netty.globalEventExecutor.quietPeriodSeconds: 1
[13:06:29] [ForkJoinPool.commonPool-worker-1/DEBUG] (io.netty.util.internal.InternalThreadLocalMap) -Dio.netty.threadLocalMap.stringBuilder.initialSize: 1024
[13:06:29] [ForkJoinPool.commonPool-worker-1/DEBUG] (io.netty.util.internal.InternalThreadLocalMap) -Dio.netty.threadLocalMap.stringBuilder.maxSize: 4096
[13:06:29] [ForkJoinPool.commonPool-worker-1/DEBUG] (io.netty.channel.nio.NioEventLoop) -Dio.netty.noKeySetOptimization: false
[13:06:29] [ForkJoinPool.commonPool-worker-1/DEBUG] (io.netty.channel.nio.NioEventLoop) -Dio.netty.selectorAutoRebuildThreshold: 512
[13:06:29] [ForkJoinPool.commonPool-worker-1/DEBUG] (io.netty.util.internal.PlatformDependent) org.jctools-core.MpscChunkedArrayQueue: available
[13:06:29] [ForkJoinPool.commonPool-worker-1/DEBUG] (io.netty.channel.DefaultChannelId) -Dio.netty.processId: 7712 (auto-detected)
[13:06:29] [ForkJoinPool.commonPool-worker-1/DEBUG] (io.netty.util.NetUtil) -Djava.net.preferIPv4Stack: false
[13:06:29] [ForkJoinPool.commonPool-worker-1/DEBUG] (io.netty.util.NetUtil) -Djava.net.preferIPv6Addresses: false
[13:06:29] [ForkJoinPool.commonPool-worker-1/DEBUG] (io.netty.util.NetUtilInitializations) Loopback interface: loopback_0 (Software Loopback Interface 1, 0:0:0:0:0:0:0:1)
[13:06:29] [ForkJoinPool.commonPool-worker-1/DEBUG] (io.netty.util.NetUtil) Failed to get SOMAXCONN from sysctl and file \proc\sys\net\core\somaxconn. Default: 200
[13:06:29] [ForkJoinPool.commonPool-worker-1/DEBUG] (io.netty.channel.DefaultChannelId) -Dio.netty.machineId: d4:5d:64:ff:fe:ab:66:e6 (auto-detected)
[13:06:29] [Render thread/DEBUG] (FabricLoader/Mixin) Mixing MouseMixin from fabric-screen-api-v1.mixins.json into net.minecraft.client.Mouse
[13:06:29] [Render thread/DEBUG] (FabricLoader/Mixin) fabric-screen-api-v1.mixins.json:MouseMixin from mod fabric-screen-api-v1: Class version 65 required is higher than the class version supported by the current version of Mixin (JAVA_17 supports class version 61)
[13:06:29] [Render thread/DEBUG] (FabricLoader/Mixin) Mixing fixes.minecraft.MixinMouse from viafabricplus.mixins.json into net.minecraft.client.Mouse
[13:06:29] [Render thread/DEBUG] (FabricLoader/Mixin) fabric-screen-api-v1.mixins.json:MouseMixin from mod fabric-screen-api-v1->@Inject::beforeMouseClickedEvent([ZLnet/minecraft/client/gui/screen/Screen;DDILorg/spongepowered/asm/mixin/injection/callback/CallbackInfo;)V does use it's CallbackInfo
[13:06:29] [Render thread/DEBUG] (FabricLoader/Mixin) fabric-screen-api-v1.mixins.json:MouseMixin from mod fabric-screen-api-v1->@Inject::afterMouseClickedEvent([ZLnet/minecraft/client/gui/screen/Screen;DDILorg/spongepowered/asm/mixin/injection/callback/CallbackInfo;)V doesn't use it's CallbackInfo
[13:06:29] [Render thread/DEBUG] (FabricLoader/Mixin) fabric-screen-api-v1.mixins.json:MouseMixin from mod fabric-screen-api-v1->@Inject::beforeMouseReleasedEvent([ZLnet/minecraft/client/gui/screen/Screen;DDILorg/spongepowered/asm/mixin/injection/callback/CallbackInfo;)V does use it's CallbackInfo
[13:06:29] [Render thread/DEBUG] (FabricLoader/Mixin) fabric-screen-api-v1.mixins.json:MouseMixin from mod fabric-screen-api-v1->@Inject::afterMouseReleasedEvent([ZLnet/minecraft/client/gui/screen/Screen;DDILorg/spongepowered/asm/mixin/injection/callback/CallbackInfo;)V doesn't use it's CallbackInfo
[13:06:29] [Render thread/DEBUG] (FabricLoader/Mixin) fabric-screen-api-v1.mixins.json:MouseMixin from mod fabric-screen-api-v1->@Inject::beforeMouseScrollEvent(JDDLorg/spongepowered/asm/mixin/injection/callback/CallbackInfo;ZDDDDD)V does use it's CallbackInfo
[13:06:29] [Render thread/DEBUG] (FabricLoader/Mixin) fabric-screen-api-v1.mixins.json:MouseMixin from mod fabric-screen-api-v1->@Inject::afterMouseScrollEvent(JDDLorg/spongepowered/asm/mixin/injection/callback/CallbackInfo;ZDDDDD)V doesn't use it's CallbackInfo
[13:06:29] [Render thread/DEBUG] (FabricLoader/Mixin) fabric-screen-api-v1.mixins.json:MouseMixin from mod fabric-screen-api-v1->@Inject::afterMouseScrollEvent(JDDLorg/spongepowered/asm/mixin/injection/callback/CallbackInfo;ZDDDDD)V has 0 override(s) in child classes
[13:06:29] [Render thread/DEBUG] (FabricLoader/Mixin) fabric-screen-api-v1.mixins.json:MouseMixin from mod fabric-screen-api-v1->@Inject::afterMouseScrollEvent(JDDLorg/spongepowered/asm/mixin/injection/callback/CallbackInfo;ZDDDDD)V won't be passed a CallbackInfo as a result
[13:06:29] [Render thread/DEBUG] (FabricLoader/Mixin) Mixing KeyboardMixin from fabric-screen-api-v1.mixins.json into net.minecraft.client.Keyboard
[13:06:29] [Render thread/DEBUG] (FabricLoader/Mixin) fabric-screen-api-v1.mixins.json:KeyboardMixin from mod fabric-screen-api-v1: Class version 65 required is higher than the class version supported by the current version of Mixin (JAVA_17 supports class version 61)
[13:06:29] [Render thread/DEBUG] (FabricLoader/Mixin) Mixing fixes.minecraft.MixinKeyboard from viafabricplus.mixins.json into net.minecraft.client.Keyboard
[13:06:29] [Render thread/DEBUG] (FabricLoader/Mixin) fabric-screen-api-v1.mixins.json:KeyboardMixin from mod fabric-screen-api-v1->@Inject::beforeKeyPressedEvent(ILnet/minecraft/client/gui/screen/Screen;[ZIIILorg/spongepowered/asm/mixin/injection/callback/CallbackInfo;)V does use it's CallbackInfo
[13:06:29] [Render thread/DEBUG] (FabricLoader/Mixin) fabric-screen-api-v1.mixins.json:KeyboardMixin from mod fabric-screen-api-v1->@Inject::afterKeyPressedEvent(ILnet/minecraft/client/gui/screen/Screen;[ZIIILorg/spongepowered/asm/mixin/injection/callback/CallbackInfo;)V doesn't use it's CallbackInfo
[13:06:29] [Render thread/DEBUG] (FabricLoader/Mixin) fabric-screen-api-v1.mixins.json:KeyboardMixin from mod fabric-screen-api-v1->@Inject::beforeKeyReleasedEvent(ILnet/minecraft/client/gui/screen/Screen;[ZIIILorg/spongepowered/asm/mixin/injection/callback/CallbackInfo;)V does use it's CallbackInfo
[13:06:29] [Render thread/DEBUG] (FabricLoader/Mixin) fabric-screen-api-v1.mixins.json:KeyboardMixin from mod fabric-screen-api-v1->@Inject::afterKeyReleasedEvent(ILnet/minecraft/client/gui/screen/Screen;[ZIIILorg/spongepowered/asm/mixin/injection/callback/CallbackInfo;)V doesn't use it's CallbackInfo
[13:06:29] [Render thread/DEBUG] (FabricLoader/Mixin) Mixing fixes.minecraft.screen.MixinGameModeSelectionScreen from viafabricplus.mixins.json into net.minecraft.client.gui.screen.GameModeSelectionScreen
[13:06:29] [Render thread/DEBUG] (FabricLoader/Mixin) Renaming synthetic method lambda$fixUIWidth$0(I)[Lnet/minecraft/client/gui/screen/GameModeSelectionScreen$GameModeSelection; to mdfed865$viafabricplus$lambda$fixUIWidth$0$0 in viafabricplus.mixins.json:fixes.minecraft.screen.MixinGameModeSelectionScreen from mod viafabricplus
[13:06:29] [Render thread/DEBUG] (FabricLoader/Mixin) viafabricplus.mixins.json:fixes.minecraft.screen.MixinGameModeSelectionScreen from mod viafabricplus->@Inject::fixUIWidth(Lorg/spongepowered/asm/mixin/injection/callback/CallbackInfo;)V doesn't use it's CallbackInfo
[13:06:29] [Render thread/DEBUG] (FabricLoader/Mixin) viafabricplus.mixins.json:fixes.minecraft.screen.MixinGameModeSelectionScreen from mod viafabricplus->@Inject::fixUIWidth(Lorg/spongepowered/asm/mixin/injection/callback/CallbackInfo;)V has 0 override(s) in child classes
[13:06:29] [Render thread/DEBUG] (FabricLoader/Mixin) viafabricplus.mixins.json:fixes.minecraft.screen.MixinGameModeSelectionScreen from mod viafabricplus->@Inject::fixUIWidth(Lorg/spongepowered/asm/mixin/injection/callback/CallbackInfo;)V won't be passed a CallbackInfo as a result
[13:06:29] [Render thread/DEBUG] (FabricLoader/Mixin) viafabricplus.mixins.json:fixes.minecraft.screen.MixinGameModeSelectionScreen from mod viafabricplus->@Inject::disableInClassic(Lorg/spongepowered/asm/mixin/injection/callback/CallbackInfo;)V doesn't use it's CallbackInfo
[13:06:29] [Render thread/DEBUG] (FabricLoader/Mixin) viafabricplus.mixins.json:fixes.minecraft.screen.MixinGameModeSelectionScreen from mod viafabricplus->@Inject::disableInClassic(Lorg/spongepowered/asm/mixin/injection/callback/CallbackInfo;)V has 0 override(s) in child classes
[13:06:29] [Render thread/DEBUG] (FabricLoader/Mixin) viafabricplus.mixins.json:fixes.minecraft.screen.MixinGameModeSelectionScreen from mod viafabricplus->@Inject::disableInClassic(Lorg/spongepowered/asm/mixin/injection/callback/CallbackInfo;)V won't be passed a CallbackInfo as a result
[13:06:29] [ForkJoinPool.commonPool-worker-1/DEBUG] (io.netty.buffer.PooledByteBufAllocator) -Dio.netty.allocator.numHeapArenas: 72
[13:06:29] [ForkJoinPool.commonPool-worker-1/DEBUG] (io.netty.buffer.PooledByteBufAllocator) -Dio.netty.allocator.numDirectArenas: 72
[13:06:29] [ForkJoinPool.commonPool-worker-1/DEBUG] (io.netty.buffer.PooledByteBufAllocator) -Dio.netty.allocator.pageSize: 8192
[13:06:29] [ForkJoinPool.commonPool-worker-1/DEBUG] (io.netty.buffer.PooledByteBufAllocator) -Dio.netty.allocator.maxOrder: 9
[13:06:29] [ForkJoinPool.commonPool-worker-1/DEBUG] (io.netty.buffer.PooledByteBufAllocator) -Dio.netty.allocator.chunkSize: 4194304
[13:06:29] [ForkJoinPool.commonPool-worker-1/DEBUG] (io.netty.buffer.PooledByteBufAllocator) -Dio.netty.allocator.smallCacheSize: 256
[13:06:29] [ForkJoinPool.commonPool-worker-1/DEBUG] (io.netty.buffer.PooledByteBufAllocator) -Dio.netty.allocator.normalCacheSize: 64
[13:06:29] [ForkJoinPool.commonPool-worker-1/DEBUG] (io.netty.buffer.PooledByteBufAllocator) -Dio.netty.allocator.maxCachedBufferCapacity: 32768
[13:06:29] [ForkJoinPool.commonPool-worker-1/DEBUG] (io.netty.buffer.PooledByteBufAllocator) -Dio.netty.allocator.cacheTrimInterval: 8192
[13:06:29] [ForkJoinPool.commonPool-worker-1/DEBUG] (io.netty.buffer.PooledByteBufAllocator) -Dio.netty.allocator.cacheTrimIntervalMillis: 0
[13:06:29] [ForkJoinPool.commonPool-worker-1/DEBUG] (io.netty.buffer.PooledByteBufAllocator) -Dio.netty.allocator.useCacheForAllThreads: false
[13:06:29] [ForkJoinPool.commonPool-worker-1/DEBUG] (io.netty.buffer.PooledByteBufAllocator) -Dio.netty.allocator.maxCachedByteBuffersPerChunk: 1023
[13:06:29] [ForkJoinPool.commonPool-worker-1/DEBUG] (io.netty.buffer.ByteBufUtil) -Dio.netty.allocator.type: pooled
[13:06:29] [ForkJoinPool.commonPool-worker-1/DEBUG] (io.netty.buffer.ByteBufUtil) -Dio.netty.threadLocalDirectBufferSize: 0
[13:06:29] [ForkJoinPool.commonPool-worker-1/DEBUG] (io.netty.buffer.ByteBufUtil) -Dio.netty.maxThreadLocalCharBufferSize: 16384
[13:06:29] [ForkJoinPool.commonPool-worker-1/INFO] (ViaBedrock) Started resource pack HTTP server on http://127.0.0.1:55185/
[13:06:29] [Render thread/DEBUG] (FabricLoader/Mixin) Mixing LifecycledResourceManagerImplMixin from fabric-resource-loader-v0.mixins.json into net.minecraft.resource.LifecycledResourceManagerImpl
[13:06:29] [Render thread/DEBUG] (FabricLoader/Mixin) fabric-resource-loader-v0.mixins.json:LifecycledResourceManagerImplMixin from mod fabric-resource-loader-v0: Class version 65 required is higher than the class version supported by the current version of Mixin (JAVA_17 supports class version 61)
[13:06:29] [Render thread/DEBUG] (FabricLoader/Mixin) fabric-resource-loader-v0.mixins.json:LifecycledResourceManagerImplMixin from mod fabric-resource-loader-v0->@Inject::init(Lnet/minecraft/resource/ResourceType;Ljava/util/List;Lorg/spongepowered/asm/mixin/injection/callback/CallbackInfo;)V doesn't use it's CallbackInfo
[13:06:29] [Render thread/DEBUG] (FabricLoader/Mixin) fabric-resource-loader-v0.mixins.json:LifecycledResourceManagerImplMixin from mod fabric-resource-loader-v0->@Inject::init(Lnet/minecraft/resource/ResourceType;Ljava/util/List;Lorg/spongepowered/asm/mixin/injection/callback/CallbackInfo;)V has 0 override(s) in child classes
[13:06:29] [Render thread/DEBUG] (FabricLoader/Mixin) fabric-resource-loader-v0.mixins.json:LifecycledResourceManagerImplMixin from mod fabric-resource-loader-v0->@Inject::init(Lnet/minecraft/resource/ResourceType;Ljava/util/List;Lorg/spongepowered/asm/mixin/injection/callback/CallbackInfo;)V won't be passed a CallbackInfo as a result
[13:06:29] [ForkJoinPool.commonPool-worker-1/DEBUG] (FabricLoader/Mixin) Mixing viabedrock.MixinJoinPackets from viafabricplus.mixins.json into net.raphimc.viabedrock.protocol.packet.JoinPackets
[13:06:29] [Render thread/DEBUG] (net.fabricmc.fabric.impl.resource.loader.ModResourcePackUtil) [Fabric] Starting internal pack sorting with: [vanilla, com_viaversion_viabackwards-common, com_viaversion_viaversion-common, fabric, fabric-api, fabric-api-base, fabric-api-lookup-api-v1, fabric-biome-api-v1, fabric-block-api-v1, fabric-block-view-api-v2, fabric-blockrenderlayer-v1, fabric-client-tags-api-v1, fabric-command-api-v1, fabric-command-api-v2, fabric-commands-v0, fabric-content-registries-v0, fabric-convention-tags-v1, fabric-convention-tags-v2, fabric-crash-report-info-v1, fabric-data-attachment-api-v1, fabric-data-generation-api-v1, fabric-dimensions-v1, fabric-entity-events-v1, fabric-events-interaction-v0, fabric-game-rule-api-v1, fabric-gametest-api-v1, fabric-item-api-v1, fabric-item-group-api-v1, fabric-key-binding-api-v1, fabric-keybindings-v0, fabric-lifecycle-events-v1, fabric-loot-api-v2, fabric-loot-api-v3, fabric-message-api-v1, fabric-model-loading-api-v1, fabric-networking-api-v1, fabric-object-builder-api-v1, fabric-particles-v1, fabric-recipe-api-v1, fabric-registry-sync-v0, fabric-renderer-api-v1, fabric-renderer-indigo, fabric-renderer-registries-v1, fabric-rendering-data-attachment-v1, fabric-rendering-fluids-v1, fabric-rendering-v0, fabric-rendering-v1, fabric-resource-conditions-api-v1, fabric-resource-loader-v0, fabric-screen-api-v1, fabric-screen-handler-api-v1, fabric-sound-api-v1, fabric-transfer-api-v1, fabric-transitive-access-wideners-v1, fabricloader, longcommandsender, net_raphimc_viaaprilfools-common, net_raphimc_viabedrock, net_raphimc_vialegacy, viafabricplus]
[13:06:29] [Render thread/DEBUG] (net.fabricmc.fabric.impl.resource.loader.ModResourcePackUtil) [Fabric] Removed all internal packs, result: [vanilla, fabric]
[13:06:29] [Render thread/DEBUG] (net.fabricmc.fabric.impl.resource.loader.ModResourcePackUtil) [Fabric] cur @ fabric, auto-enabled com_viaversion_viabackwards-common, currently enabled: [vanilla, fabric, com_viaversion_viabackwards-common]
[13:06:29] [Render thread/DEBUG] (net.fabricmc.fabric.impl.resource.loader.ModResourcePackUtil) [Fabric] cur @ fabric, auto-enabled com_viaversion_viaversion-common, currently enabled: [vanilla, fabric, com_viaversion_viabackwards-common, com_viaversion_viaversion-common]
[13:06:29] [Render thread/DEBUG] (net.fabricmc.fabric.impl.resource.loader.ModResourcePackUtil) [Fabric] cur @ fabric, auto-enabled fabric-api, currently enabled: [vanilla, fabric, com_viaversion_viabackwards-common, com_viaversion_viaversion-common, fabric-api]
[13:06:29] [Render thread/DEBUG] (net.fabricmc.fabric.impl.resource.loader.ModResourcePackUtil) [Fabric] cur @ fabric, auto-enabled fabric-api-base, currently enabled: [vanilla, fabric, com_viaversion_viabackwards-common, com_viaversion_viaversion-common, fabric-api, fabric-api-base]
[13:06:29] [Render thread/DEBUG] (net.fabricmc.fabric.impl.resource.loader.ModResourcePackUtil) [Fabric] cur @ fabric, auto-enabled fabric-api-lookup-api-v1, currently enabled: [vanilla, fabric, com_viaversion_viabackwards-common, com_viaversion_viaversion-common, fabric-api, fabric-api-base, fabric-api-lookup-api-v1]
[13:06:29] [Render thread/DEBUG] (net.fabricmc.fabric.impl.resource.loader.ModResourcePackUtil) [Fabric] cur @ fabric, auto-enabled fabric-biome-api-v1, currently enabled: [vanilla, fabric, com_viaversion_viabackwards-common, com_viaversion_viaversion-common, fabric-api, fabric-api-base, fabric-api-lookup-api-v1, fabric-biome-api-v1]
[13:06:29] [Render thread/DEBUG] (net.fabricmc.fabric.impl.resource.loader.ModResourcePackUtil) [Fabric] cur @ fabric, auto-enabled fabric-block-api-v1, currently enabled: [vanilla, fabric, com_viaversion_viabackwards-common, com_viaversion_viaversion-common, fabric-api, fabric-api-base, fabric-api-lookup-api-v1, fabric-biome-api-v1, fabric-block-api-v1]
[13:06:29] [Render thread/DEBUG] (net.fabricmc.fabric.impl.resource.loader.ModResourcePackUtil) [Fabric] cur @ fabric, auto-enabled fabric-block-view-api-v2, currently enabled: [vanilla, fabric, com_viaversion_viabackwards-common, com_viaversion_viaversion-common, fabric-api, fabric-api-base, fabric-api-lookup-api-v1, fabric-biome-api-v1, fabric-block-api-v1, fabric-block-view-api-v2]
[13:06:29] [Render thread/DEBUG] (net.fabricmc.fabric.impl.resource.loader.ModResourcePackUtil) [Fabric] cur @ fabric, auto-enabled fabric-blockrenderlayer-v1, currently enabled: [vanilla, fabric, com_viaversion_viabackwards-common, com_viaversion_viaversion-common, fabric-api, fabric-api-base, fabric-api-lookup-api-v1, fabric-biome-api-v1, fabric-block-api-v1, fabric-block-view-api-v2, fabric-blockrenderlayer-v1]
[13:06:29] [Render thread/DEBUG] (net.fabricmc.fabric.impl.resource.loader.ModResourcePackUtil) [Fabric] cur @ fabric, auto-enabled fabric-client-tags-api-v1, currently enabled: [vanilla, fabric, com_viaversion_viabackwards-common, com_viaversion_viaversion-common, fabric-api, fabric-api-base, fabric-api-lookup-api-v1, fabric-biome-api-v1, fabric-block-api-v1, fabric-block-view-api-v2, fabric-blockrenderlayer-v1, fabric-client-tags-api-v1]
[13:06:29] [Render thread/DEBUG] (net.fabricmc.fabric.impl.resource.loader.ModResourcePackUtil) [Fabric] cur @ fabric, auto-enabled fabric-command-api-v1, currently enabled: [vanilla, fabric, com_viaversion_viabackwards-common, com_viaversion_viaversion-common, fabric-api, fabric-api-base, fabric-api-lookup-api-v1, fabric-biome-api-v1, fabric-block-api-v1, fabric-block-view-api-v2, fabric-blockrenderlayer-v1, fabric-client-tags-api-v1, fabric-command-api-v1]
[13:06:29] [Render thread/DEBUG] (net.fabricmc.fabric.impl.resource.loader.ModResourcePackUtil) [Fabric] cur @ fabric, auto-enabled fabric-command-api-v2, currently enabled: [vanilla, fabric, com_viaversion_viabackwards-common, com_viaversion_viaversion-common, fabric-api, fabric-api-base, fabric-api-lookup-api-v1, fabric-biome-api-v1, fabric-block-api-v1, fabric-block-view-api-v2, fabric-blockrenderlayer-v1, fabric-client-tags-api-v1, fabric-command-api-v1, fabric-command-api-v2]
[13:06:29] [Render thread/DEBUG] (net.fabricmc.fabric.impl.resource.loader.ModResourcePackUtil) [Fabric] cur @ fabric, auto-enabled fabric-commands-v0, currently enabled: [vanilla, fabric, com_viaversion_viabackwards-common, com_viaversion_viaversion-common, fabric-api, fabric-api-base, fabric-api-lookup-api-v1, fabric-biome-api-v1, fabric-block-api-v1, fabric-block-view-api-v2, fabric-blockrenderlayer-v1, fabric-client-tags-api-v1, fabric-command-api-v1, fabric-command-api-v2, fabric-commands-v0]
[13:06:29] [Render thread/DEBUG] (net.fabricmc.fabric.impl.resource.loader.ModResourcePackUtil) [Fabric] cur @ fabric, auto-enabled fabric-content-registries-v0, currently enabled: [vanilla, fabric, com_viaversion_viabackwards-common, com_viaversion_viaversion-common, fabric-api, fabric-api-base, fabric-api-lookup-api-v1, fabric-biome-api-v1, fabric-block-api-v1, fabric-block-view-api-v2, fabric-blockrenderlayer-v1, fabric-client-tags-api-v1, fabric-command-api-v1, fabric-command-api-v2, fabric-commands-v0, fabric-content-registries-v0]
[13:06:29] [Render thread/DEBUG] (net.fabricmc.fabric.impl.resource.loader.ModResourcePackUtil) [Fabric] cur @ fabric, auto-enabled fabric-convention-tags-v1, currently enabled: [vanilla, fabric, com_viaversion_viabackwards-common, com_viaversion_viaversion-common, fabric-api, fabric-api-base, fabric-api-lookup-api-v1, fabric-biome-api-v1, fabric-block-api-v1, fabric-block-view-api-v2, fabric-blockrenderlayer-v1, fabric-client-tags-api-v1, fabric-command-api-v1, fabric-command-api-v2, fabric-commands-v0, fabric-content-registries-v0, fabric-convention-tags-v1]
[13:06:29] [Render thread/DEBUG] (net.fabricmc.fabric.impl.resource.loader.ModResourcePackUtil) [Fabric] cur @ fabric, auto-enabled fabric-convention-tags-v2, currently enabled: [vanilla, fabric, com_viaversion_viabackwards-common, com_viaversion_viaversion-common, fabric-api, fabric-api-base, fabric-api-lookup-api-v1, fabric-biome-api-v1, fabric-block-api-v1, fabric-block-view-api-v2, fabric-blockrenderlayer-v1, fabric-client-tags-api-v1, fabric-command-api-v1, fabric-command-api-v2, fabric-commands-v0, fabric-content-registries-v0, fabric-convention-tags-v1, fabric-convention-tags-v2]
[13:06:29] [Render thread/DEBUG] (net.fabricmc.fabric.impl.resource.loader.ModResourcePackUtil) [Fabric] cur @ fabric, auto-enabled fabric-crash-report-info-v1, currently enabled: [vanilla, fabric, com_viaversion_viabackwards-common, com_viaversion_viaversion-common, fabric-api, fabric-api-base, fabric-api-lookup-api-v1, fabric-biome-api-v1, fabric-block-api-v1, fabric-block-view-api-v2, fabric-blockrenderlayer-v1, fabric-client-tags-api-v1, fabric-command-api-v1, fabric-command-api-v2, fabric-commands-v0, fabric-content-registries-v0, fabric-convention-tags-v1, fabric-convention-tags-v2, fabric-crash-report-info-v1]
[13:06:29] [Render thread/DEBUG] (net.fabricmc.fabric.impl.resource.loader.ModResourcePackUtil) [Fabric] cur @ fabric, auto-enabled fabric-data-attachment-api-v1, currently enabled: [vanilla, fabric, com_viaversion_viabackwards-common, com_viaversion_viaversion-common, fabric-api, fabric-api-base, fabric-api-lookup-api-v1, fabric-biome-api-v1, fabric-block-api-v1, fabric-block-view-api-v2, fabric-blockrenderlayer-v1, fabric-client-tags-api-v1, fabric-command-api-v1, fabric-command-api-v2, fabric-commands-v0, fabric-content-registries-v0, fabric-convention-tags-v1, fabric-convention-tags-v2, fabric-crash-report-info-v1, fabric-data-attachment-api-v1]
[13:06:29] [Render thread/DEBUG] (net.fabricmc.fabric.impl.resource.loader.ModResourcePackUtil) [Fabric] cur @ fabric, auto-enabled fabric-data-generation-api-v1, currently enabled: [vanilla, fabric, com_viaversion_viabackwards-common, com_viaversion_viaversion-common, fabric-api, fabric-api-base, fabric-api-lookup-api-v1, fabric-biome-api-v1, fabric-block-api-v1, fabric-block-view-api-v2, fabric-blockrenderlayer-v1, fabric-client-tags-api-v1, fabric-command-api-v1, fabric-command-api-v2, fabric-commands-v0, fabric-content-registries-v0, fabric-convention-tags-v1, fabric-convention-tags-v2, fabric-crash-report-info-v1, fabric-data-attachment-api-v1, fabric-data-generation-api-v1]
[13:06:29] [Render thread/DEBUG] (net.fabricmc.fabric.impl.resource.loader.ModResourcePackUtil) [Fabric] cur @ fabric, auto-enabled fabric-dimensions-v1, currently enabled: [vanilla, fabric, com_viaversion_viabackwards-common, com_viaversion_viaversion-common, fabric-api, fabric-api-base, fabric-api-lookup-api-v1, fabric-biome-api-v1, fabric-block-api-v1, fabric-block-view-api-v2, fabric-blockrenderlayer-v1, fabric-client-tags-api-v1, fabric-command-api-v1, fabric-command-api-v2, fabric-commands-v0, fabric-content-registries-v0, fabric-convention-tags-v1, fabric-convention-tags-v2, fabric-crash-report-info-v1, fabric-data-attachment-api-v1, fabric-data-generation-api-v1, fabric-dimensions-v1]
[13:06:29] [Render thread/DEBUG] (net.fabricmc.fabric.impl.resource.loader.ModResourcePackUtil) [Fabric] cur @ fabric, auto-enabled fabric-entity-events-v1, currently enabled: [vanilla, fabric, com_viaversion_viabackwards-common, com_viaversion_viaversion-common, fabric-api, fabric-api-base, fabric-api-lookup-api-v1, fabric-biome-api-v1, fabric-block-api-v1, fabric-block-view-api-v2, fabric-blockrenderlayer-v1, fabric-client-tags-api-v1, fabric-command-api-v1, fabric-command-api-v2, fabric-commands-v0, fabric-content-registries-v0, fabric-convention-tags-v1, fabric-convention-tags-v2, fabric-crash-report-info-v1, fabric-data-attachment-api-v1, fabric-data-generation-api-v1, fabric-dimensions-v1, fabric-entity-events-v1]
[13:06:29] [Render thread/DEBUG] (net.fabricmc.fabric.impl.resource.loader.ModResourcePackUtil) [Fabric] cur @ fabric, auto-enabled fabric-events-interaction-v0, currently enabled: [vanilla, fabric, com_viaversion_viabackwards-common, com_viaversion_viaversion-common, fabric-api, fabric-api-base, fabric-api-lookup-api-v1, fabric-biome-api-v1, fabric-block-api-v1, fabric-block-view-api-v2, fabric-blockrenderlayer-v1, fabric-client-tags-api-v1, fabric-command-api-v1, fabric-command-api-v2, fabric-commands-v0, fabric-content-registries-v0, fabric-convention-tags-v1, fabric-convention-tags-v2, fabric-crash-report-info-v1, fabric-data-attachment-api-v1, fabric-data-generation-api-v1, fabric-dimensions-v1, fabric-entity-events-v1, fabric-events-interaction-v0]
[13:06:29] [Render thread/DEBUG] (net.fabricmc.fabric.impl.resource.loader.ModResourcePackUtil) [Fabric] cur @ fabric, auto-enabled fabric-game-rule-api-v1, currently enabled: [vanilla, fabric, com_viaversion_viabackwards-common, com_viaversion_viaversion-common, fabric-api, fabric-api-base, fabric-api-lookup-api-v1, fabric-biome-api-v1, fabric-block-api-v1, fabric-block-view-api-v2, fabric-blockrenderlayer-v1, fabric-client-tags-api-v1, fabric-command-api-v1, fabric-command-api-v2, fabric-commands-v0, fabric-content-registries-v0, fabric-convention-tags-v1, fabric-convention-tags-v2, fabric-crash-report-info-v1, fabric-data-attachment-api-v1, fabric-data-generation-api-v1, fabric-dimensions-v1, fabric-entity-events-v1, fabric-events-interaction-v0, fabric-game-rule-api-v1]
[13:06:29] [Render thread/DEBUG] (net.fabricmc.fabric.impl.resource.loader.ModResourcePackUtil) [Fabric] cur @ fabric, auto-enabled fabric-gametest-api-v1, currently enabled: [vanilla, fabric, com_viaversion_viabackwards-common, com_viaversion_viaversion-common, fabric-api, fabric-api-base, fabric-api-lookup-api-v1, fabric-biome-api-v1, fabric-block-api-v1, fabric-block-view-api-v2, fabric-blockrenderlayer-v1, fabric-client-tags-api-v1, fabric-command-api-v1, fabric-command-api-v2, fabric-commands-v0, fabric-content-registries-v0, fabric-convention-tags-v1, fabric-convention-tags-v2, fabric-crash-report-info-v1, fabric-data-attachment-api-v1, fabric-data-generation-api-v1, fabric-dimensions-v1, fabric-entity-events-v1, fabric-events-interaction-v0, fabric-game-rule-api-v1, fabric-gametest-api-v1]
[13:06:29] [Render thread/DEBUG] (net.fabricmc.fabric.impl.resource.loader.ModResourcePackUtil) [Fabric] cur @ fabric, auto-enabled fabric-item-api-v1, currently enabled: [vanilla, fabric, com_viaversion_viabackwards-common, com_viaversion_viaversion-common, fabric-api, fabric-api-base, fabric-api-lookup-api-v1, fabric-biome-api-v1, fabric-block-api-v1, fabric-block-view-api-v2, fabric-blockrenderlayer-v1, fabric-client-tags-api-v1, fabric-command-api-v1, fabric-command-api-v2, fabric-commands-v0, fabric-content-registries-v0, fabric-convention-tags-v1, fabric-convention-tags-v2, fabric-crash-report-info-v1, fabric-data-attachment-api-v1, fabric-data-generation-api-v1, fabric-dimensions-v1, fabric-entity-events-v1, fabric-events-interaction-v0, fabric-game-rule-api-v1, fabric-gametest-api-v1, fabric-item-api-v1]
[13:06:29] [Render thread/DEBUG] (net.fabricmc.fabric.impl.resource.loader.ModResourcePackUtil) [Fabric] cur @ fabric, auto-enabled fabric-item-group-api-v1, currently enabled: [vanilla, fabric, com_viaversion_viabackwards-common, com_viaversion_viaversion-common, fabric-api, fabric-api-base, fabric-api-lookup-api-v1, fabric-biome-api-v1, fabric-block-api-v1, fabric-block-view-api-v2, fabric-blockrenderlayer-v1, fabric-client-tags-api-v1, fabric-command-api-v1, fabric-command-api-v2, fabric-commands-v0, fabric-content-registries-v0, fabric-convention-tags-v1, fabric-convention-tags-v2, fabric-crash-report-info-v1, fabric-data-attachment-api-v1, fabric-data-generation-api-v1, fabric-dimensions-v1, fabric-entity-events-v1, fabric-events-interaction-v0, fabric-game-rule-api-v1, fabric-gametest-api-v1, fabric-item-api-v1, fabric-item-group-api-v1]
[13:06:29] [Render thread/DEBUG] (net.fabricmc.fabric.impl.resource.loader.ModResourcePackUtil) [Fabric] cur @ fabric, auto-enabled fabric-key-binding-api-v1, currently enabled: [vanilla, fabric, com_viaversion_viabackwards-common, com_viaversion_viaversion-common, fabric-api, fabric-api-base, fabric-api-lookup-api-v1, fabric-biome-api-v1, fabric-block-api-v1, fabric-block-view-api-v2, fabric-blockrenderlayer-v1, fabric-client-tags-api-v1, fabric-command-api-v1, fabric-command-api-v2, fabric-commands-v0, fabric-content-registries-v0, fabric-convention-tags-v1, fabric-convention-tags-v2, fabric-crash-report-info-v1, fabric-data-attachment-api-v1, fabric-data-generation-api-v1, fabric-dimensions-v1, fabric-entity-events-v1, fabric-events-interaction-v0, fabric-game-rule-api-v1, fabric-gametest-api-v1, fabric-item-api-v1, fabric-item-group-api-v1, fabric-key-binding-api-v1]
[13:06:29] [Render thread/DEBUG] (net.fabricmc.fabric.impl.resource.loader.ModResourcePackUtil) [Fabric] cur @ fabric, auto-enabled fabric-keybindings-v0, currently enabled: [vanilla, fabric, com_viaversion_viabackwards-common, com_viaversion_viaversion-common, fabric-api, fabric-api-base, fabric-api-lookup-api-v1, fabric-biome-api-v1, fabric-block-api-v1, fabric-block-view-api-v2, fabric-blockrenderlayer-v1, fabric-client-tags-api-v1, fabric-command-api-v1, fabric-command-api-v2, fabric-commands-v0, fabric-content-registries-v0, fabric-convention-tags-v1, fabric-convention-tags-v2, fabric-crash-report-info-v1, fabric-data-attachment-api-v1, fabric-data-generation-api-v1, fabric-dimensions-v1, fabric-entity-events-v1, fabric-events-interaction-v0, fabric-game-rule-api-v1, fabric-gametest-api-v1, fabric-item-api-v1, fabric-item-group-api-v1, fabric-key-binding-api-v1, fabric-keybindings-v0]
[13:06:29] [Render thread/DEBUG] (net.fabricmc.fabric.impl.resource.loader.ModResourcePackUtil) [Fabric] cur @ fabric, auto-enabled fabric-lifecycle-events-v1, currently enabled: [vanilla, fabric, com_viaversion_viabackwards-common, com_viaversion_viaversion-common, fabric-api, fabric-api-base, fabric-api-lookup-api-v1, fabric-biome-api-v1, fabric-block-api-v1, fabric-block-view-api-v2, fabric-blockrenderlayer-v1, fabric-client-tags-api-v1, fabric-command-api-v1, fabric-command-api-v2, fabric-commands-v0, fabric-content-registries-v0, fabric-convention-tags-v1, fabric-convention-tags-v2, fabric-crash-report-info-v1, fabric-data-attachment-api-v1, fabric-data-generation-api-v1, fabric-dimensions-v1, fabric-entity-events-v1, fabric-events-interaction-v0, fabric-game-rule-api-v1, fabric-gametest-api-v1, fabric-item-api-v1, fabric-item-group-api-v1, fabric-key-binding-api-v1, fabric-keybindings-v0, fabric-lifecycle-events-v1]
[13:06:29] [Render thread/DEBUG] (net.fabricmc.fabric.impl.resource.loader.ModResourcePackUtil) [Fabric] cur @ fabric, auto-enabled fabric-loot-api-v2, currently enabled: [vanilla, fabric, com_viaversion_viabackwards-common, com_viaversion_viaversion-common, fabric-api, fabric-api-base, fabric-api-lookup-api-v1, fabric-biome-api-v1, fabric-block-api-v1, fabric-block-view-api-v2, fabric-blockrenderlayer-v1, fabric-client-tags-api-v1, fabric-command-api-v1, fabric-command-api-v2, fabric-commands-v0, fabric-content-registries-v0, fabric-convention-tags-v1, fabric-convention-tags-v2, fabric-crash-report-info-v1, fabric-data-attachment-api-v1, fabric-data-generation-api-v1, fabric-dimensions-v1, fabric-entity-events-v1, fabric-events-interaction-v0, fabric-game-rule-api-v1, fabric-gametest-api-v1, fabric-item-api-v1, fabric-item-group-api-v1, fabric-key-binding-api-v1, fabric-keybindings-v0, fabric-lifecycle-events-v1, fabric-loot-api-v2]
[13:06:29] [Render thread/DEBUG] (net.fabricmc.fabric.impl.resource.loader.ModResourcePackUtil) [Fabric] cur @ fabric, auto-enabled fabric-loot-api-v3, currently enabled: [vanilla, fabric, com_viaversion_viabackwards-common, com_viaversion_viaversion-common, fabric-api, fabric-api-base, fabric-api-lookup-api-v1, fabric-biome-api-v1, fabric-block-api-v1, fabric-block-view-api-v2, fabric-blockrenderlayer-v1, fabric-client-tags-api-v1, fabric-command-api-v1, fabric-command-api-v2, fabric-commands-v0, fabric-content-registries-v0, fabric-convention-tags-v1, fabric-convention-tags-v2, fabric-crash-report-info-v1, fabric-data-attachment-api-v1, fabric-data-generation-api-v1, fabric-dimensions-v1, fabric-entity-events-v1, fabric-events-interaction-v0, fabric-game-rule-api-v1, fabric-gametest-api-v1, fabric-item-api-v1, fabric-item-group-api-v1, fabric-key-binding-api-v1, fabric-keybindings-v0, fabric-lifecycle-events-v1, fabric-loot-api-v2, fabric-loot-api-v3]
[13:06:29] [Render thread/DEBUG] (net.fabricmc.fabric.impl.resource.loader.ModResourcePackUtil) [Fabric] cur @ fabric, auto-enabled fabric-message-api-v1, currently enabled: [vanilla, fabric, com_viaversion_viabackwards-common, com_viaversion_viaversion-common, fabric-api, fabric-api-base, fabric-api-lookup-api-v1, fabric-biome-api-v1, fabric-block-api-v1, fabric-block-view-api-v2, fabric-blockrenderlayer-v1, fabric-client-tags-api-v1, fabric-command-api-v1, fabric-command-api-v2, fabric-commands-v0, fabric-content-registries-v0, fabric-convention-tags-v1, fabric-convention-tags-v2, fabric-crash-report-info-v1, fabric-data-attachment-api-v1, fabric-data-generation-api-v1, fabric-dimensions-v1, fabric-entity-events-v1, fabric-events-interaction-v0, fabric-game-rule-api-v1, fabric-gametest-api-v1, fabric-item-api-v1, fabric-item-group-api-v1, fabric-key-binding-api-v1, fabric-keybindings-v0, fabric-lifecycle-events-v1, fabric-loot-api-v2, fabric-loot-api-v3, fabric-message-api-v1]
[13:06:29] [Render thread/DEBUG] (net.fabricmc.fabric.impl.resource.loader.ModResourcePackUtil) [Fabric] cur @ fabric, auto-enabled fabric-model-loading-api-v1, currently enabled: [vanilla, fabric, com_viaversion_viabackwards-common, com_viaversion_viaversion-common, fabric-api, fabric-api-base, fabric-api-lookup-api-v1, fabric-biome-api-v1, fabric-block-api-v1, fabric-block-view-api-v2, fabric-blockrenderlayer-v1, fabric-client-tags-api-v1, fabric-command-api-v1, fabric-command-api-v2, fabric-commands-v0, fabric-content-registries-v0, fabric-convention-tags-v1, fabric-convention-tags-v2, fabric-crash-report-info-v1, fabric-data-attachment-api-v1, fabric-data-generation-api-v1, fabric-dimensions-v1, fabric-entity-events-v1, fabric-events-interaction-v0, fabric-game-rule-api-v1, fabric-gametest-api-v1, fabric-item-api-v1, fabric-item-group-api-v1, fabric-key-binding-api-v1, fabric-keybindings-v0, fabric-lifecycle-events-v1, fabric-loot-api-v2, fabric-loot-api-v3, fabric-message-api-v1, fabric-model-loading-api-v1]
[13:06:29] [Render thread/DEBUG] (net.fabricmc.fabric.impl.resource.loader.ModResourcePackUtil) [Fabric] cur @ fabric, auto-enabled fabric-networking-api-v1, currently enabled: [vanilla, fabric, com_viaversion_viabackwards-common, com_viaversion_viaversion-common, fabric-api, fabric-api-base, fabric-api-lookup-api-v1, fabric-biome-api-v1, fabric-block-api-v1, fabric-block-view-api-v2, fabric-blockrenderlayer-v1, fabric-client-tags-api-v1, fabric-command-api-v1, fabric-command-api-v2, fabric-commands-v0, fabric-content-registries-v0, fabric-convention-tags-v1, fabric-convention-tags-v2, fabric-crash-report-info-v1, fabric-data-attachment-api-v1, fabric-data-generation-api-v1, fabric-dimensions-v1, fabric-entity-events-v1, fabric-events-interaction-v0, fabric-game-rule-api-v1, fabric-gametest-api-v1, fabric-item-api-v1, fabric-item-group-api-v1, fabric-key-binding-api-v1, fabric-keybindings-v0, fabric-lifecycle-events-v1, fabric-loot-api-v2, fabric-loot-api-v3, fabric-message-api-v1, fabric-model-loading-api-v1, fabric-networking-api-v1]
[13:06:29] [Render thread/DEBUG] (net.fabricmc.fabric.impl.resource.loader.ModResourcePackUtil) [Fabric] cur @ fabric, auto-enabled fabric-object-builder-api-v1, currently enabled: [vanilla, fabric, com_viaversion_viabackwards-common, com_viaversion_viaversion-common, fabric-api, fabric-api-base, fabric-api-lookup-api-v1, fabric-biome-api-v1, fabric-block-api-v1, fabric-block-view-api-v2, fabric-blockrenderlayer-v1, fabric-client-tags-api-v1, fabric-command-api-v1, fabric-command-api-v2, fabric-commands-v0, fabric-content-registries-v0, fabric-convention-tags-v1, fabric-convention-tags-v2, fabric-crash-report-info-v1, fabric-data-attachment-api-v1, fabric-data-generation-api-v1, fabric-dimensions-v1, fabric-entity-events-v1, fabric-events-interaction-v0, fabric-game-rule-api-v1, fabric-gametest-api-v1, fabric-item-api-v1, fabric-item-group-api-v1, fabric-key-binding-api-v1, fabric-keybindings-v0, fabric-lifecycle-events-v1, fabric-loot-api-v2, fabric-loot-api-v3, fabric-message-api-v1, fabric-model-loading-api-v1, fabric-networking-api-v1, fabric-object-builder-api-v1]
[13:06:29] [Render thread/DEBUG] (net.fabricmc.fabric.impl.resource.loader.ModResourcePackUtil) [Fabric] cur @ fabric, auto-enabled fabric-particles-v1, currently enabled: [vanilla, fabric, com_viaversion_viabackwards-common, com_viaversion_viaversion-common, fabric-api, fabric-api-base, fabric-api-lookup-api-v1, fabric-biome-api-v1, fabric-block-api-v1, fabric-block-view-api-v2, fabric-blockrenderlayer-v1, fabric-client-tags-api-v1, fabric-command-api-v1, fabric-command-api-v2, fabric-commands-v0, fabric-content-registries-v0, fabric-convention-tags-v1, fabric-convention-tags-v2, fabric-crash-report-info-v1, fabric-data-attachment-api-v1, fabric-data-generation-api-v1, fabric-dimensions-v1, fabric-entity-events-v1, fabric-events-interaction-v0, fabric-game-rule-api-v1, fabric-gametest-api-v1, fabric-item-api-v1, fabric-item-group-api-v1, fabric-key-binding-api-v1, fabric-keybindings-v0, fabric-lifecycle-events-v1, fabric-loot-api-v2, fabric-loot-api-v3, fabric-message-api-v1, fabric-model-loading-api-v1, fabric-networking-api-v1, fabric-object-builder-api-v1, fabric-particles-v1]
[13:06:29] [Render thread/DEBUG] (net.fabricmc.fabric.impl.resource.loader.ModResourcePackUtil) [Fabric] cur @ fabric, auto-enabled fabric-recipe-api-v1, currently enabled: [vanilla, fabric, com_viaversion_viabackwards-common, com_viaversion_viaversion-common, fabric-api, fabric-api-base, fabric-api-lookup-api-v1, fabric-biome-api-v1, fabric-block-api-v1, fabric-block-view-api-v2, fabric-blockrenderlayer-v1, fabric-client-tags-api-v1, fabric-command-api-v1, fabric-command-api-v2, fabric-commands-v0, fabric-content-registries-v0, fabric-convention-tags-v1, fabric-convention-tags-v2, fabric-crash-report-info-v1, fabric-data-attachment-api-v1, fabric-data-generation-api-v1, fabric-dimensions-v1, fabric-entity-events-v1, fabric-events-interaction-v0, fabric-game-rule-api-v1, fabric-gametest-api-v1, fabric-item-api-v1, fabric-item-group-api-v1, fabric-key-binding-api-v1, fabric-keybindings-v0, fabric-lifecycle-events-v1, fabric-loot-api-v2, fabric-loot-api-v3, fabric-message-api-v1, fabric-model-loading-api-v1, fabric-networking-api-v1, fabric-object-builder-api-v1, fabric-particles-v1, fabric-recipe-api-v1]
[13:06:29] [Render thread/DEBUG] (net.fabricmc.fabric.impl.resource.loader.ModResourcePackUtil) [Fabric] cur @ fabric, auto-enabled fabric-registry-sync-v0, currently enabled: [vanilla, fabric, com_viaversion_viabackwards-common, com_viaversion_viaversion-common, fabric-api, fabric-api-base, fabric-api-lookup-api-v1, fabric-biome-api-v1, fabric-block-api-v1, fabric-block-view-api-v2, fabric-blockrenderlayer-v1, fabric-client-tags-api-v1, fabric-command-api-v1, fabric-command-api-v2, fabric-commands-v0, fabric-content-registries-v0, fabric-convention-tags-v1, fabric-convention-tags-v2, fabric-crash-report-info-v1, fabric-data-attachment-api-v1, fabric-data-generation-api-v1, fabric-dimensions-v1, fabric-entity-events-v1, fabric-events-interaction-v0, fabric-game-rule-api-v1, fabric-gametest-api-v1, fabric-item-api-v1, fabric-item-group-api-v1, fabric-key-binding-api-v1, fabric-keybindings-v0, fabric-lifecycle-events-v1, fabric-loot-api-v2, fabric-loot-api-v3, fabric-message-api-v1, fabric-model-loading-api-v1, fabric-networking-api-v1, fabric-object-builder-api-v1, fabric-particles-v1, fabric-recipe-api-v1, fabric-registry-sync-v0]
[13:06:29] [Render thread/DEBUG] (net.fabricmc.fabric.impl.resource.loader.ModResourcePackUtil) [Fabric] cur @ fabric, auto-enabled fabric-renderer-api-v1, currently enabled: [vanilla, fabric, com_viaversion_viabackwards-common, com_viaversion_viaversion-common, fabric-api, fabric-api-base, fabric-api-lookup-api-v1, fabric-biome-api-v1, fabric-block-api-v1, fabric-block-view-api-v2, fabric-blockrenderlayer-v1, fabric-client-tags-api-v1, fabric-command-api-v1, fabric-command-api-v2, fabric-commands-v0, fabric-content-registries-v0, fabric-convention-tags-v1, fabric-convention-tags-v2, fabric-crash-report-info-v1, fabric-data-attachment-api-v1, fabric-data-generation-api-v1, fabric-dimensions-v1, fabric-entity-events-v1, fabric-events-interaction-v0, fabric-game-rule-api-v1, fabric-gametest-api-v1, fabric-item-api-v1, fabric-item-group-api-v1, fabric-key-binding-api-v1, fabric-keybindings-v0, fabric-lifecycle-events-v1, fabric-loot-api-v2, fabric-loot-api-v3, fabric-message-api-v1, fabric-model-loading-api-v1, fabric-networking-api-v1, fabric-object-builder-api-v1, fabric-particles-v1, fabric-recipe-api-v1, fabric-registry-sync-v0, fabric-renderer-api-v1]
[13:06:29] [Render thread/DEBUG] (net.fabricmc.fabric.impl.resource.loader.ModResourcePackUtil) [Fabric] cur @ fabric, auto-enabled fabric-renderer-indigo, currently enabled: [vanilla, fabric, com_viaversion_viabackwards-common, com_viaversion_viaversion-common, fabric-api, fabric-api-base, fabric-api-lookup-api-v1, fabric-biome-api-v1, fabric-block-api-v1, fabric-block-view-api-v2, fabric-blockrenderlayer-v1, fabric-client-tags-api-v1, fabric-command-api-v1, fabric-command-api-v2, fabric-commands-v0, fabric-content-registries-v0, fabric-convention-tags-v1, fabric-convention-tags-v2, fabric-crash-report-info-v1, fabric-data-attachment-api-v1, fabric-data-generation-api-v1, fabric-dimensions-v1, fabric-entity-events-v1, fabric-events-interaction-v0, fabric-game-rule-api-v1, fabric-gametest-api-v1, fabric-item-api-v1, fabric-item-group-api-v1, fabric-key-binding-api-v1, fabric-keybindings-v0, fabric-lifecycle-events-v1, fabric-loot-api-v2, fabric-loot-api-v3, fabric-message-api-v1, fabric-model-loading-api-v1, fabric-networking-api-v1, fabric-object-builder-api-v1, fabric-particles-v1, fabric-recipe-api-v1, fabric-registry-sync-v0, fabric-renderer-api-v1, fabric-renderer-indigo]
[13:06:29] [Render thread/DEBUG] (net.fabricmc.fabric.impl.resource.loader.ModResourcePackUtil) [Fabric] cur @ fabric, auto-enabled fabric-renderer-registries-v1, currently enabled: [vanilla, fabric, com_viaversion_viabackwards-common, com_viaversion_viaversion-common, fabric-api, fabric-api-base, fabric-api-lookup-api-v1, fabric-biome-api-v1, fabric-block-api-v1, fabric-block-view-api-v2, fabric-blockrenderlayer-v1, fabric-client-tags-api-v1, fabric-command-api-v1, fabric-command-api-v2, fabric-commands-v0, fabric-content-registries-v0, fabric-convention-tags-v1, fabric-convention-tags-v2, fabric-crash-report-info-v1, fabric-data-attachment-api-v1, fabric-data-generation-api-v1, fabric-dimensions-v1, fabric-entity-events-v1, fabric-events-interaction-v0, fabric-game-rule-api-v1, fabric-gametest-api-v1, fabric-item-api-v1, fabric-item-group-api-v1, fabric-key-binding-api-v1, fabric-keybindings-v0, fabric-lifecycle-events-v1, fabric-loot-api-v2, fabric-loot-api-v3, fabric-message-api-v1, fabric-model-loading-api-v1, fabric-networking-api-v1, fabric-object-builder-api-v1, fabric-particles-v1, fabric-recipe-api-v1, fabric-registry-sync-v0, fabric-renderer-api-v1, fabric-renderer-indigo, fabric-renderer-registries-v1]
[13:06:29] [Render thread/DEBUG] (net.fabricmc.fabric.impl.resource.loader.ModResourcePackUtil) [Fabric] cur @ fabric, auto-enabled fabric-rendering-data-attachment-v1, currently enabled: [vanilla, fabric, com_viaversion_viabackwards-common, com_viaversion_viaversion-common, fabric-api, fabric-api-base, fabric-api-lookup-api-v1, fabric-biome-api-v1, fabric-block-api-v1, fabric-block-view-api-v2, fabric-blockrenderlayer-v1, fabric-client-tags-api-v1, fabric-command-api-v1, fabric-command-api-v2, fabric-commands-v0, fabric-content-registries-v0, fabric-convention-tags-v1, fabric-convention-tags-v2, fabric-crash-report-info-v1, fabric-data-attachment-api-v1, fabric-data-generation-api-v1, fabric-dimensions-v1, fabric-entity-events-v1, fabric-events-interaction-v0, fabric-game-rule-api-v1, fabric-gametest-api-v1, fabric-item-api-v1, fabric-item-group-api-v1, fabric-key-binding-api-v1, fabric-keybindings-v0, fabric-lifecycle-events-v1, fabric-loot-api-v2, fabric-loot-api-v3, fabric-message-api-v1, fabric-model-loading-api-v1, fabric-networking-api-v1, fabric-object-builder-api-v1, fabric-particles-v1, fabric-recipe-api-v1, fabric-registry-sync-v0, fabric-renderer-api-v1, fabric-renderer-indigo, fabric-renderer-registries-v1, fabric-rendering-data-attachment-v1]
[13:06:29] [Render thread/DEBUG] (net.fabricmc.fabric.impl.resource.loader.ModResourcePackUtil) [Fabric] cur @ fabric, auto-enabled fabric-rendering-fluids-v1, currently enabled: [vanilla, fabric, com_viaversion_viabackwards-common, com_viaversion_viaversion-common, fabric-api, fabric-api-base, fabric-api-lookup-api-v1, fabric-biome-api-v1, fabric-block-api-v1, fabric-block-view-api-v2, fabric-blockrenderlayer-v1, fabric-client-tags-api-v1, fabric-command-api-v1, fabric-command-api-v2, fabric-commands-v0, fabric-content-registries-v0, fabric-convention-tags-v1, fabric-convention-tags-v2, fabric-crash-report-info-v1, fabric-data-attachment-api-v1, fabric-data-generation-api-v1, fabric-dimensions-v1, fabric-entity-events-v1, fabric-events-interaction-v0, fabric-game-rule-api-v1, fabric-gametest-api-v1, fabric-item-api-v1, fabric-item-group-api-v1, fabric-key-binding-api-v1, fabric-keybindings-v0, fabric-lifecycle-events-v1, fabric-loot-api-v2, fabric-loot-api-v3, fabric-message-api-v1, fabric-model-loading-api-v1, fabric-networking-api-v1, fabric-object-builder-api-v1, fabric-particles-v1, fabric-recipe-api-v1, fabric-registry-sync-v0, fabric-renderer-api-v1, fabric-renderer-indigo, fabric-renderer-registries-v1, fabric-rendering-data-attachment-v1, fabric-rendering-fluids-v1]
[13:06:29] [Render thread/DEBUG] (net.fabricmc.fabric.impl.resource.loader.ModResourcePackUtil) [Fabric] cur @ fabric, auto-enabled fabric-rendering-v0, currently enabled: [vanilla, fabric, com_viaversion_viabackwards-common, com_viaversion_viaversion-common, fabric-api, fabric-api-base, fabric-api-lookup-api-v1, fabric-biome-api-v1, fabric-block-api-v1, fabric-block-view-api-v2, fabric-blockrenderlayer-v1, fabric-client-tags-api-v1, fabric-command-api-v1, fabric-command-api-v2, fabric-commands-v0, fabric-content-registries-v0, fabric-convention-tags-v1, fabric-convention-tags-v2, fabric-crash-report-info-v1, fabric-data-attachment-api-v1, fabric-data-generation-api-v1, fabric-dimensions-v1, fabric-entity-events-v1, fabric-events-interaction-v0, fabric-game-rule-api-v1, fabric-gametest-api-v1, fabric-item-api-v1, fabric-item-group-api-v1, fabric-key-binding-api-v1, fabric-keybindings-v0, fabric-lifecycle-events-v1, fabric-loot-api-v2, fabric-loot-api-v3, fabric-message-api-v1, fabric-model-loading-api-v1, fabric-networking-api-v1, fabric-object-builder-api-v1, fabric-particles-v1, fabric-recipe-api-v1, fabric-registry-sync-v0, fabric-renderer-api-v1, fabric-renderer-indigo, fabric-renderer-registries-v1, fabric-rendering-data-attachment-v1, fabric-rendering-fluids-v1, fabric-rendering-v0]
[13:06:29] [Render thread/DEBUG] (net.fabricmc.fabric.impl.resource.loader.ModResourcePackUtil) [Fabric] cur @ fabric, auto-enabled fabric-rendering-v1, currently enabled: [vanilla, fabric, com_viaversion_viabackwards-common, com_viaversion_viaversion-common, fabric-api, fabric-api-base, fabric-api-lookup-api-v1, fabric-biome-api-v1, fabric-block-api-v1, fabric-block-view-api-v2, fabric-blockrenderlayer-v1, fabric-client-tags-api-v1, fabric-command-api-v1, fabric-command-api-v2, fabric-commands-v0, fabric-content-registries-v0, fabric-convention-tags-v1, fabric-convention-tags-v2, fabric-crash-report-info-v1, fabric-data-attachment-api-v1, fabric-data-generation-api-v1, fabric-dimensions-v1, fabric-entity-events-v1, fabric-events-interaction-v0, fabric-game-rule-api-v1, fabric-gametest-api-v1, fabric-item-api-v1, fabric-item-group-api-v1, fabric-key-binding-api-v1, fabric-keybindings-v0, fabric-lifecycle-events-v1, fabric-loot-api-v2, fabric-loot-api-v3, fabric-message-api-v1, fabric-model-loading-api-v1, fabric-networking-api-v1, fabric-object-builder-api-v1, fabric-particles-v1, fabric-recipe-api-v1, fabric-registry-sync-v0, fabric-renderer-api-v1, fabric-renderer-indigo, fabric-renderer-registries-v1, fabric-rendering-data-attachment-v1, fabric-rendering-fluids-v1, fabric-rendering-v0, fabric-rendering-v1]
[13:06:29] [Render thread/DEBUG] (net.fabricmc.fabric.impl.resource.loader.ModResourcePackUtil) [Fabric] cur @ fabric, auto-enabled fabric-resource-conditions-api-v1, currently enabled: [vanilla, fabric, com_viaversion_viabackwards-common, com_viaversion_viaversion-common, fabric-api, fabric-api-base, fabric-api-lookup-api-v1, fabric-biome-api-v1, fabric-block-api-v1, fabric-block-view-api-v2, fabric-blockrenderlayer-v1, fabric-client-tags-api-v1, fabric-command-api-v1, fabric-command-api-v2, fabric-commands-v0, fabric-content-registries-v0, fabric-convention-tags-v1, fabric-convention-tags-v2, fabric-crash-report-info-v1, fabric-data-attachment-api-v1, fabric-data-generation-api-v1, fabric-dimensions-v1, fabric-entity-events-v1, fabric-events-interaction-v0, fabric-game-rule-api-v1, fabric-gametest-api-v1, fabric-item-api-v1, fabric-item-group-api-v1, fabric-key-binding-api-v1, fabric-keybindings-v0, fabric-lifecycle-events-v1, fabric-loot-api-v2, fabric-loot-api-v3, fabric-message-api-v1, fabric-model-loading-api-v1, fabric-networking-api-v1, fabric-object-builder-api-v1, fabric-particles-v1, fabric-recipe-api-v1, fabric-registry-sync-v0, fabric-renderer-api-v1, fabric-renderer-indigo, fabric-renderer-registries-v1, fabric-rendering-data-attachment-v1, fabric-rendering-fluids-v1, fabric-rendering-v0, fabric-rendering-v1, fabric-resource-conditions-api-v1]
[13:06:29] [Render thread/DEBUG] (net.fabricmc.fabric.impl.resource.loader.ModResourcePackUtil) [Fabric] cur @ fabric, auto-enabled fabric-resource-loader-v0, currently enabled: [vanilla, fabric, com_viaversion_viabackwards-common, com_viaversion_viaversion-common, fabric-api, fabric-api-base, fabric-api-lookup-api-v1, fabric-biome-api-v1, fabric-block-api-v1, fabric-block-view-api-v2, fabric-blockrenderlayer-v1, fabric-client-tags-api-v1, fabric-command-api-v1, fabric-command-api-v2, fabric-commands-v0, fabric-content-registries-v0, fabric-convention-tags-v1, fabric-convention-tags-v2, fabric-crash-report-info-v1, fabric-data-attachment-api-v1, fabric-data-generation-api-v1, fabric-dimensions-v1, fabric-entity-events-v1, fabric-events-interaction-v0, fabric-game-rule-api-v1, fabric-gametest-api-v1, fabric-item-api-v1, fabric-item-group-api-v1, fabric-key-binding-api-v1, fabric-keybindings-v0, fabric-lifecycle-events-v1, fabric-loot-api-v2, fabric-loot-api-v3, fabric-message-api-v1, fabric-model-loading-api-v1, fabric-networking-api-v1, fabric-object-builder-api-v1, fabric-particles-v1, fabric-recipe-api-v1, fabric-registry-sync-v0, fabric-renderer-api-v1, fabric-renderer-indigo, fabric-renderer-registries-v1, fabric-rendering-data-attachment-v1, fabric-rendering-fluids-v1, fabric-rendering-v0, fabric-rendering-v1, fabric-resource-conditions-api-v1, fabric-resource-loader-v0]
[13:06:29] [Render thread/DEBUG] (net.fabricmc.fabric.impl.resource.loader.ModResourcePackUtil) [Fabric] cur @ fabric, auto-enabled fabric-screen-api-v1, currently enabled: [vanilla, fabric, com_viaversion_viabackwards-common, com_viaversion_viaversion-common, fabric-api, fabric-api-base, fabric-api-lookup-api-v1, fabric-biome-api-v1, fabric-block-api-v1, fabric-block-view-api-v2, fabric-blockrenderlayer-v1, fabric-client-tags-api-v1, fabric-command-api-v1, fabric-command-api-v2, fabric-commands-v0, fabric-content-registries-v0, fabric-convention-tags-v1, fabric-convention-tags-v2, fabric-crash-report-info-v1, fabric-data-attachment-api-v1, fabric-data-generation-api-v1, fabric-dimensions-v1, fabric-entity-events-v1, fabric-events-interaction-v0, fabric-game-rule-api-v1, fabric-gametest-api-v1, fabric-item-api-v1, fabric-item-group-api-v1, fabric-key-binding-api-v1, fabric-keybindings-v0, fabric-lifecycle-events-v1, fabric-loot-api-v2, fabric-loot-api-v3, fabric-message-api-v1, fabric-model-loading-api-v1, fabric-networking-api-v1, fabric-object-builder-api-v1, fabric-particles-v1, fabric-recipe-api-v1, fabric-registry-sync-v0, fabric-renderer-api-v1, fabric-renderer-indigo, fabric-renderer-registries-v1, fabric-rendering-data-attachment-v1, fabric-rendering-fluids-v1, fabric-rendering-v0, fabric-rendering-v1, fabric-resource-conditions-api-v1, fabric-resource-loader-v0, fabric-screen-api-v1]
[13:06:29] [Render thread/DEBUG] (net.fabricmc.fabric.impl.resource.loader.ModResourcePackUtil) [Fabric] cur @ fabric, auto-enabled fabric-screen-handler-api-v1, currently enabled: [vanilla, fabric, com_viaversion_viabackwards-common, com_viaversion_viaversion-common, fabric-api, fabric-api-base, fabric-api-lookup-api-v1, fabric-biome-api-v1, fabric-block-api-v1, fabric-block-view-api-v2, fabric-blockrenderlayer-v1, fabric-client-tags-api-v1, fabric-command-api-v1, fabric-command-api-v2, fabric-commands-v0, fabric-content-registries-v0, fabric-convention-tags-v1, fabric-convention-tags-v2, fabric-crash-report-info-v1, fabric-data-attachment-api-v1, fabric-data-generation-api-v1, fabric-dimensions-v1, fabric-entity-events-v1, fabric-events-interaction-v0, fabric-game-rule-api-v1, fabric-gametest-api-v1, fabric-item-api-v1, fabric-item-group-api-v1, fabric-key-binding-api-v1, fabric-keybindings-v0, fabric-lifecycle-events-v1, fabric-loot-api-v2, fabric-loot-api-v3, fabric-message-api-v1, fabric-model-loading-api-v1, fabric-networking-api-v1, fabric-object-builder-api-v1, fabric-particles-v1, fabric-recipe-api-v1, fabric-registry-sync-v0, fabric-renderer-api-v1, fabric-renderer-indigo, fabric-renderer-registries-v1, fabric-rendering-data-attachment-v1, fabric-rendering-fluids-v1, fabric-rendering-v0, fabric-rendering-v1, fabric-resource-conditions-api-v1, fabric-resource-loader-v0, fabric-screen-api-v1, fabric-screen-handler-api-v1]
[13:06:29] [Render thread/DEBUG] (net.fabricmc.fabric.impl.resource.loader.ModResourcePackUtil) [Fabric] cur @ fabric, auto-enabled fabric-sound-api-v1, currently enabled: [vanilla, fabric, com_viaversion_viabackwards-common, com_viaversion_viaversion-common, fabric-api, fabric-api-base, fabric-api-lookup-api-v1, fabric-biome-api-v1, fabric-block-api-v1, fabric-block-view-api-v2, fabric-blockrenderlayer-v1, fabric-client-tags-api-v1, fabric-command-api-v1, fabric-command-api-v2, fabric-commands-v0, fabric-content-registries-v0, fabric-convention-tags-v1, fabric-convention-tags-v2, fabric-crash-report-info-v1, fabric-data-attachment-api-v1, fabric-data-generation-api-v1, fabric-dimensions-v1, fabric-entity-events-v1, fabric-events-interaction-v0, fabric-game-rule-api-v1, fabric-gametest-api-v1, fabric-item-api-v1, fabric-item-group-api-v1, fabric-key-binding-api-v1, fabric-keybindings-v0, fabric-lifecycle-events-v1, fabric-loot-api-v2, fabric-loot-api-v3, fabric-message-api-v1, fabric-model-loading-api-v1, fabric-networking-api-v1, fabric-object-builder-api-v1, fabric-particles-v1, fabric-recipe-api-v1, fabric-registry-sync-v0, fabric-renderer-api-v1, fabric-renderer-indigo, fabric-renderer-registries-v1, fabric-rendering-data-attachment-v1, fabric-rendering-fluids-v1, fabric-rendering-v0, fabric-rendering-v1, fabric-resource-conditions-api-v1, fabric-resource-loader-v0, fabric-screen-api-v1, fabric-screen-handler-api-v1, fabric-sound-api-v1]
[13:06:29] [Render thread/DEBUG] (net.fabricmc.fabric.impl.resource.loader.ModResourcePackUtil) [Fabric] cur @ fabric, auto-enabled fabric-transfer-api-v1, currently enabled: [vanilla, fabric, com_viaversion_viabackwards-common, com_viaversion_viaversion-common, fabric-api, fabric-api-base, fabric-api-lookup-api-v1, fabric-biome-api-v1, fabric-block-api-v1, fabric-block-view-api-v2, fabric-blockrenderlayer-v1, fabric-client-tags-api-v1, fabric-command-api-v1, fabric-command-api-v2, fabric-commands-v0, fabric-content-registries-v0, fabric-convention-tags-v1, fabric-convention-tags-v2, fabric-crash-report-info-v1, fabric-data-attachment-api-v1, fabric-data-generation-api-v1, fabric-dimensions-v1, fabric-entity-events-v1, fabric-events-interaction-v0, fabric-game-rule-api-v1, fabric-gametest-api-v1, fabric-item-api-v1, fabric-item-group-api-v1, fabric-key-binding-api-v1, fabric-keybindings-v0, fabric-lifecycle-events-v1, fabric-loot-api-v2, fabric-loot-api-v3, fabric-message-api-v1, fabric-model-loading-api-v1, fabric-networking-api-v1, fabric-object-builder-api-v1, fabric-particles-v1, fabric-recipe-api-v1, fabric-registry-sync-v0, fabric-renderer-api-v1, fabric-renderer-indigo, fabric-renderer-registries-v1, fabric-rendering-data-attachment-v1, fabric-rendering-fluids-v1, fabric-rendering-v0, fabric-rendering-v1, fabric-resource-conditions-api-v1, fabric-resource-loader-v0, fabric-screen-api-v1, fabric-screen-handler-api-v1, fabric-sound-api-v1, fabric-transfer-api-v1]
[13:06:29] [Render thread/DEBUG] (net.fabricmc.fabric.impl.resource.loader.ModResourcePackUtil) [Fabric] cur @ fabric, auto-enabled fabric-transitive-access-wideners-v1, currently enabled: [vanilla, fabric, com_viaversion_viabackwards-common, com_viaversion_viaversion-common, fabric-api, fabric-api-base, fabric-api-lookup-api-v1, fabric-biome-api-v1, fabric-block-api-v1, fabric-block-view-api-v2, fabric-blockrenderlayer-v1, fabric-client-tags-api-v1, fabric-command-api-v1, fabric-command-api-v2, fabric-commands-v0, fabric-content-registries-v0, fabric-convention-tags-v1, fabric-convention-tags-v2, fabric-crash-report-info-v1, fabric-data-attachment-api-v1, fabric-data-generation-api-v1, fabric-dimensions-v1, fabric-entity-events-v1, fabric-events-interaction-v0, fabric-game-rule-api-v1, fabric-gametest-api-v1, fabric-item-api-v1, fabric-item-group-api-v1, fabric-key-binding-api-v1, fabric-keybindings-v0, fabric-lifecycle-events-v1, fabric-loot-api-v2, fabric-loot-api-v3, fabric-message-api-v1, fabric-model-loading-api-v1, fabric-networking-api-v1, fabric-object-builder-api-v1, fabric-particles-v1, fabric-recipe-api-v1, fabric-registry-sync-v0, fabric-renderer-api-v1, fabric-renderer-indigo, fabric-renderer-registries-v1, fabric-rendering-data-attachment-v1, fabric-rendering-fluids-v1, fabric-rendering-v0, fabric-rendering-v1, fabric-resource-conditions-api-v1, fabric-resource-loader-v0, fabric-screen-api-v1, fabric-screen-handler-api-v1, fabric-sound-api-v1, fabric-transfer-api-v1, fabric-transitive-access-wideners-v1]
[13:06:29] [Render thread/DEBUG] (net.fabricmc.fabric.impl.resource.loader.ModResourcePackUtil) [Fabric] cur @ fabric, auto-enabled fabricloader, currently enabled: [vanilla, fabric, com_viaversion_viabackwards-common, com_viaversion_viaversion-common, fabric-api, fabric-api-base, fabric-api-lookup-api-v1, fabric-biome-api-v1, fabric-block-api-v1, fabric-block-view-api-v2, fabric-blockrenderlayer-v1, fabric-client-tags-api-v1, fabric-command-api-v1, fabric-command-api-v2, fabric-commands-v0, fabric-content-registries-v0, fabric-convention-tags-v1, fabric-convention-tags-v2, fabric-crash-report-info-v1, fabric-data-attachment-api-v1, fabric-data-generation-api-v1, fabric-dimensions-v1, fabric-entity-events-v1, fabric-events-interaction-v0, fabric-game-rule-api-v1, fabric-gametest-api-v1, fabric-item-api-v1, fabric-item-group-api-v1, fabric-key-binding-api-v1, fabric-keybindings-v0, fabric-lifecycle-events-v1, fabric-loot-api-v2, fabric-loot-api-v3, fabric-message-api-v1, fabric-model-loading-api-v1, fabric-networking-api-v1, fabric-object-builder-api-v1, fabric-particles-v1, fabric-recipe-api-v1, fabric-registry-sync-v0, fabric-renderer-api-v1, fabric-renderer-indigo, fabric-renderer-registries-v1, fabric-rendering-data-attachment-v1, fabric-rendering-fluids-v1, fabric-rendering-v0, fabric-rendering-v1, fabric-resource-conditions-api-v1, fabric-resource-loader-v0, fabric-screen-api-v1, fabric-screen-handler-api-v1, fabric-sound-api-v1, fabric-transfer-api-v1, fabric-transitive-access-wideners-v1, fabricloader]
[13:06:29] [Render thread/DEBUG] (net.fabricmc.fabric.impl.resource.loader.ModResourcePackUtil) [Fabric] cur @ fabric, auto-enabled longcommandsender, currently enabled: [vanilla, fabric, com_viaversion_viabackwards-common, com_viaversion_viaversion-common, fabric-api, fabric-api-base, fabric-api-lookup-api-v1, fabric-biome-api-v1, fabric-block-api-v1, fabric-block-view-api-v2, fabric-blockrenderlayer-v1, fabric-client-tags-api-v1, fabric-command-api-v1, fabric-command-api-v2, fabric-commands-v0, fabric-content-registries-v0, fabric-convention-tags-v1, fabric-convention-tags-v2, fabric-crash-report-info-v1, fabric-data-attachment-api-v1, fabric-data-generation-api-v1, fabric-dimensions-v1, fabric-entity-events-v1, fabric-events-interaction-v0, fabric-game-rule-api-v1, fabric-gametest-api-v1, fabric-item-api-v1, fabric-item-group-api-v1, fabric-key-binding-api-v1, fabric-keybindings-v0, fabric-lifecycle-events-v1, fabric-loot-api-v2, fabric-loot-api-v3, fabric-message-api-v1, fabric-model-loading-api-v1, fabric-networking-api-v1, fabric-object-builder-api-v1, fabric-particles-v1, fabric-recipe-api-v1, fabric-registry-sync-v0, fabric-renderer-api-v1, fabric-renderer-indigo, fabric-renderer-registries-v1, fabric-rendering-data-attachment-v1, fabric-rendering-fluids-v1, fabric-rendering-v0, fabric-rendering-v1, fabric-resource-conditions-api-v1, fabric-resource-loader-v0, fabric-screen-api-v1, fabric-screen-handler-api-v1, fabric-sound-api-v1, fabric-transfer-api-v1, fabric-transitive-access-wideners-v1, fabricloader, longcommandsender]
[13:06:29] [Render thread/DEBUG] (net.fabricmc.fabric.impl.resource.loader.ModResourcePackUtil) [Fabric] cur @ fabric, auto-enabled net_raphimc_viaaprilfools-common, currently enabled: [vanilla, fabric, com_viaversion_viabackwards-common, com_viaversion_viaversion-common, fabric-api, fabric-api-base, fabric-api-lookup-api-v1, fabric-biome-api-v1, fabric-block-api-v1, fabric-block-view-api-v2, fabric-blockrenderlayer-v1, fabric-client-tags-api-v1, fabric-command-api-v1, fabric-command-api-v2, fabric-commands-v0, fabric-content-registries-v0, fabric-convention-tags-v1, fabric-convention-tags-v2, fabric-crash-report-info-v1, fabric-data-attachment-api-v1, fabric-data-generation-api-v1, fabric-dimensions-v1, fabric-entity-events-v1, fabric-events-interaction-v0, fabric-game-rule-api-v1, fabric-gametest-api-v1, fabric-item-api-v1, fabric-item-group-api-v1, fabric-key-binding-api-v1, fabric-keybindings-v0, fabric-lifecycle-events-v1, fabric-loot-api-v2, fabric-loot-api-v3, fabric-message-api-v1, fabric-model-loading-api-v1, fabric-networking-api-v1, fabric-object-builder-api-v1, fabric-particles-v1, fabric-recipe-api-v1, fabric-registry-sync-v0, fabric-renderer-api-v1, fabric-renderer-indigo, fabric-renderer-registries-v1, fabric-rendering-data-attachment-v1, fabric-rendering-fluids-v1, fabric-rendering-v0, fabric-rendering-v1, fabric-resource-conditions-api-v1, fabric-resource-loader-v0, fabric-screen-api-v1, fabric-screen-handler-api-v1, fabric-sound-api-v1, fabric-transfer-api-v1, fabric-transitive-access-wideners-v1, fabricloader, longcommandsender, net_raphimc_viaaprilfools-common]
[13:06:29] [Render thread/DEBUG] (net.fabricmc.fabric.impl.resource.loader.ModResourcePackUtil) [Fabric] cur @ fabric, auto-enabled net_raphimc_viabedrock, currently enabled: [vanilla, fabric, com_viaversion_viabackwards-common, com_viaversion_viaversion-common, fabric-api, fabric-api-base, fabric-api-lookup-api-v1, fabric-biome-api-v1, fabric-block-api-v1, fabric-block-view-api-v2, fabric-blockrenderlayer-v1, fabric-client-tags-api-v1, fabric-command-api-v1, fabric-command-api-v2, fabric-commands-v0, fabric-content-registries-v0, fabric-convention-tags-v1, fabric-convention-tags-v2, fabric-crash-report-info-v1, fabric-data-attachment-api-v1, fabric-data-generation-api-v1, fabric-dimensions-v1, fabric-entity-events-v1, fabric-events-interaction-v0, fabric-game-rule-api-v1, fabric-gametest-api-v1, fabric-item-api-v1, fabric-item-group-api-v1, fabric-key-binding-api-v1, fabric-keybindings-v0, fabric-lifecycle-events-v1, fabric-loot-api-v2, fabric-loot-api-v3, fabric-message-api-v1, fabric-model-loading-api-v1, fabric-networking-api-v1, fabric-object-builder-api-v1, fabric-particles-v1, fabric-recipe-api-v1, fabric-registry-sync-v0, fabric-renderer-api-v1, fabric-renderer-indigo, fabric-renderer-registries-v1, fabric-rendering-data-attachment-v1, fabric-rendering-fluids-v1, fabric-rendering-v0, fabric-rendering-v1, fabric-resource-conditions-api-v1, fabric-resource-loader-v0, fabric-screen-api-v1, fabric-screen-handler-api-v1, fabric-sound-api-v1, fabric-transfer-api-v1, fabric-transitive-access-wideners-v1, fabricloader, longcommandsender, net_raphimc_viaaprilfools-common, net_raphimc_viabedrock]
[13:06:29] [Render thread/DEBUG] (net.fabricmc.fabric.impl.resource.loader.ModResourcePackUtil) [Fabric] cur @ fabric, auto-enabled net_raphimc_vialegacy, currently enabled: [vanilla, fabric, com_viaversion_viabackwards-common, com_viaversion_viaversion-common, fabric-api, fabric-api-base, fabric-api-lookup-api-v1, fabric-biome-api-v1, fabric-block-api-v1, fabric-block-view-api-v2, fabric-blockrenderlayer-v1, fabric-client-tags-api-v1, fabric-command-api-v1, fabric-command-api-v2, fabric-commands-v0, fabric-content-registries-v0, fabric-convention-tags-v1, fabric-convention-tags-v2, fabric-crash-report-info-v1, fabric-data-attachment-api-v1, fabric-data-generation-api-v1, fabric-dimensions-v1, fabric-entity-events-v1, fabric-events-interaction-v0, fabric-game-rule-api-v1, fabric-gametest-api-v1, fabric-item-api-v1, fabric-item-group-api-v1, fabric-key-binding-api-v1, fabric-keybindings-v0, fabric-lifecycle-events-v1, fabric-loot-api-v2, fabric-loot-api-v3, fabric-message-api-v1, fabric-model-loading-api-v1, fabric-networking-api-v1, fabric-object-builder-api-v1, fabric-particles-v1, fabric-recipe-api-v1, fabric-registry-sync-v0, fabric-renderer-api-v1, fabric-renderer-indigo, fabric-renderer-registries-v1, fabric-rendering-data-attachment-v1, fabric-rendering-fluids-v1, fabric-rendering-v0, fabric-rendering-v1, fabric-resource-conditions-api-v1, fabric-resource-loader-v0, fabric-screen-api-v1, fabric-screen-handler-api-v1, fabric-sound-api-v1, fabric-transfer-api-v1, fabric-transitive-access-wideners-v1, fabricloader, longcommandsender, net_raphimc_viaaprilfools-common, net_raphimc_viabedrock, net_raphimc_vialegacy]
[13:06:29] [Render thread/DEBUG] (net.fabricmc.fabric.impl.resource.loader.ModResourcePackUtil) [Fabric] cur @ fabric, auto-enabled viafabricplus, currently enabled: [vanilla, fabric, com_viaversion_viabackwards-common, com_viaversion_viaversion-common, fabric-api, fabric-api-base, fabric-api-lookup-api-v1, fabric-biome-api-v1, fabric-block-api-v1, fabric-block-view-api-v2, fabric-blockrenderlayer-v1, fabric-client-tags-api-v1, fabric-command-api-v1, fabric-command-api-v2, fabric-commands-v0, fabric-content-registries-v0, fabric-convention-tags-v1, fabric-convention-tags-v2, fabric-crash-report-info-v1, fabric-data-attachment-api-v1, fabric-data-generation-api-v1, fabric-dimensions-v1, fabric-entity-events-v1, fabric-events-interaction-v0, fabric-game-rule-api-v1, fabric-gametest-api-v1, fabric-item-api-v1, fabric-item-group-api-v1, fabric-key-binding-api-v1, fabric-keybindings-v0, fabric-lifecycle-events-v1, fabric-loot-api-v2, fabric-loot-api-v3, fabric-message-api-v1, fabric-model-loading-api-v1, fabric-networking-api-v1, fabric-object-builder-api-v1, fabric-particles-v1, fabric-recipe-api-v1, fabric-registry-sync-v0, fabric-renderer-api-v1, fabric-renderer-indigo, fabric-renderer-registries-v1, fabric-rendering-data-attachment-v1, fabric-rendering-fluids-v1, fabric-rendering-v0, fabric-rendering-v1, fabric-resource-conditions-api-v1, fabric-resource-loader-v0, fabric-screen-api-v1, fabric-screen-handler-api-v1, fabric-sound-api-v1, fabric-transfer-api-v1, fabric-transitive-access-wideners-v1, fabricloader, longcommandsender, net_raphimc_viaaprilfools-common, net_raphimc_viabedrock, net_raphimc_vialegacy, viafabricplus]
[13:06:29] [Render thread/DEBUG] (net.fabricmc.fabric.impl.resource.loader.ModResourcePackUtil) [Fabric] Final sorting result: [vanilla, fabric, com_viaversion_viabackwards-common, com_viaversion_viaversion-common, fabric-api, fabric-api-base, fabric-api-lookup-api-v1, fabric-biome-api-v1, fabric-block-api-v1, fabric-block-view-api-v2, fabric-blockrenderlayer-v1, fabric-client-tags-api-v1, fabric-command-api-v1, fabric-command-api-v2, fabric-commands-v0, fabric-content-registries-v0, fabric-convention-tags-v1, fabric-convention-tags-v2, fabric-crash-report-info-v1, fabric-data-attachment-api-v1, fabric-data-generation-api-v1, fabric-dimensions-v1, fabric-entity-events-v1, fabric-events-interaction-v0, fabric-game-rule-api-v1, fabric-gametest-api-v1, fabric-item-api-v1, fabric-item-group-api-v1, fabric-key-binding-api-v1, fabric-keybindings-v0, fabric-lifecycle-events-v1, fabric-loot-api-v2, fabric-loot-api-v3, fabric-message-api-v1, fabric-model-loading-api-v1, fabric-networking-api-v1, fabric-object-builder-api-v1, fabric-particles-v1, fabric-recipe-api-v1, fabric-registry-sync-v0, fabric-renderer-api-v1, fabric-renderer-indigo, fabric-renderer-registries-v1, fabric-rendering-data-attachment-v1, fabric-rendering-fluids-v1, fabric-rendering-v0, fabric-rendering-v1, fabric-resource-conditions-api-v1, fabric-resource-loader-v0, fabric-screen-api-v1, fabric-screen-handler-api-v1, fabric-sound-api-v1, fabric-transfer-api-v1, fabric-transitive-access-wideners-v1, fabricloader, longcommandsender, net_raphimc_viaaprilfools-common, net_raphimc_viabedrock, net_raphimc_vialegacy, viafabricplus]
[13:06:29] [Render thread/DEBUG] (net.fabricmc.fabric.impl.resource.loader.ModResourcePackUtil) [Fabric] Starting internal pack sorting with: [vanilla, fabric, net_raphimc_viabedrock, com_viaversion_viabackwards-common, net_raphimc_viaaprilfools-common, viafabricplus, net_raphimc_vialegacy, com_viaversion_viaversion-common, fabric-api, fabric-api-base, fabric-api-lookup-api-v1, fabric-biome-api-v1, fabric-block-api-v1, fabric-block-view-api-v2, fabric-blockrenderlayer-v1, fabric-client-tags-api-v1, fabric-command-api-v1, fabric-command-api-v2, fabric-commands-v0, fabric-content-registries-v0, fabric-convention-tags-v1, fabric-convention-tags-v2, fabric-crash-report-info-v1, fabric-data-attachment-api-v1, fabric-data-generation-api-v1, fabric-dimensions-v1, fabric-entity-events-v1, fabric-events-interaction-v0, fabric-game-rule-api-v1, fabric-gametest-api-v1, fabric-item-api-v1, fabric-item-group-api-v1, fabric-key-binding-api-v1, fabric-keybindings-v0, fabric-lifecycle-events-v1, fabric-loot-api-v2, fabric-loot-api-v3, fabric-message-api-v1, fabric-model-loading-api-v1, fabric-networking-api-v1, fabric-object-builder-api-v1, fabric-particles-v1, fabric-recipe-api-v1, fabric-registry-sync-v0, fabric-renderer-api-v1, fabric-renderer-indigo, fabric-renderer-registries-v1, fabric-rendering-data-attachment-v1, fabric-rendering-fluids-v1, fabric-rendering-v0, fabric-rendering-v1, fabric-resource-conditions-api-v1, fabric-resource-loader-v0, fabric-screen-api-v1, fabric-screen-handler-api-v1, fabric-sound-api-v1, fabric-transfer-api-v1, fabric-transitive-access-wideners-v1, fabricloader, longcommandsender]
[13:06:29] [Render thread/DEBUG] (net.fabricmc.fabric.impl.resource.loader.ModResourcePackUtil) [Fabric] Removed all internal packs, result: [vanilla, fabric]
[13:06:29] [Render thread/DEBUG] (net.fabricmc.fabric.impl.resource.loader.ModResourcePackUtil) [Fabric] cur @ fabric, auto-enabled com_viaversion_viabackwards-common, currently enabled: [vanilla, fabric, com_viaversion_viabackwards-common]
[13:06:29] [Render thread/DEBUG] (net.fabricmc.fabric.impl.resource.loader.ModResourcePackUtil) [Fabric] cur @ fabric, auto-enabled com_viaversion_viaversion-common, currently enabled: [vanilla, fabric, com_viaversion_viabackwards-common, com_viaversion_viaversion-common]
[13:06:29] [Render thread/DEBUG] (net.fabricmc.fabric.impl.resource.loader.ModResourcePackUtil) [Fabric] cur @ fabric, auto-enabled fabric-api, currently enabled: [vanilla, fabric, com_viaversion_viabackwards-common, com_viaversion_viaversion-common, fabric-api]
[13:06:29] [Render thread/DEBUG] (net.fabricmc.fabric.impl.resource.loader.ModResourcePackUtil) [Fabric] cur @ fabric, auto-enabled fabric-api-base, currently enabled: [vanilla, fabric, com_viaversion_viabackwards-common, com_viaversion_viaversion-common, fabric-api, fabric-api-base]
[13:06:29] [Render thread/DEBUG] (net.fabricmc.fabric.impl.resource.loader.ModResourcePackUtil) [Fabric] cur @ fabric, auto-enabled fabric-api-lookup-api-v1, currently enabled: [vanilla, fabric, com_viaversion_viabackwards-common, com_viaversion_viaversion-common, fabric-api, fabric-api-base, fabric-api-lookup-api-v1]
[13:06:29] [Render thread/DEBUG] (net.fabricmc.fabric.impl.resource.loader.ModResourcePackUtil) [Fabric] cur @ fabric, auto-enabled fabric-biome-api-v1, currently enabled: [vanilla, fabric, com_viaversion_viabackwards-common, com_viaversion_viaversion-common, fabric-api, fabric-api-base, fabric-api-lookup-api-v1, fabric-biome-api-v1]
[13:06:29] [Render thread/DEBUG] (net.fabricmc.fabric.impl.resource.loader.ModResourcePackUtil) [Fabric] cur @ fabric, auto-enabled fabric-block-api-v1, currently enabled: [vanilla, fabric, com_viaversion_viabackwards-common, com_viaversion_viaversion-common, fabric-api, fabric-api-base, fabric-api-lookup-api-v1, fabric-biome-api-v1, fabric-block-api-v1]
[13:06:29] [Render thread/DEBUG] (net.fabricmc.fabric.impl.resource.loader.ModResourcePackUtil) [Fabric] cur @ fabric, auto-enabled fabric-block-view-api-v2, currently enabled: [vanilla, fabric, com_viaversion_viabackwards-common, com_viaversion_viaversion-common, fabric-api, fabric-api-base, fabric-api-lookup-api-v1, fabric-biome-api-v1, fabric-block-api-v1, fabric-block-view-api-v2]
[13:06:29] [Render thread/DEBUG] (net.fabricmc.fabric.impl.resource.loader.ModResourcePackUtil) [Fabric] cur @ fabric, auto-enabled fabric-blockrenderlayer-v1, currently enabled: [vanilla, fabric, com_viaversion_viabackwards-common, com_viaversion_viaversion-common, fabric-api, fabric-api-base, fabric-api-lookup-api-v1, fabric-biome-api-v1, fabric-block-api-v1, fabric-block-view-api-v2, fabric-blockrenderlayer-v1]
[13:06:29] [Render thread/DEBUG] (net.fabricmc.fabric.impl.resource.loader.ModResourcePackUtil) [Fabric] cur @ fabric, auto-enabled fabric-client-tags-api-v1, currently enabled: [vanilla, fabric, com_viaversion_viabackwards-common, com_viaversion_viaversion-common, fabric-api, fabric-api-base, fabric-api-lookup-api-v1, fabric-biome-api-v1, fabric-block-api-v1, fabric-block-view-api-v2, fabric-blockrenderlayer-v1, fabric-client-tags-api-v1]
[13:06:29] [Render thread/DEBUG] (net.fabricmc.fabric.impl.resource.loader.ModResourcePackUtil) [Fabric] cur @ fabric, auto-enabled fabric-command-api-v1, currently enabled: [vanilla, fabric, com_viaversion_viabackwards-common, com_viaversion_viaversion-common, fabric-api, fabric-api-base, fabric-api-lookup-api-v1, fabric-biome-api-v1, fabric-block-api-v1, fabric-block-view-api-v2, fabric-blockrenderlayer-v1, fabric-client-tags-api-v1, fabric-command-api-v1]
[13:06:29] [Render thread/DEBUG] (net.fabricmc.fabric.impl.resource.loader.ModResourcePackUtil) [Fabric] cur @ fabric, auto-enabled fabric-command-api-v2, currently enabled: [vanilla, fabric, com_viaversion_viabackwards-common, com_viaversion_viaversion-common, fabric-api, fabric-api-base, fabric-api-lookup-api-v1, fabric-biome-api-v1, fabric-block-api-v1, fabric-block-view-api-v2, fabric-blockrenderlayer-v1, fabric-client-tags-api-v1, fabric-command-api-v1, fabric-command-api-v2]
[13:06:29] [Render thread/DEBUG] (net.fabricmc.fabric.impl.resource.loader.ModResourcePackUtil) [Fabric] cur @ fabric, auto-enabled fabric-commands-v0, currently enabled: [vanilla, fabric, com_viaversion_viabackwards-common, com_viaversion_viaversion-common, fabric-api, fabric-api-base, fabric-api-lookup-api-v1, fabric-biome-api-v1, fabric-block-api-v1, fabric-block-view-api-v2, fabric-blockrenderlayer-v1, fabric-client-tags-api-v1, fabric-command-api-v1, fabric-command-api-v2, fabric-commands-v0]
[13:06:29] [Render thread/DEBUG] (net.fabricmc.fabric.impl.resource.loader.ModResourcePackUtil) [Fabric] cur @ fabric, auto-enabled fabric-content-registries-v0, currently enabled: [vanilla, fabric, com_viaversion_viabackwards-common, com_viaversion_viaversion-common, fabric-api, fabric-api-base, fabric-api-lookup-api-v1, fabric-biome-api-v1, fabric-block-api-v1, fabric-block-view-api-v2, fabric-blockrenderlayer-v1, fabric-client-tags-api-v1, fabric-command-api-v1, fabric-command-api-v2, fabric-commands-v0, fabric-content-registries-v0]
[13:06:29] [Render thread/DEBUG] (net.fabricmc.fabric.impl.resource.loader.ModResourcePackUtil) [Fabric] cur @ fabric, auto-enabled fabric-convention-tags-v1, currently enabled: [vanilla, fabric, com_viaversion_viabackwards-common, com_viaversion_viaversion-common, fabric-api, fabric-api-base, fabric-api-lookup-api-v1, fabric-biome-api-v1, fabric-block-api-v1, fabric-block-view-api-v2, fabric-blockrenderlayer-v1, fabric-client-tags-api-v1, fabric-command-api-v1, fabric-command-api-v2, fabric-commands-v0, fabric-content-registries-v0, fabric-convention-tags-v1]
[13:06:29] [Render thread/DEBUG] (net.fabricmc.fabric.impl.resource.loader.ModResourcePackUtil) [Fabric] cur @ fabric, auto-enabled fabric-convention-tags-v2, currently enabled: [vanilla, fabric, com_viaversion_viabackwards-common, com_viaversion_viaversion-common, fabric-api, fabric-api-base, fabric-api-lookup-api-v1, fabric-biome-api-v1, fabric-block-api-v1, fabric-block-view-api-v2, fabric-blockrenderlayer-v1, fabric-client-tags-api-v1, fabric-command-api-v1, fabric-command-api-v2, fabric-commands-v0, fabric-content-registries-v0, fabric-convention-tags-v1, fabric-convention-tags-v2]
[13:06:29] [Render thread/DEBUG] (net.fabricmc.fabric.impl.resource.loader.ModResourcePackUtil) [Fabric] cur @ fabric, auto-enabled fabric-crash-report-info-v1, currently enabled: [vanilla, fabric, com_viaversion_viabackwards-common, com_viaversion_viaversion-common, fabric-api, fabric-api-base, fabric-api-lookup-api-v1, fabric-biome-api-v1, fabric-block-api-v1, fabric-block-view-api-v2, fabric-blockrenderlayer-v1, fabric-client-tags-api-v1, fabric-command-api-v1, fabric-command-api-v2, fabric-commands-v0, fabric-content-registries-v0, fabric-convention-tags-v1, fabric-convention-tags-v2, fabric-crash-report-info-v1]
[13:06:29] [Render thread/DEBUG] (net.fabricmc.fabric.impl.resource.loader.ModResourcePackUtil) [Fabric] cur @ fabric, auto-enabled fabric-data-attachment-api-v1, currently enabled: [vanilla, fabric, com_viaversion_viabackwards-common, com_viaversion_viaversion-common, fabric-api, fabric-api-base, fabric-api-lookup-api-v1, fabric-biome-api-v1, fabric-block-api-v1, fabric-block-view-api-v2, fabric-blockrenderlayer-v1, fabric-client-tags-api-v1, fabric-command-api-v1, fabric-command-api-v2, fabric-commands-v0, fabric-content-registries-v0, fabric-convention-tags-v1, fabric-convention-tags-v2, fabric-crash-report-info-v1, fabric-data-attachment-api-v1]
[13:06:29] [Render thread/DEBUG] (net.fabricmc.fabric.impl.resource.loader.ModResourcePackUtil) [Fabric] cur @ fabric, auto-enabled fabric-data-generation-api-v1, currently enabled: [vanilla, fabric, com_viaversion_viabackwards-common, com_viaversion_viaversion-common, fabric-api, fabric-api-base, fabric-api-lookup-api-v1, fabric-biome-api-v1, fabric-block-api-v1, fabric-block-view-api-v2, fabric-blockrenderlayer-v1, fabric-client-tags-api-v1, fabric-command-api-v1, fabric-command-api-v2, fabric-commands-v0, fabric-content-registries-v0, fabric-convention-tags-v1, fabric-convention-tags-v2, fabric-crash-report-info-v1, fabric-data-attachment-api-v1, fabric-data-generation-api-v1]
[13:06:29] [Render thread/DEBUG] (net.fabricmc.fabric.impl.resource.loader.ModResourcePackUtil) [Fabric] cur @ fabric, auto-enabled fabric-dimensions-v1, currently enabled: [vanilla, fabric, com_viaversion_viabackwards-common, com_viaversion_viaversion-common, fabric-api, fabric-api-base, fabric-api-lookup-api-v1, fabric-biome-api-v1, fabric-block-api-v1, fabric-block-view-api-v2, fabric-blockrenderlayer-v1, fabric-client-tags-api-v1, fabric-command-api-v1, fabric-command-api-v2, fabric-commands-v0, fabric-content-registries-v0, fabric-convention-tags-v1, fabric-convention-tags-v2, fabric-crash-report-info-v1, fabric-data-attachment-api-v1, fabric-data-generation-api-v1, fabric-dimensions-v1]
[13:06:29] [Render thread/DEBUG] (net.fabricmc.fabric.impl.resource.loader.ModResourcePackUtil) [Fabric] cur @ fabric, auto-enabled fabric-entity-events-v1, currently enabled: [vanilla, fabric, com_viaversion_viabackwards-common, com_viaversion_viaversion-common, fabric-api, fabric-api-base, fabric-api-lookup-api-v1, fabric-biome-api-v1, fabric-block-api-v1, fabric-block-view-api-v2, fabric-blockrenderlayer-v1, fabric-client-tags-api-v1, fabric-command-api-v1, fabric-command-api-v2, fabric-commands-v0, fabric-content-registries-v0, fabric-convention-tags-v1, fabric-convention-tags-v2, fabric-crash-report-info-v1, fabric-data-attachment-api-v1, fabric-data-generation-api-v1, fabric-dimensions-v1, fabric-entity-events-v1]
[13:06:29] [Render thread/DEBUG] (net.fabricmc.fabric.impl.resource.loader.ModResourcePackUtil) [Fabric] cur @ fabric, auto-enabled fabric-events-interaction-v0, currently enabled: [vanilla, fabric, com_viaversion_viabackwards-common, com_viaversion_viaversion-common, fabric-api, fabric-api-base, fabric-api-lookup-api-v1, fabric-biome-api-v1, fabric-block-api-v1, fabric-block-view-api-v2, fabric-blockrenderlayer-v1, fabric-client-tags-api-v1, fabric-command-api-v1, fabric-command-api-v2, fabric-commands-v0, fabric-content-registries-v0, fabric-convention-tags-v1, fabric-convention-tags-v2, fabric-crash-report-info-v1, fabric-data-attachment-api-v1, fabric-data-generation-api-v1, fabric-dimensions-v1, fabric-entity-events-v1, fabric-events-interaction-v0]
[13:06:29] [Render thread/DEBUG] (net.fabricmc.fabric.impl.resource.loader.ModResourcePackUtil) [Fabric] cur @ fabric, auto-enabled fabric-game-rule-api-v1, currently enabled: [vanilla, fabric, com_viaversion_viabackwards-common, com_viaversion_viaversion-common, fabric-api, fabric-api-base, fabric-api-lookup-api-v1, fabric-biome-api-v1, fabric-block-api-v1, fabric-block-view-api-v2, fabric-blockrenderlayer-v1, fabric-client-tags-api-v1, fabric-command-api-v1, fabric-command-api-v2, fabric-commands-v0, fabric-content-registries-v0, fabric-convention-tags-v1, fabric-convention-tags-v2, fabric-crash-report-info-v1, fabric-data-attachment-api-v1, fabric-data-generation-api-v1, fabric-dimensions-v1, fabric-entity-events-v1, fabric-events-interaction-v0, fabric-game-rule-api-v1]
[13:06:29] [Render thread/DEBUG] (net.fabricmc.fabric.impl.resource.loader.ModResourcePackUtil) [Fabric] cur @ fabric, auto-enabled fabric-gametest-api-v1, currently enabled: [vanilla, fabric, com_viaversion_viabackwards-common, com_viaversion_viaversion-common, fabric-api, fabric-api-base, fabric-api-lookup-api-v1, fabric-biome-api-v1, fabric-block-api-v1, fabric-block-view-api-v2, fabric-blockrenderlayer-v1, fabric-client-tags-api-v1, fabric-command-api-v1, fabric-command-api-v2, fabric-commands-v0, fabric-content-registries-v0, fabric-convention-tags-v1, fabric-convention-tags-v2, fabric-crash-report-info-v1, fabric-data-attachment-api-v1, fabric-data-generation-api-v1, fabric-dimensions-v1, fabric-entity-events-v1, fabric-events-interaction-v0, fabric-game-rule-api-v1, fabric-gametest-api-v1]
[13:06:29] [Render thread/DEBUG] (net.fabricmc.fabric.impl.resource.loader.ModResourcePackUtil) [Fabric] cur @ fabric, auto-enabled fabric-item-api-v1, currently enabled: [vanilla, fabric, com_viaversion_viabackwards-common, com_viaversion_viaversion-common, fabric-api, fabric-api-base, fabric-api-lookup-api-v1, fabric-biome-api-v1, fabric-block-api-v1, fabric-block-view-api-v2, fabric-blockrenderlayer-v1, fabric-client-tags-api-v1, fabric-command-api-v1, fabric-command-api-v2, fabric-commands-v0, fabric-content-registries-v0, fabric-convention-tags-v1, fabric-convention-tags-v2, fabric-crash-report-info-v1, fabric-data-attachment-api-v1, fabric-data-generation-api-v1, fabric-dimensions-v1, fabric-entity-events-v1, fabric-events-interaction-v0, fabric-game-rule-api-v1, fabric-gametest-api-v1, fabric-item-api-v1]
[13:06:29] [Render thread/DEBUG] (net.fabricmc.fabric.impl.resource.loader.ModResourcePackUtil) [Fabric] cur @ fabric, auto-enabled fabric-item-group-api-v1, currently enabled: [vanilla, fabric, com_viaversion_viabackwards-common, com_viaversion_viaversion-common, fabric-api, fabric-api-base, fabric-api-lookup-api-v1, fabric-biome-api-v1, fabric-block-api-v1, fabric-block-view-api-v2, fabric-blockrenderlayer-v1, fabric-client-tags-api-v1, fabric-command-api-v1, fabric-command-api-v2, fabric-commands-v0, fabric-content-registries-v0, fabric-convention-tags-v1, fabric-convention-tags-v2, fabric-crash-report-info-v1, fabric-data-attachment-api-v1, fabric-data-generation-api-v1, fabric-dimensions-v1, fabric-entity-events-v1, fabric-events-interaction-v0, fabric-game-rule-api-v1, fabric-gametest-api-v1, fabric-item-api-v1, fabric-item-group-api-v1]
[13:06:29] [Render thread/DEBUG] (net.fabricmc.fabric.impl.resource.loader.ModResourcePackUtil) [Fabric] cur @ fabric, auto-enabled fabric-key-binding-api-v1, currently enabled: [vanilla, fabric, com_viaversion_viabackwards-common, com_viaversion_viaversion-common, fabric-api, fabric-api-base, fabric-api-lookup-api-v1, fabric-biome-api-v1, fabric-block-api-v1, fabric-block-view-api-v2, fabric-blockrenderlayer-v1, fabric-client-tags-api-v1, fabric-command-api-v1, fabric-command-api-v2, fabric-commands-v0, fabric-content-registries-v0, fabric-convention-tags-v1, fabric-convention-tags-v2, fabric-crash-report-info-v1, fabric-data-attachment-api-v1, fabric-data-generation-api-v1, fabric-dimensions-v1, fabric-entity-events-v1, fabric-events-interaction-v0, fabric-game-rule-api-v1, fabric-gametest-api-v1, fabric-item-api-v1, fabric-item-group-api-v1, fabric-key-binding-api-v1]
[13:06:29] [Render thread/DEBUG] (net.fabricmc.fabric.impl.resource.loader.ModResourcePackUtil) [Fabric] cur @ fabric, auto-enabled fabric-keybindings-v0, currently enabled: [vanilla, fabric, com_viaversion_viabackwards-common, com_viaversion_viaversion-common, fabric-api, fabric-api-base, fabric-api-lookup-api-v1, fabric-biome-api-v1, fabric-block-api-v1, fabric-block-view-api-v2, fabric-blockrenderlayer-v1, fabric-client-tags-api-v1, fabric-command-api-v1, fabric-command-api-v2, fabric-commands-v0, fabric-content-registries-v0, fabric-convention-tags-v1, fabric-convention-tags-v2, fabric-crash-report-info-v1, fabric-data-attachment-api-v1, fabric-data-generation-api-v1, fabric-dimensions-v1, fabric-entity-events-v1, fabric-events-interaction-v0, fabric-game-rule-api-v1, fabric-gametest-api-v1, fabric-item-api-v1, fabric-item-group-api-v1, fabric-key-binding-api-v1, fabric-keybindings-v0]
[13:06:29] [Render thread/DEBUG] (net.fabricmc.fabric.impl.resource.loader.ModResourcePackUtil) [Fabric] cur @ fabric, auto-enabled fabric-lifecycle-events-v1, currently enabled: [vanilla, fabric, com_viaversion_viabackwards-common, com_viaversion_viaversion-common, fabric-api, fabric-api-base, fabric-api-lookup-api-v1, fabric-biome-api-v1, fabric-block-api-v1, fabric-block-view-api-v2, fabric-blockrenderlayer-v1, fabric-client-tags-api-v1, fabric-command-api-v1, fabric-command-api-v2, fabric-commands-v0, fabric-content-registries-v0, fabric-convention-tags-v1, fabric-convention-tags-v2, fabric-crash-report-info-v1, fabric-data-attachment-api-v1, fabric-data-generation-api-v1, fabric-dimensions-v1, fabric-entity-events-v1, fabric-events-interaction-v0, fabric-game-rule-api-v1, fabric-gametest-api-v1, fabric-item-api-v1, fabric-item-group-api-v1, fabric-key-binding-api-v1, fabric-keybindings-v0, fabric-lifecycle-events-v1]
[13:06:29] [Render thread/DEBUG] (net.fabricmc.fabric.impl.resource.loader.ModResourcePackUtil) [Fabric] cur @ fabric, auto-enabled fabric-loot-api-v2, currently enabled: [vanilla, fabric, com_viaversion_viabackwards-common, com_viaversion_viaversion-common, fabric-api, fabric-api-base, fabric-api-lookup-api-v1, fabric-biome-api-v1, fabric-block-api-v1, fabric-block-view-api-v2, fabric-blockrenderlayer-v1, fabric-client-tags-api-v1, fabric-command-api-v1, fabric-command-api-v2, fabric-commands-v0, fabric-content-registries-v0, fabric-convention-tags-v1, fabric-convention-tags-v2, fabric-crash-report-info-v1, fabric-data-attachment-api-v1, fabric-data-generation-api-v1, fabric-dimensions-v1, fabric-entity-events-v1, fabric-events-interaction-v0, fabric-game-rule-api-v1, fabric-gametest-api-v1, fabric-item-api-v1, fabric-item-group-api-v1, fabric-key-binding-api-v1, fabric-keybindings-v0, fabric-lifecycle-events-v1, fabric-loot-api-v2]
[13:06:29] [Render thread/DEBUG] (net.fabricmc.fabric.impl.resource.loader.ModResourcePackUtil) [Fabric] cur @ fabric, auto-enabled fabric-loot-api-v3, currently enabled: [vanilla, fabric, com_viaversion_viabackwards-common, com_viaversion_viaversion-common, fabric-api, fabric-api-base, fabric-api-lookup-api-v1, fabric-biome-api-v1, fabric-block-api-v1, fabric-block-view-api-v2, fabric-blockrenderlayer-v1, fabric-client-tags-api-v1, fabric-command-api-v1, fabric-command-api-v2, fabric-commands-v0, fabric-content-registries-v0, fabric-convention-tags-v1, fabric-convention-tags-v2, fabric-crash-report-info-v1, fabric-data-attachment-api-v1, fabric-data-generation-api-v1, fabric-dimensions-v1, fabric-entity-events-v1, fabric-events-interaction-v0, fabric-game-rule-api-v1, fabric-gametest-api-v1, fabric-item-api-v1, fabric-item-group-api-v1, fabric-key-binding-api-v1, fabric-keybindings-v0, fabric-lifecycle-events-v1, fabric-loot-api-v2, fabric-loot-api-v3]
[13:06:29] [Render thread/DEBUG] (net.fabricmc.fabric.impl.resource.loader.ModResourcePackUtil) [Fabric] cur @ fabric, auto-enabled fabric-message-api-v1, currently enabled: [vanilla, fabric, com_viaversion_viabackwards-common, com_viaversion_viaversion-common, fabric-api, fabric-api-base, fabric-api-lookup-api-v1, fabric-biome-api-v1, fabric-block-api-v1, fabric-block-view-api-v2, fabric-blockrenderlayer-v1, fabric-client-tags-api-v1, fabric-command-api-v1, fabric-command-api-v2, fabric-commands-v0, fabric-content-registries-v0, fabric-convention-tags-v1, fabric-convention-tags-v2, fabric-crash-report-info-v1, fabric-data-attachment-api-v1, fabric-data-generation-api-v1, fabric-dimensions-v1, fabric-entity-events-v1, fabric-events-interaction-v0, fabric-game-rule-api-v1, fabric-gametest-api-v1, fabric-item-api-v1, fabric-item-group-api-v1, fabric-key-binding-api-v1, fabric-keybindings-v0, fabric-lifecycle-events-v1, fabric-loot-api-v2, fabric-loot-api-v3, fabric-message-api-v1]
[13:06:29] [Render thread/DEBUG] (net.fabricmc.fabric.impl.resource.loader.ModResourcePackUtil) [Fabric] cur @ fabric, auto-enabled fabric-model-loading-api-v1, currently enabled: [vanilla, fabric, com_viaversion_viabackwards-common, com_viaversion_viaversion-common, fabric-api, fabric-api-base, fabric-api-lookup-api-v1, fabric-biome-api-v1, fabric-block-api-v1, fabric-block-view-api-v2, fabric-blockrenderlayer-v1, fabric-client-tags-api-v1, fabric-command-api-v1, fabric-command-api-v2, fabric-commands-v0, fabric-content-registries-v0, fabric-convention-tags-v1, fabric-convention-tags-v2, fabric-crash-report-info-v1, fabric-data-attachment-api-v1, fabric-data-generation-api-v1, fabric-dimensions-v1, fabric-entity-events-v1, fabric-events-interaction-v0, fabric-game-rule-api-v1, fabric-gametest-api-v1, fabric-item-api-v1, fabric-item-group-api-v1, fabric-key-binding-api-v1, fabric-keybindings-v0, fabric-lifecycle-events-v1, fabric-loot-api-v2, fabric-loot-api-v3, fabric-message-api-v1, fabric-model-loading-api-v1]
[13:06:29] [Render thread/DEBUG] (net.fabricmc.fabric.impl.resource.loader.ModResourcePackUtil) [Fabric] cur @ fabric, auto-enabled fabric-networking-api-v1, currently enabled: [vanilla, fabric, com_viaversion_viabackwards-common, com_viaversion_viaversion-common, fabric-api, fabric-api-base, fabric-api-lookup-api-v1, fabric-biome-api-v1, fabric-block-api-v1, fabric-block-view-api-v2, fabric-blockrenderlayer-v1, fabric-client-tags-api-v1, fabric-command-api-v1, fabric-command-api-v2, fabric-commands-v0, fabric-content-registries-v0, fabric-convention-tags-v1, fabric-convention-tags-v2, fabric-crash-report-info-v1, fabric-data-attachment-api-v1, fabric-data-generation-api-v1, fabric-dimensions-v1, fabric-entity-events-v1, fabric-events-interaction-v0, fabric-game-rule-api-v1, fabric-gametest-api-v1, fabric-item-api-v1, fabric-item-group-api-v1, fabric-key-binding-api-v1, fabric-keybindings-v0, fabric-lifecycle-events-v1, fabric-loot-api-v2, fabric-loot-api-v3, fabric-message-api-v1, fabric-model-loading-api-v1, fabric-networking-api-v1]
[13:06:29] [Render thread/DEBUG] (net.fabricmc.fabric.impl.resource.loader.ModResourcePackUtil) [Fabric] cur @ fabric, auto-enabled fabric-object-builder-api-v1, currently enabled: [vanilla, fabric, com_viaversion_viabackwards-common, com_viaversion_viaversion-common, fabric-api, fabric-api-base, fabric-api-lookup-api-v1, fabric-biome-api-v1, fabric-block-api-v1, fabric-block-view-api-v2, fabric-blockrenderlayer-v1, fabric-client-tags-api-v1, fabric-command-api-v1, fabric-command-api-v2, fabric-commands-v0, fabric-content-registries-v0, fabric-convention-tags-v1, fabric-convention-tags-v2, fabric-crash-report-info-v1, fabric-data-attachment-api-v1, fabric-data-generation-api-v1, fabric-dimensions-v1, fabric-entity-events-v1, fabric-events-interaction-v0, fabric-game-rule-api-v1, fabric-gametest-api-v1, fabric-item-api-v1, fabric-item-group-api-v1, fabric-key-binding-api-v1, fabric-keybindings-v0, fabric-lifecycle-events-v1, fabric-loot-api-v2, fabric-loot-api-v3, fabric-message-api-v1, fabric-model-loading-api-v1, fabric-networking-api-v1, fabric-object-builder-api-v1]
[13:06:29] [Render thread/DEBUG] (net.fabricmc.fabric.impl.resource.loader.ModResourcePackUtil) [Fabric] cur @ fabric, auto-enabled fabric-particles-v1, currently enabled: [vanilla, fabric, com_viaversion_viabackwards-common, com_viaversion_viaversion-common, fabric-api, fabric-api-base, fabric-api-lookup-api-v1, fabric-biome-api-v1, fabric-block-api-v1, fabric-block-view-api-v2, fabric-blockrenderlayer-v1, fabric-client-tags-api-v1, fabric-command-api-v1, fabric-command-api-v2, fabric-commands-v0, fabric-content-registries-v0, fabric-convention-tags-v1, fabric-convention-tags-v2, fabric-crash-report-info-v1, fabric-data-attachment-api-v1, fabric-data-generation-api-v1, fabric-dimensions-v1, fabric-entity-events-v1, fabric-events-interaction-v0, fabric-game-rule-api-v1, fabric-gametest-api-v1, fabric-item-api-v1, fabric-item-group-api-v1, fabric-key-binding-api-v1, fabric-keybindings-v0, fabric-lifecycle-events-v1, fabric-loot-api-v2, fabric-loot-api-v3, fabric-message-api-v1, fabric-model-loading-api-v1, fabric-networking-api-v1, fabric-object-builder-api-v1, fabric-particles-v1]
[13:06:29] [Render thread/DEBUG] (net.fabricmc.fabric.impl.resource.loader.ModResourcePackUtil) [Fabric] cur @ fabric, auto-enabled fabric-recipe-api-v1, currently enabled: [vanilla, fabric, com_viaversion_viabackwards-common, com_viaversion_viaversion-common, fabric-api, fabric-api-base, fabric-api-lookup-api-v1, fabric-biome-api-v1, fabric-block-api-v1, fabric-block-view-api-v2, fabric-blockrenderlayer-v1, fabric-client-tags-api-v1, fabric-command-api-v1, fabric-command-api-v2, fabric-commands-v0, fabric-content-registries-v0, fabric-convention-tags-v1, fabric-convention-tags-v2, fabric-crash-report-info-v1, fabric-data-attachment-api-v1, fabric-data-generation-api-v1, fabric-dimensions-v1, fabric-entity-events-v1, fabric-events-interaction-v0, fabric-game-rule-api-v1, fabric-gametest-api-v1, fabric-item-api-v1, fabric-item-group-api-v1, fabric-key-binding-api-v1, fabric-keybindings-v0, fabric-lifecycle-events-v1, fabric-loot-api-v2, fabric-loot-api-v3, fabric-message-api-v1, fabric-model-loading-api-v1, fabric-networking-api-v1, fabric-object-builder-api-v1, fabric-particles-v1, fabric-recipe-api-v1]
[13:06:29] [Render thread/DEBUG] (net.fabricmc.fabric.impl.resource.loader.ModResourcePackUtil) [Fabric] cur @ fabric, auto-enabled fabric-registry-sync-v0, currently enabled: [vanilla, fabric, com_viaversion_viabackwards-common, com_viaversion_viaversion-common, fabric-api, fabric-api-base, fabric-api-lookup-api-v1, fabric-biome-api-v1, fabric-block-api-v1, fabric-block-view-api-v2, fabric-blockrenderlayer-v1, fabric-client-tags-api-v1, fabric-command-api-v1, fabric-command-api-v2, fabric-commands-v0, fabric-content-registries-v0, fabric-convention-tags-v1, fabric-convention-tags-v2, fabric-crash-report-info-v1, fabric-data-attachment-api-v1, fabric-data-generation-api-v1, fabric-dimensions-v1, fabric-entity-events-v1, fabric-events-interaction-v0, fabric-game-rule-api-v1, fabric-gametest-api-v1, fabric-item-api-v1, fabric-item-group-api-v1, fabric-key-binding-api-v1, fabric-keybindings-v0, fabric-lifecycle-events-v1, fabric-loot-api-v2, fabric-loot-api-v3, fabric-message-api-v1, fabric-model-loading-api-v1, fabric-networking-api-v1, fabric-object-builder-api-v1, fabric-particles-v1, fabric-recipe-api-v1, fabric-registry-sync-v0]
[13:06:29] [Render thread/DEBUG] (net.fabricmc.fabric.impl.resource.loader.ModResourcePackUtil) [Fabric] cur @ fabric, auto-enabled fabric-renderer-api-v1, currently enabled: [vanilla, fabric, com_viaversion_viabackwards-common, com_viaversion_viaversion-common, fabric-api, fabric-api-base, fabric-api-lookup-api-v1, fabric-biome-api-v1, fabric-block-api-v1, fabric-block-view-api-v2, fabric-blockrenderlayer-v1, fabric-client-tags-api-v1, fabric-command-api-v1, fabric-command-api-v2, fabric-commands-v0, fabric-content-registries-v0, fabric-convention-tags-v1, fabric-convention-tags-v2, fabric-crash-report-info-v1, fabric-data-attachment-api-v1, fabric-data-generation-api-v1, fabric-dimensions-v1, fabric-entity-events-v1, fabric-events-interaction-v0, fabric-game-rule-api-v1, fabric-gametest-api-v1, fabric-item-api-v1, fabric-item-group-api-v1, fabric-key-binding-api-v1, fabric-keybindings-v0, fabric-lifecycle-events-v1, fabric-loot-api-v2, fabric-loot-api-v3, fabric-message-api-v1, fabric-model-loading-api-v1, fabric-networking-api-v1, fabric-object-builder-api-v1, fabric-particles-v1, fabric-recipe-api-v1, fabric-registry-sync-v0, fabric-renderer-api-v1]
[13:06:29] [Render thread/DEBUG] (net.fabricmc.fabric.impl.resource.loader.ModResourcePackUtil) [Fabric] cur @ fabric, auto-enabled fabric-renderer-indigo, currently enabled: [vanilla, fabric, com_viaversion_viabackwards-common, com_viaversion_viaversion-common, fabric-api, fabric-api-base, fabric-api-lookup-api-v1, fabric-biome-api-v1, fabric-block-api-v1, fabric-block-view-api-v2, fabric-blockrenderlayer-v1, fabric-client-tags-api-v1, fabric-command-api-v1, fabric-command-api-v2, fabric-commands-v0, fabric-content-registries-v0, fabric-convention-tags-v1, fabric-convention-tags-v2, fabric-crash-report-info-v1, fabric-data-attachment-api-v1, fabric-data-generation-api-v1, fabric-dimensions-v1, fabric-entity-events-v1, fabric-events-interaction-v0, fabric-game-rule-api-v1, fabric-gametest-api-v1, fabric-item-api-v1, fabric-item-group-api-v1, fabric-key-binding-api-v1, fabric-keybindings-v0, fabric-lifecycle-events-v1, fabric-loot-api-v2, fabric-loot-api-v3, fabric-message-api-v1, fabric-model-loading-api-v1, fabric-networking-api-v1, fabric-object-builder-api-v1, fabric-particles-v1, fabric-recipe-api-v1, fabric-registry-sync-v0, fabric-renderer-api-v1, fabric-renderer-indigo]
[13:06:29] [Render thread/DEBUG] (net.fabricmc.fabric.impl.resource.loader.ModResourcePackUtil) [Fabric] cur @ fabric, auto-enabled fabric-renderer-registries-v1, currently enabled: [vanilla, fabric, com_viaversion_viabackwards-common, com_viaversion_viaversion-common, fabric-api, fabric-api-base, fabric-api-lookup-api-v1, fabric-biome-api-v1, fabric-block-api-v1, fabric-block-view-api-v2, fabric-blockrenderlayer-v1, fabric-client-tags-api-v1, fabric-command-api-v1, fabric-command-api-v2, fabric-commands-v0, fabric-content-registries-v0, fabric-convention-tags-v1, fabric-convention-tags-v2, fabric-crash-report-info-v1, fabric-data-attachment-api-v1, fabric-data-generation-api-v1, fabric-dimensions-v1, fabric-entity-events-v1, fabric-events-interaction-v0, fabric-game-rule-api-v1, fabric-gametest-api-v1, fabric-item-api-v1, fabric-item-group-api-v1, fabric-key-binding-api-v1, fabric-keybindings-v0, fabric-lifecycle-events-v1, fabric-loot-api-v2, fabric-loot-api-v3, fabric-message-api-v1, fabric-model-loading-api-v1, fabric-networking-api-v1, fabric-object-builder-api-v1, fabric-particles-v1, fabric-recipe-api-v1, fabric-registry-sync-v0, fabric-renderer-api-v1, fabric-renderer-indigo, fabric-renderer-registries-v1]
[13:06:29] [Render thread/DEBUG] (net.fabricmc.fabric.impl.resource.loader.ModResourcePackUtil) [Fabric] cur @ fabric, auto-enabled fabric-rendering-data-attachment-v1, currently enabled: [vanilla, fabric, com_viaversion_viabackwards-common, com_viaversion_viaversion-common, fabric-api, fabric-api-base, fabric-api-lookup-api-v1, fabric-biome-api-v1, fabric-block-api-v1, fabric-block-view-api-v2, fabric-blockrenderlayer-v1, fabric-client-tags-api-v1, fabric-command-api-v1, fabric-command-api-v2, fabric-commands-v0, fabric-content-registries-v0, fabric-convention-tags-v1, fabric-convention-tags-v2, fabric-crash-report-info-v1, fabric-data-attachment-api-v1, fabric-data-generation-api-v1, fabric-dimensions-v1, fabric-entity-events-v1, fabric-events-interaction-v0, fabric-game-rule-api-v1, fabric-gametest-api-v1, fabric-item-api-v1, fabric-item-group-api-v1, fabric-key-binding-api-v1, fabric-keybindings-v0, fabric-lifecycle-events-v1, fabric-loot-api-v2, fabric-loot-api-v3, fabric-message-api-v1, fabric-model-loading-api-v1, fabric-networking-api-v1, fabric-object-builder-api-v1, fabric-particles-v1, fabric-recipe-api-v1, fabric-registry-sync-v0, fabric-renderer-api-v1, fabric-renderer-indigo, fabric-renderer-registries-v1, fabric-rendering-data-attachment-v1]
[13:06:29] [Render thread/DEBUG] (net.fabricmc.fabric.impl.resource.loader.ModResourcePackUtil) [Fabric] cur @ fabric, auto-enabled fabric-rendering-fluids-v1, currently enabled: [vanilla, fabric, com_viaversion_viabackwards-common, com_viaversion_viaversion-common, fabric-api, fabric-api-base, fabric-api-lookup-api-v1, fabric-biome-api-v1, fabric-block-api-v1, fabric-block-view-api-v2, fabric-blockrenderlayer-v1, fabric-client-tags-api-v1, fabric-command-api-v1, fabric-command-api-v2, fabric-commands-v0, fabric-content-registries-v0, fabric-convention-tags-v1, fabric-convention-tags-v2, fabric-crash-report-info-v1, fabric-data-attachment-api-v1, fabric-data-generation-api-v1, fabric-dimensions-v1, fabric-entity-events-v1, fabric-events-interaction-v0, fabric-game-rule-api-v1, fabric-gametest-api-v1, fabric-item-api-v1, fabric-item-group-api-v1, fabric-key-binding-api-v1, fabric-keybindings-v0, fabric-lifecycle-events-v1, fabric-loot-api-v2, fabric-loot-api-v3, fabric-message-api-v1, fabric-model-loading-api-v1, fabric-networking-api-v1, fabric-object-builder-api-v1, fabric-particles-v1, fabric-recipe-api-v1, fabric-registry-sync-v0, fabric-renderer-api-v1, fabric-renderer-indigo, fabric-renderer-registries-v1, fabric-rendering-data-attachment-v1, fabric-rendering-fluids-v1]
[13:06:29] [Render thread/DEBUG] (net.fabricmc.fabric.impl.resource.loader.ModResourcePackUtil) [Fabric] cur @ fabric, auto-enabled fabric-rendering-v0, currently enabled: [vanilla, fabric, com_viaversion_viabackwards-common, com_viaversion_viaversion-common, fabric-api, fabric-api-base, fabric-api-lookup-api-v1, fabric-biome-api-v1, fabric-block-api-v1, fabric-block-view-api-v2, fabric-blockrenderlayer-v1, fabric-client-tags-api-v1, fabric-command-api-v1, fabric-command-api-v2, fabric-commands-v0, fabric-content-registries-v0, fabric-convention-tags-v1, fabric-convention-tags-v2, fabric-crash-report-info-v1, fabric-data-attachment-api-v1, fabric-data-generation-api-v1, fabric-dimensions-v1, fabric-entity-events-v1, fabric-events-interaction-v0, fabric-game-rule-api-v1, fabric-gametest-api-v1, fabric-item-api-v1, fabric-item-group-api-v1, fabric-key-binding-api-v1, fabric-keybindings-v0, fabric-lifecycle-events-v1, fabric-loot-api-v2, fabric-loot-api-v3, fabric-message-api-v1, fabric-model-loading-api-v1, fabric-networking-api-v1, fabric-object-builder-api-v1, fabric-particles-v1, fabric-recipe-api-v1, fabric-registry-sync-v0, fabric-renderer-api-v1, fabric-renderer-indigo, fabric-renderer-registries-v1, fabric-rendering-data-attachment-v1, fabric-rendering-fluids-v1, fabric-rendering-v0]
[13:06:29] [Render thread/DEBUG] (net.fabricmc.fabric.impl.resource.loader.ModResourcePackUtil) [Fabric] cur @ fabric, auto-enabled fabric-rendering-v1, currently enabled: [vanilla, fabric, com_viaversion_viabackwards-common, com_viaversion_viaversion-common, fabric-api, fabric-api-base, fabric-api-lookup-api-v1, fabric-biome-api-v1, fabric-block-api-v1, fabric-block-view-api-v2, fabric-blockrenderlayer-v1, fabric-client-tags-api-v1, fabric-command-api-v1, fabric-command-api-v2, fabric-commands-v0, fabric-content-registries-v0, fabric-convention-tags-v1, fabric-convention-tags-v2, fabric-crash-report-info-v1, fabric-data-attachment-api-v1, fabric-data-generation-api-v1, fabric-dimensions-v1, fabric-entity-events-v1, fabric-events-interaction-v0, fabric-game-rule-api-v1, fabric-gametest-api-v1, fabric-item-api-v1, fabric-item-group-api-v1, fabric-key-binding-api-v1, fabric-keybindings-v0, fabric-lifecycle-events-v1, fabric-loot-api-v2, fabric-loot-api-v3, fabric-message-api-v1, fabric-model-loading-api-v1, fabric-networking-api-v1, fabric-object-builder-api-v1, fabric-particles-v1, fabric-recipe-api-v1, fabric-registry-sync-v0, fabric-renderer-api-v1, fabric-renderer-indigo, fabric-renderer-registries-v1, fabric-rendering-data-attachment-v1, fabric-rendering-fluids-v1, fabric-rendering-v0, fabric-rendering-v1]
[13:06:29] [Render thread/DEBUG] (net.fabricmc.fabric.impl.resource.loader.ModResourcePackUtil) [Fabric] cur @ fabric, auto-enabled fabric-resource-conditions-api-v1, currently enabled: [vanilla, fabric, com_viaversion_viabackwards-common, com_viaversion_viaversion-common, fabric-api, fabric-api-base, fabric-api-lookup-api-v1, fabric-biome-api-v1, fabric-block-api-v1, fabric-block-view-api-v2, fabric-blockrenderlayer-v1, fabric-client-tags-api-v1, fabric-command-api-v1, fabric-command-api-v2, fabric-commands-v0, fabric-content-registries-v0, fabric-convention-tags-v1, fabric-convention-tags-v2, fabric-crash-report-info-v1, fabric-data-attachment-api-v1, fabric-data-generation-api-v1, fabric-dimensions-v1, fabric-entity-events-v1, fabric-events-interaction-v0, fabric-game-rule-api-v1, fabric-gametest-api-v1, fabric-item-api-v1, fabric-item-group-api-v1, fabric-key-binding-api-v1, fabric-keybindings-v0, fabric-lifecycle-events-v1, fabric-loot-api-v2, fabric-loot-api-v3, fabric-message-api-v1, fabric-model-loading-api-v1, fabric-networking-api-v1, fabric-object-builder-api-v1, fabric-particles-v1, fabric-recipe-api-v1, fabric-registry-sync-v0, fabric-renderer-api-v1, fabric-renderer-indigo, fabric-renderer-registries-v1, fabric-rendering-data-attachment-v1, fabric-rendering-fluids-v1, fabric-rendering-v0, fabric-rendering-v1, fabric-resource-conditions-api-v1]
[13:06:29] [Render thread/DEBUG] (net.fabricmc.fabric.impl.resource.loader.ModResourcePackUtil) [Fabric] cur @ fabric, auto-enabled fabric-resource-loader-v0, currently enabled: [vanilla, fabric, com_viaversion_viabackwards-common, com_viaversion_viaversion-common, fabric-api, fabric-api-base, fabric-api-lookup-api-v1, fabric-biome-api-v1, fabric-block-api-v1, fabric-block-view-api-v2, fabric-blockrenderlayer-v1, fabric-client-tags-api-v1, fabric-command-api-v1, fabric-command-api-v2, fabric-commands-v0, fabric-content-registries-v0, fabric-convention-tags-v1, fabric-convention-tags-v2, fabric-crash-report-info-v1, fabric-data-attachment-api-v1, fabric-data-generation-api-v1, fabric-dimensions-v1, fabric-entity-events-v1, fabric-events-interaction-v0, fabric-game-rule-api-v1, fabric-gametest-api-v1, fabric-item-api-v1, fabric-item-group-api-v1, fabric-key-binding-api-v1, fabric-keybindings-v0, fabric-lifecycle-events-v1, fabric-loot-api-v2, fabric-loot-api-v3, fabric-message-api-v1, fabric-model-loading-api-v1, fabric-networking-api-v1, fabric-object-builder-api-v1, fabric-particles-v1, fabric-recipe-api-v1, fabric-registry-sync-v0, fabric-renderer-api-v1, fabric-renderer-indigo, fabric-renderer-registries-v1, fabric-rendering-data-attachment-v1, fabric-rendering-fluids-v1, fabric-rendering-v0, fabric-rendering-v1, fabric-resource-conditions-api-v1, fabric-resource-loader-v0]
[13:06:29] [Render thread/DEBUG] (net.fabricmc.fabric.impl.resource.loader.ModResourcePackUtil) [Fabric] cur @ fabric, auto-enabled fabric-screen-api-v1, currently enabled: [vanilla, fabric, com_viaversion_viabackwards-common, com_viaversion_viaversion-common, fabric-api, fabric-api-base, fabric-api-lookup-api-v1, fabric-biome-api-v1, fabric-block-api-v1, fabric-block-view-api-v2, fabric-blockrenderlayer-v1, fabric-client-tags-api-v1, fabric-command-api-v1, fabric-command-api-v2, fabric-commands-v0, fabric-content-registries-v0, fabric-convention-tags-v1, fabric-convention-tags-v2, fabric-crash-report-info-v1, fabric-data-attachment-api-v1, fabric-data-generation-api-v1, fabric-dimensions-v1, fabric-entity-events-v1, fabric-events-interaction-v0, fabric-game-rule-api-v1, fabric-gametest-api-v1, fabric-item-api-v1, fabric-item-group-api-v1, fabric-key-binding-api-v1, fabric-keybindings-v0, fabric-lifecycle-events-v1, fabric-loot-api-v2, fabric-loot-api-v3, fabric-message-api-v1, fabric-model-loading-api-v1, fabric-networking-api-v1, fabric-object-builder-api-v1, fabric-particles-v1, fabric-recipe-api-v1, fabric-registry-sync-v0, fabric-renderer-api-v1, fabric-renderer-indigo, fabric-renderer-registries-v1, fabric-rendering-data-attachment-v1, fabric-rendering-fluids-v1, fabric-rendering-v0, fabric-rendering-v1, fabric-resource-conditions-api-v1, fabric-resource-loader-v0, fabric-screen-api-v1]
[13:06:29] [Render thread/DEBUG] (net.fabricmc.fabric.impl.resource.loader.ModResourcePackUtil) [Fabric] cur @ fabric, auto-enabled fabric-screen-handler-api-v1, currently enabled: [vanilla, fabric, com_viaversion_viabackwards-common, com_viaversion_viaversion-common, fabric-api, fabric-api-base, fabric-api-lookup-api-v1, fabric-biome-api-v1, fabric-block-api-v1, fabric-block-view-api-v2, fabric-blockrenderlayer-v1, fabric-client-tags-api-v1, fabric-command-api-v1, fabric-command-api-v2, fabric-commands-v0, fabric-content-registries-v0, fabric-convention-tags-v1, fabric-convention-tags-v2, fabric-crash-report-info-v1, fabric-data-attachment-api-v1, fabric-data-generation-api-v1, fabric-dimensions-v1, fabric-entity-events-v1, fabric-events-interaction-v0, fabric-game-rule-api-v1, fabric-gametest-api-v1, fabric-item-api-v1, fabric-item-group-api-v1, fabric-key-binding-api-v1, fabric-keybindings-v0, fabric-lifecycle-events-v1, fabric-loot-api-v2, fabric-loot-api-v3, fabric-message-api-v1, fabric-model-loading-api-v1, fabric-networking-api-v1, fabric-object-builder-api-v1, fabric-particles-v1, fabric-recipe-api-v1, fabric-registry-sync-v0, fabric-renderer-api-v1, fabric-renderer-indigo, fabric-renderer-registries-v1, fabric-rendering-data-attachment-v1, fabric-rendering-fluids-v1, fabric-rendering-v0, fabric-rendering-v1, fabric-resource-conditions-api-v1, fabric-resource-loader-v0, fabric-screen-api-v1, fabric-screen-handler-api-v1]
[13:06:29] [Render thread/DEBUG] (net.fabricmc.fabric.impl.resource.loader.ModResourcePackUtil) [Fabric] cur @ fabric, auto-enabled fabric-sound-api-v1, currently enabled: [vanilla, fabric, com_viaversion_viabackwards-common, com_viaversion_viaversion-common, fabric-api, fabric-api-base, fabric-api-lookup-api-v1, fabric-biome-api-v1, fabric-block-api-v1, fabric-block-view-api-v2, fabric-blockrenderlayer-v1, fabric-client-tags-api-v1, fabric-command-api-v1, fabric-command-api-v2, fabric-commands-v0, fabric-content-registries-v0, fabric-convention-tags-v1, fabric-convention-tags-v2, fabric-crash-report-info-v1, fabric-data-attachment-api-v1, fabric-data-generation-api-v1, fabric-dimensions-v1, fabric-entity-events-v1, fabric-events-interaction-v0, fabric-game-rule-api-v1, fabric-gametest-api-v1, fabric-item-api-v1, fabric-item-group-api-v1, fabric-key-binding-api-v1, fabric-keybindings-v0, fabric-lifecycle-events-v1, fabric-loot-api-v2, fabric-loot-api-v3, fabric-message-api-v1, fabric-model-loading-api-v1, fabric-networking-api-v1, fabric-object-builder-api-v1, fabric-particles-v1, fabric-recipe-api-v1, fabric-registry-sync-v0, fabric-renderer-api-v1, fabric-renderer-indigo, fabric-renderer-registries-v1, fabric-rendering-data-attachment-v1, fabric-rendering-fluids-v1, fabric-rendering-v0, fabric-rendering-v1, fabric-resource-conditions-api-v1, fabric-resource-loader-v0, fabric-screen-api-v1, fabric-screen-handler-api-v1, fabric-sound-api-v1]
[13:06:29] [Render thread/DEBUG] (net.fabricmc.fabric.impl.resource.loader.ModResourcePackUtil) [Fabric] cur @ fabric, auto-enabled fabric-transfer-api-v1, currently enabled: [vanilla, fabric, com_viaversion_viabackwards-common, com_viaversion_viaversion-common, fabric-api, fabric-api-base, fabric-api-lookup-api-v1, fabric-biome-api-v1, fabric-block-api-v1, fabric-block-view-api-v2, fabric-blockrenderlayer-v1, fabric-client-tags-api-v1, fabric-command-api-v1, fabric-command-api-v2, fabric-commands-v0, fabric-content-registries-v0, fabric-convention-tags-v1, fabric-convention-tags-v2, fabric-crash-report-info-v1, fabric-data-attachment-api-v1, fabric-data-generation-api-v1, fabric-dimensions-v1, fabric-entity-events-v1, fabric-events-interaction-v0, fabric-game-rule-api-v1, fabric-gametest-api-v1, fabric-item-api-v1, fabric-item-group-api-v1, fabric-key-binding-api-v1, fabric-keybindings-v0, fabric-lifecycle-events-v1, fabric-loot-api-v2, fabric-loot-api-v3, fabric-message-api-v1, fabric-model-loading-api-v1, fabric-networking-api-v1, fabric-object-builder-api-v1, fabric-particles-v1, fabric-recipe-api-v1, fabric-registry-sync-v0, fabric-renderer-api-v1, fabric-renderer-indigo, fabric-renderer-registries-v1, fabric-rendering-data-attachment-v1, fabric-rendering-fluids-v1, fabric-rendering-v0, fabric-rendering-v1, fabric-resource-conditions-api-v1, fabric-resource-loader-v0, fabric-screen-api-v1, fabric-screen-handler-api-v1, fabric-sound-api-v1, fabric-transfer-api-v1]
[13:06:29] [Render thread/DEBUG] (net.fabricmc.fabric.impl.resource.loader.ModResourcePackUtil) [Fabric] cur @ fabric, auto-enabled fabric-transitive-access-wideners-v1, currently enabled: [vanilla, fabric, com_viaversion_viabackwards-common, com_viaversion_viaversion-common, fabric-api, fabric-api-base, fabric-api-lookup-api-v1, fabric-biome-api-v1, fabric-block-api-v1, fabric-block-view-api-v2, fabric-blockrenderlayer-v1, fabric-client-tags-api-v1, fabric-command-api-v1, fabric-command-api-v2, fabric-commands-v0, fabric-content-registries-v0, fabric-convention-tags-v1, fabric-convention-tags-v2, fabric-crash-report-info-v1, fabric-data-attachment-api-v1, fabric-data-generation-api-v1, fabric-dimensions-v1, fabric-entity-events-v1, fabric-events-interaction-v0, fabric-game-rule-api-v1, fabric-gametest-api-v1, fabric-item-api-v1, fabric-item-group-api-v1, fabric-key-binding-api-v1, fabric-keybindings-v0, fabric-lifecycle-events-v1, fabric-loot-api-v2, fabric-loot-api-v3, fabric-message-api-v1, fabric-model-loading-api-v1, fabric-networking-api-v1, fabric-object-builder-api-v1, fabric-particles-v1, fabric-recipe-api-v1, fabric-registry-sync-v0, fabric-renderer-api-v1, fabric-renderer-indigo, fabric-renderer-registries-v1, fabric-rendering-data-attachment-v1, fabric-rendering-fluids-v1, fabric-rendering-v0, fabric-rendering-v1, fabric-resource-conditions-api-v1, fabric-resource-loader-v0, fabric-screen-api-v1, fabric-screen-handler-api-v1, fabric-sound-api-v1, fabric-transfer-api-v1, fabric-transitive-access-wideners-v1]
[13:06:29] [Render thread/DEBUG] (net.fabricmc.fabric.impl.resource.loader.ModResourcePackUtil) [Fabric] cur @ fabric, auto-enabled fabricloader, currently enabled: [vanilla, fabric, com_viaversion_viabackwards-common, com_viaversion_viaversion-common, fabric-api, fabric-api-base, fabric-api-lookup-api-v1, fabric-biome-api-v1, fabric-block-api-v1, fabric-block-view-api-v2, fabric-blockrenderlayer-v1, fabric-client-tags-api-v1, fabric-command-api-v1, fabric-command-api-v2, fabric-commands-v0, fabric-content-registries-v0, fabric-convention-tags-v1, fabric-convention-tags-v2, fabric-crash-report-info-v1, fabric-data-attachment-api-v1, fabric-data-generation-api-v1, fabric-dimensions-v1, fabric-entity-events-v1, fabric-events-interaction-v0, fabric-game-rule-api-v1, fabric-gametest-api-v1, fabric-item-api-v1, fabric-item-group-api-v1, fabric-key-binding-api-v1, fabric-keybindings-v0, fabric-lifecycle-events-v1, fabric-loot-api-v2, fabric-loot-api-v3, fabric-message-api-v1, fabric-model-loading-api-v1, fabric-networking-api-v1, fabric-object-builder-api-v1, fabric-particles-v1, fabric-recipe-api-v1, fabric-registry-sync-v0, fabric-renderer-api-v1, fabric-renderer-indigo, fabric-renderer-registries-v1, fabric-rendering-data-attachment-v1, fabric-rendering-fluids-v1, fabric-rendering-v0, fabric-rendering-v1, fabric-resource-conditions-api-v1, fabric-resource-loader-v0, fabric-screen-api-v1, fabric-screen-handler-api-v1, fabric-sound-api-v1, fabric-transfer-api-v1, fabric-transitive-access-wideners-v1, fabricloader]
[13:06:29] [Render thread/DEBUG] (net.fabricmc.fabric.impl.resource.loader.ModResourcePackUtil) [Fabric] cur @ fabric, auto-enabled longcommandsender, currently enabled: [vanilla, fabric, com_viaversion_viabackwards-common, com_viaversion_viaversion-common, fabric-api, fabric-api-base, fabric-api-lookup-api-v1, fabric-biome-api-v1, fabric-block-api-v1, fabric-block-view-api-v2, fabric-blockrenderlayer-v1, fabric-client-tags-api-v1, fabric-command-api-v1, fabric-command-api-v2, fabric-commands-v0, fabric-content-registries-v0, fabric-convention-tags-v1, fabric-convention-tags-v2, fabric-crash-report-info-v1, fabric-data-attachment-api-v1, fabric-data-generation-api-v1, fabric-dimensions-v1, fabric-entity-events-v1, fabric-events-interaction-v0, fabric-game-rule-api-v1, fabric-gametest-api-v1, fabric-item-api-v1, fabric-item-group-api-v1, fabric-key-binding-api-v1, fabric-keybindings-v0, fabric-lifecycle-events-v1, fabric-loot-api-v2, fabric-loot-api-v3, fabric-message-api-v1, fabric-model-loading-api-v1, fabric-networking-api-v1, fabric-object-builder-api-v1, fabric-particles-v1, fabric-recipe-api-v1, fabric-registry-sync-v0, fabric-renderer-api-v1, fabric-renderer-indigo, fabric-renderer-registries-v1, fabric-rendering-data-attachment-v1, fabric-rendering-fluids-v1, fabric-rendering-v0, fabric-rendering-v1, fabric-resource-conditions-api-v1, fabric-resource-loader-v0, fabric-screen-api-v1, fabric-screen-handler-api-v1, fabric-sound-api-v1, fabric-transfer-api-v1, fabric-transitive-access-wideners-v1, fabricloader, longcommandsender]
[13:06:29] [Render thread/DEBUG] (net.fabricmc.fabric.impl.resource.loader.ModResourcePackUtil) [Fabric] cur @ fabric, auto-enabled net_raphimc_viaaprilfools-common, currently enabled: [vanilla, fabric, com_viaversion_viabackwards-common, com_viaversion_viaversion-common, fabric-api, fabric-api-base, fabric-api-lookup-api-v1, fabric-biome-api-v1, fabric-block-api-v1, fabric-block-view-api-v2, fabric-blockrenderlayer-v1, fabric-client-tags-api-v1, fabric-command-api-v1, fabric-command-api-v2, fabric-commands-v0, fabric-content-registries-v0, fabric-convention-tags-v1, fabric-convention-tags-v2, fabric-crash-report-info-v1, fabric-data-attachment-api-v1, fabric-data-generation-api-v1, fabric-dimensions-v1, fabric-entity-events-v1, fabric-events-interaction-v0, fabric-game-rule-api-v1, fabric-gametest-api-v1, fabric-item-api-v1, fabric-item-group-api-v1, fabric-key-binding-api-v1, fabric-keybindings-v0, fabric-lifecycle-events-v1, fabric-loot-api-v2, fabric-loot-api-v3, fabric-message-api-v1, fabric-model-loading-api-v1, fabric-networking-api-v1, fabric-object-builder-api-v1, fabric-particles-v1, fabric-recipe-api-v1, fabric-registry-sync-v0, fabric-renderer-api-v1, fabric-renderer-indigo, fabric-renderer-registries-v1, fabric-rendering-data-attachment-v1, fabric-rendering-fluids-v1, fabric-rendering-v0, fabric-rendering-v1, fabric-resource-conditions-api-v1, fabric-resource-loader-v0, fabric-screen-api-v1, fabric-screen-handler-api-v1, fabric-sound-api-v1, fabric-transfer-api-v1, fabric-transitive-access-wideners-v1, fabricloader, longcommandsender, net_raphimc_viaaprilfools-common]
[13:06:29] [Render thread/DEBUG] (net.fabricmc.fabric.impl.resource.loader.ModResourcePackUtil) [Fabric] cur @ fabric, auto-enabled net_raphimc_viabedrock, currently enabled: [vanilla, fabric, com_viaversion_viabackwards-common, com_viaversion_viaversion-common, fabric-api, fabric-api-base, fabric-api-lookup-api-v1, fabric-biome-api-v1, fabric-block-api-v1, fabric-block-view-api-v2, fabric-blockrenderlayer-v1, fabric-client-tags-api-v1, fabric-command-api-v1, fabric-command-api-v2, fabric-commands-v0, fabric-content-registries-v0, fabric-convention-tags-v1, fabric-convention-tags-v2, fabric-crash-report-info-v1, fabric-data-attachment-api-v1, fabric-data-generation-api-v1, fabric-dimensions-v1, fabric-entity-events-v1, fabric-events-interaction-v0, fabric-game-rule-api-v1, fabric-gametest-api-v1, fabric-item-api-v1, fabric-item-group-api-v1, fabric-key-binding-api-v1, fabric-keybindings-v0, fabric-lifecycle-events-v1, fabric-loot-api-v2, fabric-loot-api-v3, fabric-message-api-v1, fabric-model-loading-api-v1, fabric-networking-api-v1, fabric-object-builder-api-v1, fabric-particles-v1, fabric-recipe-api-v1, fabric-registry-sync-v0, fabric-renderer-api-v1, fabric-renderer-indigo, fabric-renderer-registries-v1, fabric-rendering-data-attachment-v1, fabric-rendering-fluids-v1, fabric-rendering-v0, fabric-rendering-v1, fabric-resource-conditions-api-v1, fabric-resource-loader-v0, fabric-screen-api-v1, fabric-screen-handler-api-v1, fabric-sound-api-v1, fabric-transfer-api-v1, fabric-transitive-access-wideners-v1, fabricloader, longcommandsender, net_raphimc_viaaprilfools-common, net_raphimc_viabedrock]
[13:06:29] [Render thread/DEBUG] (net.fabricmc.fabric.impl.resource.loader.ModResourcePackUtil) [Fabric] cur @ fabric, auto-enabled net_raphimc_vialegacy, currently enabled: [vanilla, fabric, com_viaversion_viabackwards-common, com_viaversion_viaversion-common, fabric-api, fabric-api-base, fabric-api-lookup-api-v1, fabric-biome-api-v1, fabric-block-api-v1, fabric-block-view-api-v2, fabric-blockrenderlayer-v1, fabric-client-tags-api-v1, fabric-command-api-v1, fabric-command-api-v2, fabric-commands-v0, fabric-content-registries-v0, fabric-convention-tags-v1, fabric-convention-tags-v2, fabric-crash-report-info-v1, fabric-data-attachment-api-v1, fabric-data-generation-api-v1, fabric-dimensions-v1, fabric-entity-events-v1, fabric-events-interaction-v0, fabric-game-rule-api-v1, fabric-gametest-api-v1, fabric-item-api-v1, fabric-item-group-api-v1, fabric-key-binding-api-v1, fabric-keybindings-v0, fabric-lifecycle-events-v1, fabric-loot-api-v2, fabric-loot-api-v3, fabric-message-api-v1, fabric-model-loading-api-v1, fabric-networking-api-v1, fabric-object-builder-api-v1, fabric-particles-v1, fabric-recipe-api-v1, fabric-registry-sync-v0, fabric-renderer-api-v1, fabric-renderer-indigo, fabric-renderer-registries-v1, fabric-rendering-data-attachment-v1, fabric-rendering-fluids-v1, fabric-rendering-v0, fabric-rendering-v1, fabric-resource-conditions-api-v1, fabric-resource-loader-v0, fabric-screen-api-v1, fabric-screen-handler-api-v1, fabric-sound-api-v1, fabric-transfer-api-v1, fabric-transitive-access-wideners-v1, fabricloader, longcommandsender, net_raphimc_viaaprilfools-common, net_raphimc_viabedrock, net_raphimc_vialegacy]
[13:06:29] [Render thread/DEBUG] (net.fabricmc.fabric.impl.resource.loader.ModResourcePackUtil) [Fabric] cur @ fabric, auto-enabled viafabricplus, currently enabled: [vanilla, fabric, com_viaversion_viabackwards-common, com_viaversion_viaversion-common, fabric-api, fabric-api-base, fabric-api-lookup-api-v1, fabric-biome-api-v1, fabric-block-api-v1, fabric-block-view-api-v2, fabric-blockrenderlayer-v1, fabric-client-tags-api-v1, fabric-command-api-v1, fabric-command-api-v2, fabric-commands-v0, fabric-content-registries-v0, fabric-convention-tags-v1, fabric-convention-tags-v2, fabric-crash-report-info-v1, fabric-data-attachment-api-v1, fabric-data-generation-api-v1, fabric-dimensions-v1, fabric-entity-events-v1, fabric-events-interaction-v0, fabric-game-rule-api-v1, fabric-gametest-api-v1, fabric-item-api-v1, fabric-item-group-api-v1, fabric-key-binding-api-v1, fabric-keybindings-v0, fabric-lifecycle-events-v1, fabric-loot-api-v2, fabric-loot-api-v3, fabric-message-api-v1, fabric-model-loading-api-v1, fabric-networking-api-v1, fabric-object-builder-api-v1, fabric-particles-v1, fabric-recipe-api-v1, fabric-registry-sync-v0, fabric-renderer-api-v1, fabric-renderer-indigo, fabric-renderer-registries-v1, fabric-rendering-data-attachment-v1, fabric-rendering-fluids-v1, fabric-rendering-v0, fabric-rendering-v1, fabric-resource-conditions-api-v1, fabric-resource-loader-v0, fabric-screen-api-v1, fabric-screen-handler-api-v1, fabric-sound-api-v1, fabric-transfer-api-v1, fabric-transitive-access-wideners-v1, fabricloader, longcommandsender, net_raphimc_viaaprilfools-common, net_raphimc_viabedrock, net_raphimc_vialegacy, viafabricplus]
[13:06:29] [Render thread/DEBUG] (net.fabricmc.fabric.impl.resource.loader.ModResourcePackUtil) [Fabric] Final sorting result: [vanilla, fabric, com_viaversion_viabackwards-common, com_viaversion_viaversion-common, fabric-api, fabric-api-base, fabric-api-lookup-api-v1, fabric-biome-api-v1, fabric-block-api-v1, fabric-block-view-api-v2, fabric-blockrenderlayer-v1, fabric-client-tags-api-v1, fabric-command-api-v1, fabric-command-api-v2, fabric-commands-v0, fabric-content-registries-v0, fabric-convention-tags-v1, fabric-convention-tags-v2, fabric-crash-report-info-v1, fabric-data-attachment-api-v1, fabric-data-generation-api-v1, fabric-dimensions-v1, fabric-entity-events-v1, fabric-events-interaction-v0, fabric-game-rule-api-v1, fabric-gametest-api-v1, fabric-item-api-v1, fabric-item-group-api-v1, fabric-key-binding-api-v1, fabric-keybindings-v0, fabric-lifecycle-events-v1, fabric-loot-api-v2, fabric-loot-api-v3, fabric-message-api-v1, fabric-model-loading-api-v1, fabric-networking-api-v1, fabric-object-builder-api-v1, fabric-particles-v1, fabric-recipe-api-v1, fabric-registry-sync-v0, fabric-renderer-api-v1, fabric-renderer-indigo, fabric-renderer-registries-v1, fabric-rendering-data-attachment-v1, fabric-rendering-fluids-v1, fabric-rendering-v0, fabric-rendering-v1, fabric-resource-conditions-api-v1, fabric-resource-loader-v0, fabric-screen-api-v1, fabric-screen-handler-api-v1, fabric-sound-api-v1, fabric-transfer-api-v1, fabric-transitive-access-wideners-v1, fabricloader, longcommandsender, net_raphimc_viaaprilfools-common, net_raphimc_viabedrock, net_raphimc_vialegacy, viafabricplus]
[13:06:29] [Render thread/DEBUG] (FabricLoader/Mixin) Mixing KeyedResourceReloadListenerClientMixin from fabric-resource-loader-v0.client.mixins.json into net.minecraft.client.resource.language.LanguageManager
[13:06:29] [Render thread/DEBUG] (FabricLoader/Mixin) fabric-resource-loader-v0.client.mixins.json:KeyedResourceReloadListenerClientMixin from mod fabric-resource-loader-v0: Class version 65 required is higher than the class version supported by the current version of Mixin (JAVA_17 supports class version 61)
[13:06:29] [Render thread/DEBUG] (FabricLoader/Mixin) Mixing fixes.minecraft.MixinLanguageManager from viafabricplus.mixins.json into net.minecraft.client.resource.language.LanguageManager
[13:06:29] [Render thread/DEBUG] (FabricLoader/Mixin) viafabricplus.mixins.json:fixes.minecraft.MixinLanguageManager from mod viafabricplus->@Inject::updateUnicodeFontOverride(Lnet/minecraft/resource/ResourceManager;Lorg/spongepowered/asm/mixin/injection/callback/CallbackInfo;)V doesn't use it's CallbackInfo
[13:06:29] [Render thread/DEBUG] (FabricLoader/Mixin) viafabricplus.mixins.json:fixes.minecraft.MixinLanguageManager from mod viafabricplus->@Inject::updateUnicodeFontOverride(Lnet/minecraft/resource/ResourceManager;Lorg/spongepowered/asm/mixin/injection/callback/CallbackInfo;)V has 0 override(s) in child classes
[13:06:29] [Render thread/DEBUG] (FabricLoader/Mixin) viafabricplus.mixins.json:fixes.minecraft.MixinLanguageManager from mod viafabricplus->@Inject::updateUnicodeFontOverride(Lnet/minecraft/resource/ResourceManager;Lorg/spongepowered/asm/mixin/injection/callback/CallbackInfo;)V won't be passed a CallbackInfo as a result
[13:06:29] [Render thread/DEBUG] (FabricLoader/Mixin) Mixing KeyedResourceReloadListenerClientMixin from fabric-resource-loader-v0.client.mixins.json into net.minecraft.client.texture.TextureManager
[13:06:29] [Render thread/DEBUG] (FabricLoader/Mixin) fabric-resource-loader-v0.client.mixins.json:KeyedResourceReloadListenerClientMixin from mod fabric-resource-loader-v0: Class version 65 required is higher than the class version supported by the current version of Mixin (JAVA_17 supports class version 61)
[13:06:29] [Render thread/DEBUG] (FabricLoader/Mixin) Mixing KeyedResourceReloadListenerClientMixin from fabric-resource-loader-v0.client.mixins.json into net.minecraft.client.sound.SoundManager
[13:06:29] [Render thread/DEBUG] (FabricLoader/Mixin) fabric-resource-loader-v0.client.mixins.json:KeyedResourceReloadListenerClientMixin from mod fabric-resource-loader-v0: Class version 65 required is higher than the class version supported by the current version of Mixin (JAVA_17 supports class version 61)
[13:06:29] [Render thread/DEBUG] (FabricLoader/Mixin) Mixing modification.DynamicRegistryManagerImmutableImplMixin from fabric-biome-api-v1.mixins.json into net.minecraft.registry.DynamicRegistryManager$ImmutableImpl
[13:06:29] [Render thread/DEBUG] (FabricLoader/Mixin) fabric-biome-api-v1.mixins.json:modification.DynamicRegistryManagerImmutableImplMixin from mod fabric-biome-api-v1: Class version 65 required is higher than the class version supported by the current version of Mixin (JAVA_17 supports class version 61)
[13:06:29] [ForkJoinPool.commonPool-worker-1/INFO] (ViaVersion) ViaVersion detected lowest supported version by the proxy: c0.0.15a-1 (0)
[13:06:29] [ForkJoinPool.commonPool-worker-1/INFO] (ViaVersion) Highest supported version by the proxy: 1.21.2-1.21.3 (768)
[13:06:29] [Render thread/DEBUG] (FabricLoader/Mixin) Mixing SoundSystemMixin from fabric-sound-api-v1.mixins.json into net.minecraft.client.sound.SoundSystem
[13:06:29] [Render thread/DEBUG] (FabricLoader/Mixin) fabric-sound-api-v1.mixins.json:SoundSystemMixin from mod fabric-sound-api-v1: Class version 65 required is higher than the class version supported by the current version of Mixin (JAVA_17 supports class version 61)
[13:06:29] [ForkJoinPool.commonPool-worker-1/INFO] (com.mojang.authlib.yggdrasil.YggdrasilAuthenticationService) Environment: Environment[sessionHost=https://sessionserver.mojang.com, servicesHost=https://api.minecraftservices.com, name=PROD]
[13:06:29] [Yggdrasil Key Fetcher/DEBUG] (com.mojang.authlib.minecraft.client.MinecraftClient) Connecting to https://api.minecraftservices.com/publickeys
[13:06:29] [Render thread/DEBUG] (FabricLoader/Mixin) Mixing FontManagerMixin from fabric-resource-loader-v0.client.mixins.json into net.minecraft.client.font.FontManager
[13:06:29] [Render thread/DEBUG] (FabricLoader/Mixin) fabric-resource-loader-v0.client.mixins.json:FontManagerMixin from mod fabric-resource-loader-v0: Class version 65 required is higher than the class version supported by the current version of Mixin (JAVA_17 supports class version 61)
[13:06:29] [Render thread/DEBUG] (FabricLoader/Mixin) Mixing fixes.minecraft.MixinFontStorage from viafabricplus.mixins.json into net.minecraft.client.font.FontStorage
[13:06:29] [Render thread/DEBUG] (FabricLoader/Mixin) viafabricplus.mixins.json:fixes.minecraft.MixinFontStorage from mod viafabricplus->@Inject::bakeBlankGlyph1_12_2(Lorg/spongepowered/asm/mixin/injection/callback/CallbackInfo;)V doesn't use it's CallbackInfo
[13:06:29] [Render thread/DEBUG] (FabricLoader/Mixin) viafabricplus.mixins.json:fixes.minecraft.MixinFontStorage from mod viafabricplus->@Inject::bakeBlankGlyph1_12_2(Lorg/spongepowered/asm/mixin/injection/callback/CallbackInfo;)V has 0 override(s) in child classes
[13:06:29] [Render thread/DEBUG] (FabricLoader/Mixin) viafabricplus.mixins.json:fixes.minecraft.MixinFontStorage from mod viafabricplus->@Inject::bakeBlankGlyph1_12_2(Lorg/spongepowered/asm/mixin/injection/callback/CallbackInfo;)V won't be passed a CallbackInfo as a result
[13:06:29] [Render thread/DEBUG] (FabricLoader/Mixin) viafabricplus.mixins.json:fixes.minecraft.MixinFontStorage from mod viafabricplus->@Inject::filterGlyphs(ILorg/spongepowered/asm/mixin/injection/callback/CallbackInfoReturnable;)V does use it's CallbackInfoReturnable
[13:06:29] [Render thread/DEBUG] (FabricLoader/Mixin) viafabricplus.mixins.json:fixes.minecraft.MixinFontStorage from mod viafabricplus->@Inject::filterGlyphs(ILorg/spongepowered/asm/mixin/injection/callback/CallbackInfoReturnable;)V does use it's CallbackInfoReturnable
[13:06:29] [Render thread/DEBUG] (FabricLoader/Mixin) viafabricplus.mixins.json:fixes.minecraft.MixinFontStorage from mod viafabricplus->@Inject::filterGlyphs(ILorg/spongepowered/asm/mixin/injection/callback/CallbackInfoReturnable;)V does use it's CallbackInfoReturnable
[13:06:29] [Render thread/DEBUG] (FabricLoader/Mixin) viafabricplus.mixins.json:fixes.minecraft.MixinFontStorage from mod viafabricplus->@Inject::filterGlyphRenderer(ILorg/spongepowered/asm/mixin/injection/callback/CallbackInfoReturnable;)V does use it's CallbackInfoReturnable
[13:06:29] [Render thread/DEBUG] (FabricLoader/Mixin) viafabricplus.mixins.json:fixes.minecraft.MixinFontStorage from mod viafabricplus->@Inject::filterGlyphRenderer(ILorg/spongepowered/asm/mixin/injection/callback/CallbackInfoReturnable;)V does use it's CallbackInfoReturnable
[13:06:29] [Render thread/DEBUG] (FabricLoader/Mixin) viafabricplus.mixins.json:fixes.minecraft.MixinFontStorage from mod viafabricplus->@Inject::fixBlankGlyph1_12_2(ILorg/spongepowered/asm/mixin/injection/callback/CallbackInfoReturnable;)V does use it's CallbackInfoReturnable
[13:06:29] [Render thread/DEBUG] (FabricLoader/Mixin) viafabricplus.mixins.json:fixes.minecraft.MixinFontStorage from mod viafabricplus->@Inject::fixBlankGlyph1_12_2(ILorg/spongepowered/asm/mixin/injection/callback/CallbackInfoReturnable;)V does use it's CallbackInfoReturnable
[13:06:29] [Render thread/DEBUG] (FabricLoader/Mixin) viafabricplus.mixins.json:fixes.minecraft.MixinFontStorage from mod viafabricplus->@Inject::fixBlankGlyph1_12_2(ILorg/spongepowered/asm/mixin/injection/callback/CallbackInfoReturnable;)V does use it's CallbackInfoReturnable
[13:06:30] [Render thread/DEBUG] (FabricLoader/Mixin) Mixing fixes.minecraft.MixinTextRenderer from viafabricplus.mixins.json into net.minecraft.client.font.TextRenderer
[13:06:30] [Render thread/DEBUG] (FabricLoader/Mixin) viafabricplus.mixins.json:fixes.minecraft.MixinTextRenderer from mod viafabricplus->@Inject::allowNewLines_String(Ljava/lang/String;FFIZLorg/joml/Matrix4f;Lnet/minecraft/client/render/VertexConsumerProvider;Lnet/minecraft/client/font/TextRenderer$TextLayerType;IIZLorg/spongepowered/asm/mixin/injection/callback/CallbackInfoReturnable;)V does use it's CallbackInfoReturnable
[13:06:30] [Render thread/DEBUG] (FabricLoader/Mixin) viafabricplus.mixins.json:fixes.minecraft.MixinTextRenderer from mod viafabricplus->@Inject::allowNewLines_Text(Lnet/minecraft/text/Text;FFIZLorg/joml/Matrix4f;Lnet/minecraft/client/render/VertexConsumerProvider;Lnet/minecraft/client/font/TextRenderer$TextLayerType;IILorg/spongepowered/asm/mixin/injection/callback/CallbackInfoReturnable;)V does use it's CallbackInfoReturnable
[13:06:30] [Render thread/DEBUG] (FabricLoader/Mixin) viafabricplus.mixins.json:fixes.minecraft.MixinTextRenderer from mod viafabricplus->@Inject::allowNewLines_getWidth(Lnet/minecraft/text/StringVisitable;Lorg/spongepowered/asm/mixin/injection/callback/CallbackInfoReturnable;)V does use it's CallbackInfoReturnable
[13:06:30] [Render thread/DEBUG] (FabricLoader/Mixin) Mixing BlockColorsMixin from fabric-rendering-v1.mixins.json into net.minecraft.client.color.block.BlockColors
[13:06:30] [Render thread/DEBUG] (FabricLoader/Mixin) fabric-rendering-v1.mixins.json:BlockColorsMixin from mod fabric-rendering-v1: Class version 65 required is higher than the class version supported by the current version of Mixin (JAVA_17 supports class version 61)
[13:06:30] [Render thread/DEBUG] (FabricLoader/Mixin) Mixing BlockColorsMixin from fabric-registry-sync-v0.client.mixins.json into net.minecraft.client.color.block.BlockColors
[13:06:30] [Render thread/DEBUG] (FabricLoader/Mixin) fabric-registry-sync-v0.client.mixins.json:BlockColorsMixin from mod fabric-registry-sync-v0: Class version 65 required is higher than the class version supported by the current version of Mixin (JAVA_17 supports class version 61)
[13:06:30] [Render thread/DEBUG] (FabricLoader/Mixin) fabric-rendering-v1.mixins.json:BlockColorsMixin from mod fabric-rendering-v1->@Inject::create(Lorg/spongepowered/asm/mixin/injection/callback/CallbackInfoReturnable;)V does use it's CallbackInfoReturnable
[13:06:30] [Render thread/DEBUG] (FabricLoader/Mixin) fabric-registry-sync-v0.client.mixins.json:BlockColorsMixin from mod fabric-registry-sync-v0->@Inject::create(Lorg/spongepowered/asm/mixin/injection/callback/CallbackInfo;)V doesn't use it's CallbackInfo
[13:06:30] [Render thread/DEBUG] (FabricLoader/Mixin) fabric-registry-sync-v0.client.mixins.json:BlockColorsMixin from mod fabric-registry-sync-v0->@Inject::create(Lorg/spongepowered/asm/mixin/injection/callback/CallbackInfo;)V has 0 override(s) in child classes
[13:06:30] [Render thread/DEBUG] (FabricLoader/Mixin) fabric-registry-sync-v0.client.mixins.json:BlockColorsMixin from mod fabric-registry-sync-v0->@Inject::create(Lorg/spongepowered/asm/mixin/injection/callback/CallbackInfo;)V won't be passed a CallbackInfo as a result
[13:06:30] [Render thread/DEBUG] (FabricLoader/Mixin) Mixing ItemColorsMixin from fabric-rendering-v1.mixins.json into net.minecraft.client.color.item.ItemColors
[13:06:30] [Render thread/DEBUG] (FabricLoader/Mixin) fabric-rendering-v1.mixins.json:ItemColorsMixin from mod fabric-rendering-v1: Class version 65 required is higher than the class version supported by the current version of Mixin (JAVA_17 supports class version 61)
[13:06:30] [Render thread/DEBUG] (FabricLoader/Mixin) Mixing ItemColorsMixin from fabric-registry-sync-v0.client.mixins.json into net.minecraft.client.color.item.ItemColors
[13:06:30] [Render thread/DEBUG] (FabricLoader/Mixin) fabric-registry-sync-v0.client.mixins.json:ItemColorsMixin from mod fabric-registry-sync-v0: Class version 65 required is higher than the class version supported by the current version of Mixin (JAVA_17 supports class version 61)
[13:06:30] [Render thread/DEBUG] (FabricLoader/Mixin) fabric-rendering-v1.mixins.json:ItemColorsMixin from mod fabric-rendering-v1->@Inject::create(Lnet/minecraft/client/color/block/BlockColors;Lorg/spongepowered/asm/mixin/injection/callback/CallbackInfoReturnable;)V does use it's CallbackInfoReturnable
[13:06:30] [Render thread/DEBUG] (FabricLoader/Mixin) fabric-registry-sync-v0.client.mixins.json:ItemColorsMixin from mod fabric-registry-sync-v0->@Inject::create(Lorg/spongepowered/asm/mixin/injection/callback/CallbackInfo;)V doesn't use it's CallbackInfo
[13:06:30] [Render thread/DEBUG] (FabricLoader/Mixin) fabric-registry-sync-v0.client.mixins.json:ItemColorsMixin from mod fabric-registry-sync-v0->@Inject::create(Lorg/spongepowered/asm/mixin/injection/callback/CallbackInfo;)V has 0 override(s) in child classes
[13:06:30] [Render thread/DEBUG] (FabricLoader/Mixin) fabric-registry-sync-v0.client.mixins.json:ItemColorsMixin from mod fabric-registry-sync-v0->@Inject::create(Lorg/spongepowered/asm/mixin/injection/callback/CallbackInfo;)V won't be passed a CallbackInfo as a result
[13:06:30] [Render thread/DEBUG] (FabricLoader/Mixin) Mixing KeyedResourceReloadListenerClientMixin from fabric-resource-loader-v0.client.mixins.json into net.minecraft.client.render.model.BakedModelManager
[13:06:30] [Render thread/DEBUG] (FabricLoader/Mixin) fabric-resource-loader-v0.client.mixins.json:KeyedResourceReloadListenerClientMixin from mod fabric-resource-loader-v0: Class version 65 required is higher than the class version supported by the current version of Mixin (JAVA_17 supports class version 61)
[13:06:30] [Render thread/DEBUG] (FabricLoader/Mixin) Mixing BakedModelManagerMixin from fabric-model-loading-api-v1.mixins.json into net.minecraft.client.render.model.BakedModelManager
[13:06:30] [Render thread/DEBUG] (FabricLoader/Mixin) fabric-model-loading-api-v1.mixins.json:BakedModelManagerMixin from mod fabric-model-loading-api-v1: Class version 65 required is higher than the class version supported by the current version of Mixin (JAVA_17 supports class version 61)
[13:06:30] [Render thread/DEBUG] (FabricLoader/Mixin) Renaming synthetic method lambda$loadModelPluginData$0(Ljava/util/function/BiFunction;Lnet/minecraft/util/Pair;Ljava/util/List;)Lnet/minecraft/client/render/model/ModelLoader; to mdfed865$fabric-model-loading-api-v1$lambda$loadModelPluginData$0$0 in fabric-model-loading-api-v1.mixins.json:BakedModelManagerMixin from mod fabric-model-loading-api-v1
[13:06:30] [Render thread/DEBUG] (FabricLoader/Mixin) Mixing TexturedRenderLayersMixin from fabric-object-builder-v1.client.mixins.json into net.minecraft.client.render.TexturedRenderLayers
[13:06:30] [Render thread/DEBUG] (FabricLoader/Mixin) fabric-object-builder-v1.client.mixins.json:TexturedRenderLayersMixin from mod fabric-object-builder-api-v1: Class version 65 required is higher than the class version supported by the current version of Mixin (JAVA_17 supports class version 61)
[13:06:30] [Render thread/DEBUG] (FabricLoader/Mixin) fabric-object-builder-v1.client.mixins.json:TexturedRenderLayersMixin from mod fabric-object-builder-api-v1->@Inject::modifyTextureId(Lnet/minecraft/block/WoodType;Lorg/spongepowered/asm/mixin/injection/callback/CallbackInfoReturnable;)V does use it's CallbackInfoReturnable
[13:06:30] [Render thread/DEBUG] (FabricLoader/Mixin) fabric-object-builder-v1.client.mixins.json:TexturedRenderLayersMixin from mod fabric-object-builder-api-v1->@Inject::modifyHangingTextureId(Lnet/minecraft/block/WoodType;Lorg/spongepowered/asm/mixin/injection/callback/CallbackInfoReturnable;)V does use it's CallbackInfoReturnable
[13:06:30] [Render thread/DEBUG] (FabricLoader/Mixin) Mixing KeyedResourceReloadListenerClientMixin from fabric-resource-loader-v0.client.mixins.json into net.minecraft.client.render.block.BlockRenderManager
[13:06:30] [Render thread/DEBUG] (FabricLoader/Mixin) fabric-resource-loader-v0.client.mixins.json:KeyedResourceReloadListenerClientMixin from mod fabric-resource-loader-v0: Class version 65 required is higher than the class version supported by the current version of Mixin (JAVA_17 supports class version 61)
[13:06:30] [Render thread/DEBUG] (FabricLoader/Mixin) Mixing fixes.minecraft.entity.MixinEntityRenderDispatcher from viafabricplus.mixins.json into net.minecraft.client.render.entity.EntityRenderDispatcher
[13:06:30] [Render thread/DEBUG] (FabricLoader/Mixin) viafabricplus.mixins.json:fixes.minecraft.entity.MixinEntityRenderDispatcher from mod viafabricplus->@Inject::createBoatRenderer1_8(Lnet/minecraft/resource/ResourceManager;Lorg/spongepowered/asm/mixin/injection/callback/CallbackInfo;)V doesn't use it's CallbackInfo
[13:06:30] [Render thread/DEBUG] (FabricLoader/Mixin) viafabricplus.mixins.json:fixes.minecraft.entity.MixinEntityRenderDispatcher from mod viafabricplus->@Inject::createBoatRenderer1_8(Lnet/minecraft/resource/ResourceManager;Lorg/spongepowered/asm/mixin/injection/callback/CallbackInfo;)V has 0 override(s) in child classes
[13:06:30] [Render thread/DEBUG] (FabricLoader/Mixin) viafabricplus.mixins.json:fixes.minecraft.entity.MixinEntityRenderDispatcher from mod viafabricplus->@Inject::createBoatRenderer1_8(Lnet/minecraft/resource/ResourceManager;Lorg/spongepowered/asm/mixin/injection/callback/CallbackInfo;)V won't be passed a CallbackInfo as a result
[13:06:30] [Render thread/DEBUG] (FabricLoader/Mixin) viafabricplus.mixins.json:fixes.minecraft.entity.MixinEntityRenderDispatcher from mod viafabricplus->@Inject::useBoatRenderer1_8(Lnet/minecraft/entity/Entity;Lorg/spongepowered/asm/mixin/injection/callback/CallbackInfoReturnable;)V does use it's CallbackInfoReturnable
[13:06:30] [Render thread/DEBUG] (FabricLoader/Mixin) Mixing BuiltinModelItemRendererMixin from fabric-rendering-v1.mixins.json into net.minecraft.client.render.item.BuiltinModelItemRenderer
[13:06:30] [Render thread/DEBUG] (FabricLoader/Mixin) fabric-rendering-v1.mixins.json:BuiltinModelItemRendererMixin from mod fabric-rendering-v1: Class version 65 required is higher than the class version supported by the current version of Mixin (JAVA_17 supports class version 61)
[13:06:30] [Render thread/DEBUG] (FabricLoader/Mixin) fabric-rendering-v1.mixins.json:BuiltinModelItemRendererMixin from mod fabric-rendering-v1->@Inject::fabric_onRender(Lnet/minecraft/item/ItemStack;Lnet/minecraft/client/render/model/json/ModelTransformationMode;Lnet/minecraft/client/util/math/MatrixStack;Lnet/minecraft/client/render/VertexConsumerProvider;IILorg/spongepowered/asm/mixin/injection/callback/CallbackInfo;)V does use it's CallbackInfo
[13:06:30] [Render thread/DEBUG] (FabricLoader/Mixin) Mixing ItemModelsMixin from fabric-registry-sync-v0.client.mixins.json into net.minecraft.client.render.item.ItemModels
[13:06:30] [Render thread/DEBUG] (FabricLoader/Mixin) fabric-registry-sync-v0.client.mixins.json:ItemModelsMixin from mod fabric-registry-sync-v0: Class version 65 required is higher than the class version supported by the current version of Mixin (JAVA_17 supports class version 61)
[13:06:30] [Render thread/DEBUG] (FabricLoader/Mixin) fabric-registry-sync-v0.client.mixins.json:ItemModelsMixin from mod fabric-registry-sync-v0->@Inject::onInit(Lnet/minecraft/client/render/model/BakedModelManager;Lorg/spongepowered/asm/mixin/injection/callback/CallbackInfo;)V doesn't use it's CallbackInfo
[13:06:30] [Render thread/DEBUG] (FabricLoader/Mixin) fabric-registry-sync-v0.client.mixins.json:ItemModelsMixin from mod fabric-registry-sync-v0->@Inject::onInit(Lnet/minecraft/client/render/model/BakedModelManager;Lorg/spongepowered/asm/mixin/injection/callback/CallbackInfo;)V has 0 override(s) in child classes
[13:06:30] [Render thread/DEBUG] (FabricLoader/Mixin) fabric-registry-sync-v0.client.mixins.json:ItemModelsMixin from mod fabric-registry-sync-v0->@Inject::onInit(Lnet/minecraft/client/render/model/BakedModelManager;Lorg/spongepowered/asm/mixin/injection/callback/CallbackInfo;)V won't be passed a CallbackInfo as a result
[13:06:30] [Render thread/DEBUG] (FabricLoader/Mixin) Mixing ModelLoaderMixin from fabric-model-loading-api-v1.mixins.json into net.minecraft.client.render.model.ModelLoader
[13:06:30] [Render thread/DEBUG] (FabricLoader/Mixin) fabric-model-loading-api-v1.mixins.json:ModelLoaderMixin from mod fabric-model-loading-api-v1: Class version 65 required is higher than the class version supported by the current version of Mixin (JAVA_17 supports class version 61)
[13:06:30] [Render thread/DEBUG] (FabricLoader/Mixin) Renaming synthetic method lambda$allowRecursiveLoading$0(Lnet/minecraft/util/Identifier;)Ljava/lang/String; to mdfed865$fabric-model-loading-api-v1$lambda$allowRecursiveLoading$0$0 in fabric-model-loading-api-v1.mixins.json:ModelLoaderMixin from mod fabric-model-loading-api-v1
[13:06:30] [Render thread/DEBUG] (FabricLoader/Mixin) fabric-model-loading-api-v1.mixins.json:ModelLoaderMixin from mod fabric-model-loading-api-v1->@Inject::afterMissingModelInit(Lnet/minecraft/client/color/block/BlockColors;Lnet/minecraft/util/profiler/Profiler;Ljava/util/Map;Ljava/util/Map;Lorg/spongepowered/asm/mixin/injection/callback/CallbackInfo;)V doesn't use it's CallbackInfo
[13:06:30] [Render thread/DEBUG] (FabricLoader/Mixin) fabric-model-loading-api-v1.mixins.json:ModelLoaderMixin from mod fabric-model-loading-api-v1->@Inject::afterMissingModelInit(Lnet/minecraft/client/color/block/BlockColors;Lnet/minecraft/util/profiler/Profiler;Ljava/util/Map;Ljava/util/Map;Lorg/spongepowered/asm/mixin/injection/callback/CallbackInfo;)V has 0 override(s) in child classes
[13:06:30] [Render thread/DEBUG] (FabricLoader/Mixin) fabric-model-loading-api-v1.mixins.json:ModelLoaderMixin from mod fabric-model-loading-api-v1->@Inject::afterMissingModelInit(Lnet/minecraft/client/color/block/BlockColors;Lnet/minecraft/util/profiler/Profiler;Ljava/util/Map;Ljava/util/Map;Lorg/spongepowered/asm/mixin/injection/callback/CallbackInfo;)V won't be passed a CallbackInfo as a result
[13:06:30] [Render thread/DEBUG] (FabricLoader/Mixin) fabric-model-loading-api-v1.mixins.json:ModelLoaderMixin from mod fabric-model-loading-api-v1->@Inject::allowRecursiveLoading(Lnet/minecraft/util/Identifier;Lorg/spongepowered/asm/mixin/injection/callback/CallbackInfoReturnable;)V does use it's CallbackInfoReturnable
[13:06:30] [Render thread/DEBUG] (FabricLoader/Mixin) Mixing client.BakedModelMixin from fabric-renderer-api-v1.mixins.json into net.minecraft.client.render.model.BakedModel
[13:06:30] [Render thread/DEBUG] (FabricLoader/Mixin) Mixing BlockModelRendererMixin from fabric-renderer-indigo.mixins.json into net.minecraft.client.render.block.BlockModelRenderer
[13:06:30] [Render thread/DEBUG] (FabricLoader/Mixin) fabric-renderer-indigo.mixins.json:BlockModelRendererMixin from mod fabric-renderer-indigo->@Inject::hookRender(Lnet/minecraft/world/BlockRenderView;Lnet/minecraft/client/render/model/BakedModel;Lnet/minecraft/block/BlockState;Lnet/minecraft/util/math/BlockPos;Lnet/minecraft/client/util/math/MatrixStack;Lnet/minecraft/client/render/VertexConsumer;ZLnet/minecraft/util/math/random/Random;JILorg/spongepowered/asm/mixin/injection/callback/CallbackInfo;)V does use it's CallbackInfo
[13:06:30] [Render thread/DEBUG] (FabricLoader/Mixin) fabric-renderer-indigo.mixins.json:BlockModelRendererMixin from mod fabric-renderer-indigo->@Inject::onInit(Lorg/spongepowered/asm/mixin/injection/callback/CallbackInfo;)V doesn't use it's CallbackInfo
[13:06:30] [Render thread/DEBUG] (FabricLoader/Mixin) fabric-renderer-indigo.mixins.json:BlockModelRendererMixin from mod fabric-renderer-indigo->@Inject::onInit(Lorg/spongepowered/asm/mixin/injection/callback/CallbackInfo;)V has 0 override(s) in child classes
[13:06:30] [Render thread/DEBUG] (FabricLoader/Mixin) fabric-renderer-indigo.mixins.json:BlockModelRendererMixin from mod fabric-renderer-indigo->@Inject::onInit(Lorg/spongepowered/asm/mixin/injection/callback/CallbackInfo;)V won't be passed a CallbackInfo as a result
[13:06:30] [Render thread/DEBUG] (FabricLoader/Mixin) Mixing FluidRendererMixin from fabric-rendering-fluids-v1.mixins.json into net.minecraft.client.render.block.FluidRenderer
[13:06:30] [Render thread/DEBUG] (FabricLoader/Mixin) fabric-rendering-fluids-v1.mixins.json:FluidRendererMixin from mod fabric-rendering-fluids-v1: Class version 65 required is higher than the class version supported by the current version of Mixin (JAVA_17 supports class version 61)
[13:06:30] [Render thread/DEBUG] (FabricLoader/Mixin) fabric-rendering-fluids-v1.mixins.json:FluidRendererMixin from mod fabric-rendering-fluids-v1->@Inject::onResourceReloadReturn(Lorg/spongepowered/asm/mixin/injection/callback/CallbackInfo;)V doesn't use it's CallbackInfo
[13:06:30] [Render thread/DEBUG] (FabricLoader/Mixin) fabric-rendering-fluids-v1.mixins.json:FluidRendererMixin from mod fabric-rendering-fluids-v1->@Inject::onResourceReloadReturn(Lorg/spongepowered/asm/mixin/injection/callback/CallbackInfo;)V has 0 override(s) in child classes
[13:06:30] [Render thread/DEBUG] (FabricLoader/Mixin) fabric-rendering-fluids-v1.mixins.json:FluidRendererMixin from mod fabric-rendering-fluids-v1->@Inject::onResourceReloadReturn(Lorg/spongepowered/asm/mixin/injection/callback/CallbackInfo;)V won't be passed a CallbackInfo as a result
[13:06:30] [Render thread/DEBUG] (FabricLoader/Mixin) fabric-rendering-fluids-v1.mixins.json:FluidRendererMixin from mod fabric-rendering-fluids-v1->@Inject::onHeadRender(Lnet/minecraft/world/BlockRenderView;Lnet/minecraft/util/math/BlockPos;Lnet/minecraft/client/render/VertexConsumer;Lnet/minecraft/block/BlockState;Lnet/minecraft/fluid/FluidState;Lorg/spongepowered/asm/mixin/injection/callback/CallbackInfo;)V does use it's CallbackInfo
[13:06:30] [Render thread/DEBUG] (FabricLoader/Mixin) Mixing HeldItemRendererMixin from fabric-item-api-v1.client.mixins.json into net.minecraft.client.render.item.HeldItemRenderer
[13:06:30] [Render thread/DEBUG] (FabricLoader/Mixin) fabric-item-api-v1.client.mixins.json:HeldItemRendererMixin from mod fabric-item-api-v1: Class version 65 required is higher than the class version supported by the current version of Mixin (JAVA_17 supports class version 61)
[13:06:30] [Render thread/DEBUG] (FabricLoader/Mixin) Mixing fixes.minecraft.item.MixinHeldItemRenderer from viafabricplus.mixins.json into net.minecraft.client.render.item.HeldItemRenderer
[13:06:30] [Render thread/DEBUG] (FabricLoader/Mixin) fabric-item-api-v1.client.mixins.json:HeldItemRendererMixin from mod fabric-item-api-v1->@Inject::modifyProgressAnimation(Lorg/spongepowered/asm/mixin/injection/callback/CallbackInfo;)V doesn't use it's CallbackInfo
[13:06:30] [Render thread/DEBUG] (FabricLoader/Mixin) fabric-item-api-v1.client.mixins.json:HeldItemRendererMixin from mod fabric-item-api-v1->@Inject::modifyProgressAnimation(Lorg/spongepowered/asm/mixin/injection/callback/CallbackInfo;)V has 0 override(s) in child classes
[13:06:30] [Render thread/DEBUG] (FabricLoader/Mixin) fabric-item-api-v1.client.mixins.json:HeldItemRendererMixin from mod fabric-item-api-v1->@Inject::modifyProgressAnimation(Lorg/spongepowered/asm/mixin/injection/callback/CallbackInfo;)V won't be passed a CallbackInfo as a result
[13:06:30] [Render thread/DEBUG] (FabricLoader/Mixin) viafabricplus.mixins.json:fixes.minecraft.item.MixinHeldItemRenderer from mod viafabricplus->@Inject::transformSwordBlockingPosition(Lnet/minecraft/client/network/AbstractClientPlayerEntity;FFLnet/minecraft/util/Hand;FLnet/minecraft/item/ItemStack;FLnet/minecraft/client/util/math/MatrixStack;Lnet/minecraft/client/render/VertexConsumerProvider;ILorg/spongepowered/asm/mixin/injection/callback/CallbackInfo;)V doesn't use it's CallbackInfo
[13:06:30] [Render thread/DEBUG] (FabricLoader/Mixin) viafabricplus.mixins.json:fixes.minecraft.item.MixinHeldItemRenderer from mod viafabricplus->@Inject::transformSwordBlockingPosition(Lnet/minecraft/client/network/AbstractClientPlayerEntity;FFLnet/minecraft/util/Hand;FLnet/minecraft/item/ItemStack;FLnet/minecraft/client/util/math/MatrixStack;Lnet/minecraft/client/render/VertexConsumerProvider;ILorg/spongepowered/asm/mixin/injection/callback/CallbackInfo;)V has 0 override(s) in child classes
[13:06:30] [Render thread/DEBUG] (FabricLoader/Mixin) viafabricplus.mixins.json:fixes.minecraft.item.MixinHeldItemRenderer from mod viafabricplus->@Inject::transformSwordBlockingPosition(Lnet/minecraft/client/network/AbstractClientPlayerEntity;FFLnet/minecraft/util/Hand;FLnet/minecraft/item/ItemStack;FLnet/minecraft/client/util/math/MatrixStack;Lnet/minecraft/client/render/VertexConsumerProvider;ILorg/spongepowered/asm/mixin/injection/callback/CallbackInfo;)V won't be passed a CallbackInfo as a result
[13:06:30] [Render thread/DEBUG] (FabricLoader/Mixin) viafabricplus.mixins.json:fixes.minecraft.item.MixinHeldItemRenderer from mod viafabricplus->@Inject::applyFoodSwingOffset(Lnet/minecraft/client/network/AbstractClientPlayerEntity;FFLnet/minecraft/util/Hand;FLnet/minecraft/item/ItemStack;FLnet/minecraft/client/util/math/MatrixStack;Lnet/minecraft/client/render/VertexConsumerProvider;ILorg/spongepowered/asm/mixin/injection/callback/CallbackInfo;)V doesn't use it's CallbackInfo
[13:06:30] [Render thread/DEBUG] (FabricLoader/Mixin) viafabricplus.mixins.json:fixes.minecraft.item.MixinHeldItemRenderer from mod viafabricplus->@Inject::applyFoodSwingOffset(Lnet/minecraft/client/network/AbstractClientPlayerEntity;FFLnet/minecraft/util/Hand;FLnet/minecraft/item/ItemStack;FLnet/minecraft/client/util/math/MatrixStack;Lnet/minecraft/client/render/VertexConsumerProvider;ILorg/spongepowered/asm/mixin/injection/callback/CallbackInfo;)V has 0 override(s) in child classes
[13:06:30] [Render thread/DEBUG] (FabricLoader/Mixin) viafabricplus.mixins.json:fixes.minecraft.item.MixinHeldItemRenderer from mod viafabricplus->@Inject::applyFoodSwingOffset(Lnet/minecraft/client/network/AbstractClientPlayerEntity;FFLnet/minecraft/util/Hand;FLnet/minecraft/item/ItemStack;FLnet/minecraft/client/util/math/MatrixStack;Lnet/minecraft/client/render/VertexConsumerProvider;ILorg/spongepowered/asm/mixin/injection/callback/CallbackInfo;)V won't be passed a CallbackInfo as a result
[13:06:30] [Render thread/DEBUG] (FabricLoader/Mixin) viafabricplus.mixins.json:fixes.minecraft.item.MixinHeldItemRenderer from mod viafabricplus->@Inject::applyBowSwingOffset(Lnet/minecraft/client/network/AbstractClientPlayerEntity;FFLnet/minecraft/util/Hand;FLnet/minecraft/item/ItemStack;FLnet/minecraft/client/util/math/MatrixStack;Lnet/minecraft/client/render/VertexConsumerProvider;ILorg/spongepowered/asm/mixin/injection/callback/CallbackInfo;)V doesn't use it's CallbackInfo
[13:06:30] [Render thread/DEBUG] (FabricLoader/Mixin) viafabricplus.mixins.json:fixes.minecraft.item.MixinHeldItemRenderer from mod viafabricplus->@Inject::applyBowSwingOffset(Lnet/minecraft/client/network/AbstractClientPlayerEntity;FFLnet/minecraft/util/Hand;FLnet/minecraft/item/ItemStack;FLnet/minecraft/client/util/math/MatrixStack;Lnet/minecraft/client/render/VertexConsumerProvider;ILorg/spongepowered/asm/mixin/injection/callback/CallbackInfo;)V has 0 override(s) in child classes
[13:06:30] [Render thread/DEBUG] (FabricLoader/Mixin) viafabricplus.mixins.json:fixes.minecraft.item.MixinHeldItemRenderer from mod viafabricplus->@Inject::applyBowSwingOffset(Lnet/minecraft/client/network/AbstractClientPlayerEntity;FFLnet/minecraft/util/Hand;FLnet/minecraft/item/ItemStack;FLnet/minecraft/client/util/math/MatrixStack;Lnet/minecraft/client/render/VertexConsumerProvider;ILorg/spongepowered/asm/mixin/injection/callback/CallbackInfo;)V won't be passed a CallbackInfo as a result
[13:06:30] [Render thread/DEBUG] (FabricLoader/Mixin) viafabricplus.mixins.json:fixes.minecraft.item.MixinHeldItemRenderer from mod viafabricplus->@Inject::transformItemPosition1_7(Lnet/minecraft/client/network/AbstractClientPlayerEntity;FFLnet/minecraft/util/Hand;FLnet/minecraft/item/ItemStack;FLnet/minecraft/client/util/math/MatrixStack;Lnet/minecraft/client/render/VertexConsumerProvider;ILorg/spongepowered/asm/mixin/injection/callback/CallbackInfo;)V doesn't use it's CallbackInfo
[13:06:30] [Render thread/DEBUG] (FabricLoader/Mixin) viafabricplus.mixins.json:fixes.minecraft.item.MixinHeldItemRenderer from mod viafabricplus->@Inject::transformItemPosition1_7(Lnet/minecraft/client/network/AbstractClientPlayerEntity;FFLnet/minecraft/util/Hand;FLnet/minecraft/item/ItemStack;FLnet/minecraft/client/util/math/MatrixStack;Lnet/minecraft/client/render/VertexConsumerProvider;ILorg/spongepowered/asm/mixin/injection/callback/CallbackInfo;)V has 0 override(s) in child classes
[13:06:30] [Render thread/DEBUG] (FabricLoader/Mixin) viafabricplus.mixins.json:fixes.minecraft.item.MixinHeldItemRenderer from mod viafabricplus->@Inject::transformItemPosition1_7(Lnet/minecraft/client/network/AbstractClientPlayerEntity;FFLnet/minecraft/util/Hand;FLnet/minecraft/item/ItemStack;FLnet/minecraft/client/util/math/MatrixStack;Lnet/minecraft/client/render/VertexConsumerProvider;ILorg/spongepowered/asm/mixin/injection/callback/CallbackInfo;)V won't be passed a CallbackInfo as a result
[13:06:30] [Render thread/DEBUG] (FabricLoader/Mixin) Mixing ParticleManagerMixin from fabric-particles-v1.client.mixins.json into net.minecraft.client.particle.ParticleManager
[13:06:30] [Render thread/DEBUG] (FabricLoader/Mixin) fabric-particles-v1.client.mixins.json:ParticleManagerMixin from mod fabric-particles-v1: Class version 65 required is higher than the class version supported by the current version of Mixin (JAVA_17 supports class version 61)
[13:06:30] [Render thread/DEBUG] (FabricLoader/Mixin) Mixing ParticleManagerAccessor from fabric-particles-v1.client.mixins.json into net.minecraft.client.particle.ParticleManager
[13:06:30] [Render thread/DEBUG] (FabricLoader/Mixin) fabric-particles-v1.client.mixins.json:ParticleManagerAccessor from mod fabric-particles-v1: Class version 65 required is higher than the class version supported by the current version of Mixin (JAVA_17 supports class version 61)
[13:06:30] [Render thread/DEBUG] (FabricLoader/Mixin) Mixing ParticleManagerMixin from fabric-registry-sync-v0.client.mixins.json into net.minecraft.client.particle.ParticleManager
[13:06:30] [Render thread/DEBUG] (FabricLoader/Mixin) fabric-registry-sync-v0.client.mixins.json:ParticleManagerMixin from mod fabric-registry-sync-v0: Class version 65 required is higher than the class version supported by the current version of Mixin (JAVA_17 supports class version 61)
[13:06:30] [Render thread/DEBUG] (FabricLoader/Mixin) fabric-particles-v1.client.mixins.json:ParticleManagerMixin from mod fabric-particles-v1->@Inject::onRegisterDefaultFactories(Lorg/spongepowered/asm/mixin/injection/callback/CallbackInfo;)V doesn't use it's CallbackInfo
[13:06:30] [Render thread/DEBUG] (FabricLoader/Mixin) fabric-particles-v1.client.mixins.json:ParticleManagerMixin from mod fabric-particles-v1->@Inject::onRegisterDefaultFactories(Lorg/spongepowered/asm/mixin/injection/callback/CallbackInfo;)V has 0 override(s) in child classes
[13:06:30] [Render thread/DEBUG] (FabricLoader/Mixin) fabric-particles-v1.client.mixins.json:ParticleManagerMixin from mod fabric-particles-v1->@Inject::onRegisterDefaultFactories(Lorg/spongepowered/asm/mixin/injection/callback/CallbackInfo;)V won't be passed a CallbackInfo as a result
[13:06:30] [Render thread/DEBUG] (FabricLoader/Mixin) fabric-registry-sync-v0.client.mixins.json:ParticleManagerMixin from mod fabric-registry-sync-v0->@Inject::onInit(Lnet/minecraft/client/world/ClientWorld;Lnet/minecraft/client/texture/TextureManager;Lorg/spongepowered/asm/mixin/injection/callback/CallbackInfo;)V doesn't use it's CallbackInfo
[13:06:30] [Render thread/DEBUG] (FabricLoader/Mixin) fabric-registry-sync-v0.client.mixins.json:ParticleManagerMixin from mod fabric-registry-sync-v0->@Inject::onInit(Lnet/minecraft/client/world/ClientWorld;Lnet/minecraft/client/texture/TextureManager;Lorg/spongepowered/asm/mixin/injection/callback/CallbackInfo;)V has 0 override(s) in child classes
[13:06:30] [Render thread/DEBUG] (FabricLoader/Mixin) fabric-registry-sync-v0.client.mixins.json:ParticleManagerMixin from mod fabric-registry-sync-v0->@Inject::onInit(Lnet/minecraft/client/world/ClientWorld;Lnet/minecraft/client/texture/TextureManager;Lorg/spongepowered/asm/mixin/injection/callback/CallbackInfo;)V won't be passed a CallbackInfo as a result
[13:06:30] [Render thread/DEBUG] (FabricLoader/Mixin) Mixing BlockDustParticleMixin from fabric-particles-v1.client.mixins.json into net.minecraft.client.particle.BlockDustParticle
[13:06:30] [Render thread/DEBUG] (FabricLoader/Mixin) fabric-particles-v1.client.mixins.json:BlockDustParticleMixin from mod fabric-particles-v1: Class version 65 required is higher than the class version supported by the current version of Mixin (JAVA_17 supports class version 61)
[13:06:30] [Render thread/DEBUG] (FabricLoader/Mixin) Mixing ParticleManagerAccessor$SimpleSpriteProviderAccessor from fabric-particles-v1.client.mixins.json into net.minecraft.client.particle.ParticleManager$SimpleSpriteProvider
[13:06:30] [Render thread/DEBUG] (FabricLoader/Mixin) fabric-particles-v1.client.mixins.json:ParticleManagerAccessor$SimpleSpriteProviderAccessor from mod fabric-particles-v1: Class version 65 required is higher than the class version supported by the current version of Mixin (JAVA_17 supports class version 61)
[13:06:30] [Render thread/DEBUG] (FabricLoader/Mixin) Mixing fixes.minecraft.MixinCamera from viafabricplus.mixins.json into net.minecraft.client.render.Camera
[13:06:30] [Render thread/DEBUG] (FabricLoader/Mixin) viafabricplus.mixins.json:fixes.minecraft.MixinCamera from mod viafabricplus->@Inject::sneakInstantly(Lorg/spongepowered/asm/mixin/injection/callback/CallbackInfo;)V does use it's CallbackInfo
[13:06:30] [Render thread/DEBUG] (com.mojang.blaze3d.systems.RenderSystem) Growing IndexBuffer: Old limit 0, new limit 9360.
[13:06:30] [Render thread/DEBUG] (com.mojang.blaze3d.systems.RenderSystem) Growing IndexBuffer: Old limit 0, new limit 20.
[13:06:30] [Render thread/DEBUG] (FabricLoader/Mixin) Mixing InGameHudMixin from fabric-rendering-v1.mixins.json into net.minecraft.client.gui.hud.InGameHud
[13:06:30] [Render thread/DEBUG] (FabricLoader/Mixin) fabric-rendering-v1.mixins.json:InGameHudMixin from mod fabric-rendering-v1: Class version 65 required is higher than the class version supported by the current version of Mixin (JAVA_17 supports class version 61)
[13:06:30] [Render thread/DEBUG] (FabricLoader/Mixin) Mixing fixes.minecraft.screen.hud.MixinInGameHud from viafabricplus.mixins.json into net.minecraft.client.gui.hud.InGameHud
[13:06:30] [Render thread/DEBUG] (FabricLoader/Mixin) fabric-rendering-v1.mixins.json:InGameHudMixin from mod fabric-rendering-v1->@Inject::render(Lnet/minecraft/client/gui/DrawContext;Lnet/minecraft/client/render/RenderTickCounter;Lorg/spongepowered/asm/mixin/injection/callback/CallbackInfo;)V doesn't use it's CallbackInfo
[13:06:30] [Render thread/DEBUG] (FabricLoader/Mixin) fabric-rendering-v1.mixins.json:InGameHudMixin from mod fabric-rendering-v1->@Inject::render(Lnet/minecraft/client/gui/DrawContext;Lnet/minecraft/client/render/RenderTickCounter;Lorg/spongepowered/asm/mixin/injection/callback/CallbackInfo;)V has 0 override(s) in child classes
[13:06:30] [Render thread/DEBUG] (FabricLoader/Mixin) fabric-rendering-v1.mixins.json:InGameHudMixin from mod fabric-rendering-v1->@Inject::render(Lnet/minecraft/client/gui/DrawContext;Lnet/minecraft/client/render/RenderTickCounter;Lorg/spongepowered/asm/mixin/injection/callback/CallbackInfo;)V won't be passed a CallbackInfo as a result
[13:06:30] [Render thread/DEBUG] (FabricLoader/Mixin) viafabricplus.mixins.json:fixes.minecraft.screen.hud.MixinInGameHud from mod viafabricplus->@Inject::removeMountJumpBar(Lorg/spongepowered/asm/mixin/injection/callback/CallbackInfo;)V does use it's CallbackInfo
[13:06:30] [Render thread/DEBUG] (FabricLoader/Mixin) viafabricplus.mixins.json:fixes.minecraft.screen.hud.MixinInGameHud from mod viafabricplus->@Inject::removeMountJumpBar(Lorg/spongepowered/asm/mixin/injection/callback/CallbackInfo;)V does use it's CallbackInfo
[13:06:30] [Render thread/DEBUG] (FabricLoader/Mixin) viafabricplus.mixins.json:fixes.minecraft.screen.hud.MixinInGameHud from mod viafabricplus->@Inject::removeHungerBar(Lnet/minecraft/entity/LivingEntity;Lorg/spongepowered/asm/mixin/injection/callback/CallbackInfoReturnable;)V does use it's CallbackInfoReturnable
[13:06:30] [Render thread/DEBUG] (FabricLoader/Mixin) ArgsClassGenerator assigning org.spongepowered.asm.synthetic.args.Args$1 for descriptor (Lnet/minecraft/util/Identifier;IIII)V
[13:06:30] [Render thread/DEBUG] (FabricLoader/Mixin) Mixing base.integration.MixinDebugHud from viafabricplus.mixins.json into net.minecraft.client.gui.hud.DebugHud
[13:06:30] [Render thread/DEBUG] (FabricLoader/Mixin) Mixing DebugHudMixin from fabric-renderer-api-v1.debughud.mixins.json into net.minecraft.client.gui.hud.DebugHud
[13:06:30] [Render thread/DEBUG] (FabricLoader/Mixin) fabric-renderer-api-v1.debughud.mixins.json:DebugHudMixin from mod fabric-renderer-api-v1: Class version 65 required is higher than the class version supported by the current version of Mixin (JAVA_17 supports class version 61)
[13:06:30] [Render thread/DEBUG] (FabricLoader/Mixin) viafabricplus.mixins.json:base.integration.MixinDebugHud from mod viafabricplus->@Inject::addViaFabricPlusInformation(Lorg/spongepowered/asm/mixin/injection/callback/CallbackInfoReturnable;)V does use it's CallbackInfoReturnable
[13:06:30] [Render thread/DEBUG] (FabricLoader/Mixin) viafabricplus.mixins.json:base.integration.MixinDebugHud from mod viafabricplus->@Inject::addViaFabricPlusInformation(Lorg/spongepowered/asm/mixin/injection/callback/CallbackInfoReturnable;)V does use it's CallbackInfoReturnable
[13:06:30] [Render thread/DEBUG] (FabricLoader/Mixin) fabric-renderer-api-v1.debughud.mixins.json:DebugHudMixin from mod fabric-renderer-api-v1->@Inject::getLeftText(Lorg/spongepowered/asm/mixin/injection/callback/CallbackInfoReturnable;)V does use it's CallbackInfoReturnable
[13:06:30] [Render thread/DEBUG] (FabricLoader/Mixin) fabric-renderer-api-v1.debughud.mixins.json:DebugHudMixin from mod fabric-renderer-api-v1->@Inject::getLeftText(Lorg/spongepowered/asm/mixin/injection/callback/CallbackInfoReturnable;)V does use it's CallbackInfoReturnable
[13:06:30] [Render thread/DEBUG] (FabricLoader/Mixin) Mixing base.perserverversion.MixinMultiValueDebugSampleLogImpl from viafabricplus.mixins.json into net.minecraft.util.profiler.MultiValueDebugSampleLogImpl
[13:06:30] [Render thread/DEBUG] (FabricLoader/Mixin) Mixing fixes.minecraft.screen.hud.MixinPlayerListHud from viafabricplus.mixins.json into net.minecraft.client.gui.hud.PlayerListHud
[13:06:30] [Render thread/DEBUG] (FabricLoader/Mixin) Renaming synthetic method lambda$viaFabricPlus$transpose$1(Lnet/minecraft/client/network/PlayerListEntry;)Z to mdfed865$viafabricplus$lambda$viaFabricPlus$transpose$1$0 in viafabricplus.mixins.json:fixes.minecraft.screen.hud.MixinPlayerListHud from mod viafabricplus
[13:06:30] [Render thread/DEBUG] (FabricLoader/Mixin) Renaming synthetic method lambda$static$0(Lnet/minecraft/client/network/PlayerListEntry;)I to mdfed865$viafabricplus$lambda$static$0$1 in viafabricplus.mixins.json:fixes.minecraft.screen.hud.MixinPlayerListHud from mod viafabricplus
[13:06:30] [Render thread/DEBUG] (FabricLoader/Mixin) viafabricplus.mixins.json:fixes.minecraft.screen.hud.MixinPlayerListHud from mod viafabricplus->@Inject::collectPlayerEntries(Lorg/spongepowered/asm/mixin/injection/callback/CallbackInfoReturnable;)V does use it's CallbackInfoReturnable
[13:06:30] [Render thread/DEBUG] (FabricLoader/Mixin) Mixing fixes.minecraft.MixinPlayerListEntry from viafabricplus.mixins.json into net.minecraft.client.network.PlayerListEntry
[13:06:30] [Render thread/DEBUG] (FabricLoader/Mixin) Renaming synthetic method lambda$fetchGameProfileProperties$0(Lcom/mojang/authlib/GameProfile;)Lcom/mojang/authlib/GameProfile; to mdfed865$viafabricplus$lambda$fetchGameProfileProperties$0$0 in viafabricplus.mixins.json:fixes.minecraft.MixinPlayerListEntry from mod viafabricplus
[13:06:30] [Render thread/DEBUG] (FabricLoader/Mixin) Mixing fixes.minecraft.network.MixinPlayerListEntry from viafabricplus.mixins.json into net.minecraft.client.network.PlayerListEntry
[13:06:30] [Render thread/DEBUG] (FabricLoader/Mixin) Mixing fixes.minecraft.item.MixinDrawContext from viafabricplus.mixins.json into net.minecraft.client.gui.DrawContext
[13:06:30] [Render thread/DEBUG] (FabricLoader/Mixin) Mixing shader.ShaderProgramImportProcessorMixin from fabric-rendering-v1.mixins.json into net.minecraft.client.gl.ShaderProgram$1
[13:06:30] [Render thread/DEBUG] (FabricLoader/Mixin) fabric-rendering-v1.mixins.json:shader.ShaderProgramImportProcessorMixin from mod fabric-rendering-v1: Class version 65 required is higher than the class version supported by the current version of Mixin (JAVA_17 supports class version 61)
[13:06:30] [Render thread/DEBUG] (FabricLoader/Mixin) fabric-rendering-v1.mixins.json:shader.ShaderProgramImportProcessorMixin from mod fabric-rendering-v1->@Inject::captureImport(ZLjava/lang/String;Lorg/spongepowered/asm/mixin/injection/callback/CallbackInfoReturnable;)V doesn't use it's CallbackInfoReturnable
[13:06:30] [Render thread/DEBUG] (FabricLoader/Mixin) fabric-rendering-v1.mixins.json:shader.ShaderProgramImportProcessorMixin from mod fabric-rendering-v1->@Inject::captureImport(ZLjava/lang/String;Lorg/spongepowered/asm/mixin/injection/callback/CallbackInfoReturnable;)V has 0 override(s) in child classes
[13:06:30] [Render thread/DEBUG] (FabricLoader/Mixin) fabric-rendering-v1.mixins.json:shader.ShaderProgramImportProcessorMixin from mod fabric-rendering-v1->@Inject::captureImport(ZLjava/lang/String;Lorg/spongepowered/asm/mixin/injection/callback/CallbackInfoReturnable;)V won't be passed a CallbackInfoReturnable as a result
[13:06:30] [Render thread/DEBUG] (FabricLoader/Mixin) fabric-rendering-v1.mixins.json:shader.ShaderProgramImportProcessorMixin from mod fabric-rendering-v1->@Inject::uncaptureImport(ZLjava/lang/String;Lorg/spongepowered/asm/mixin/injection/callback/CallbackInfoReturnable;)V doesn't use it's CallbackInfoReturnable
[13:06:30] [Render thread/DEBUG] (FabricLoader/Mixin) fabric-rendering-v1.mixins.json:shader.ShaderProgramImportProcessorMixin from mod fabric-rendering-v1->@Inject::uncaptureImport(ZLjava/lang/String;Lorg/spongepowered/asm/mixin/injection/callback/CallbackInfoReturnable;)V has 0 override(s) in child classes
[13:06:30] [Render thread/DEBUG] (FabricLoader/Mixin) fabric-rendering-v1.mixins.json:shader.ShaderProgramImportProcessorMixin from mod fabric-rendering-v1->@Inject::uncaptureImport(ZLjava/lang/String;Lorg/spongepowered/asm/mixin/injection/callback/CallbackInfoReturnable;)V won't be passed a CallbackInfoReturnable as a result
[13:06:30] [Render thread/DEBUG] (FabricLoader/Mixin) fabric-rendering-v1.mixins.json:shader.ShaderProgramImportProcessorMixin from mod fabric-rendering-v1->@Inject::uncaptureImport(ZLjava/lang/String;Lorg/spongepowered/asm/mixin/injection/callback/CallbackInfoReturnable;)V doesn't use it's CallbackInfoReturnable
[13:06:30] [Render thread/DEBUG] (FabricLoader/Mixin) fabric-rendering-v1.mixins.json:shader.ShaderProgramImportProcessorMixin from mod fabric-rendering-v1->@Inject::uncaptureImport(ZLjava/lang/String;Lorg/spongepowered/asm/mixin/injection/callback/CallbackInfoReturnable;)V has 0 override(s) in child classes
[13:06:30] [Render thread/DEBUG] (FabricLoader/Mixin) fabric-rendering-v1.mixins.json:shader.ShaderProgramImportProcessorMixin from mod fabric-rendering-v1->@Inject::uncaptureImport(ZLjava/lang/String;Lorg/spongepowered/asm/mixin/injection/callback/CallbackInfoReturnable;)V won't be passed a CallbackInfoReturnable as a result
[13:06:30] [Render thread/DEBUG] (FabricLoader/Mixin) fabric-rendering-v1.mixins.json:shader.ShaderProgramImportProcessorMixin from mod fabric-rendering-v1->@Inject::uncaptureImport(ZLjava/lang/String;Lorg/spongepowered/asm/mixin/injection/callback/CallbackInfoReturnable;)V doesn't use it's CallbackInfoReturnable
[13:06:30] [Render thread/DEBUG] (FabricLoader/Mixin) fabric-rendering-v1.mixins.json:shader.ShaderProgramImportProcessorMixin from mod fabric-rendering-v1->@Inject::uncaptureImport(ZLjava/lang/String;Lorg/spongepowered/asm/mixin/injection/callback/CallbackInfoReturnable;)V has 0 override(s) in child classes
[13:06:30] [Render thread/DEBUG] (FabricLoader/Mixin) fabric-rendering-v1.mixins.json:shader.ShaderProgramImportProcessorMixin from mod fabric-rendering-v1->@Inject::uncaptureImport(ZLjava/lang/String;Lorg/spongepowered/asm/mixin/injection/callback/CallbackInfoReturnable;)V won't be passed a CallbackInfoReturnable as a result
[13:06:30] [Render thread/DEBUG] (FabricLoader/Mixin) Mixing ResourceMixin from fabric-resource-loader-v0.mixins.json into net.minecraft.resource.Resource
[13:06:30] [Render thread/DEBUG] (FabricLoader/Mixin) fabric-resource-loader-v0.mixins.json:ResourceMixin from mod fabric-resource-loader-v0: Class version 65 required is higher than the class version supported by the current version of Mixin (JAVA_17 supports class version 61)
[13:06:30] [Render thread/DEBUG] (FabricLoader/Mixin) Mixing fixes.minecraft.MixinStringHelper from viafabricplus.mixins.json into net.minecraft.util.StringHelper
[13:06:30] [Render thread/DEBUG] (FabricLoader/Mixin) Mixing MessageHandlerMixin from fabric-message-api-v1.client.mixins.json into net.minecraft.client.network.message.MessageHandler
[13:06:30] [Render thread/DEBUG] (FabricLoader/Mixin) fabric-message-api-v1.client.mixins.json:MessageHandlerMixin from mod fabric-message-api-v1: Class version 65 required is higher than the class version supported by the current version of Mixin (JAVA_17 supports class version 61)
[13:06:30] [Render thread/DEBUG] (FabricLoader/Mixin) fabric-message-api-v1.client.mixins.json:MessageHandlerMixin from mod fabric-message-api-v1->@Inject::fabric_onSignedChatMessage(Lnet/minecraft/network/message/MessageType$Parameters;Lnet/minecraft/network/message/SignedMessage;Lnet/minecraft/text/Text;Lcom/mojang/authlib/GameProfile;ZLjava/time/Instant;Lorg/spongepowered/asm/mixin/injection/callback/CallbackInfoReturnable;)V does use it's CallbackInfoReturnable
[13:06:30] [Render thread/DEBUG] (FabricLoader/Mixin) fabric-message-api-v1.client.mixins.json:MessageHandlerMixin from mod fabric-message-api-v1->@Inject::fabric_onFilteredSignedChatMessage(Lnet/minecraft/network/message/MessageType$Parameters;Lnet/minecraft/network/message/SignedMessage;Lnet/minecraft/text/Text;Lcom/mojang/authlib/GameProfile;ZLjava/time/Instant;Lorg/spongepowered/asm/mixin/injection/callback/CallbackInfoReturnable;)V does use it's CallbackInfoReturnable
[13:06:30] [Render thread/DEBUG] (FabricLoader/Mixin) fabric-message-api-v1.client.mixins.json:MessageHandlerMixin from mod fabric-message-api-v1->@Inject::fabric_onProfilelessChatMessage(Lnet/minecraft/network/message/MessageType$Parameters;Lnet/minecraft/text/Text;Ljava/time/Instant;Lorg/spongepowered/asm/mixin/injection/callback/CallbackInfoReturnable;)V does use it's CallbackInfoReturnable
[13:06:30] [Render thread/DEBUG] (FabricLoader/Mixin) fabric-message-api-v1.client.mixins.json:MessageHandlerMixin from mod fabric-message-api-v1->@Inject::fabric_allowGameMessage(Lnet/minecraft/text/Text;ZLorg/spongepowered/asm/mixin/injection/callback/CallbackInfo;)V does use it's CallbackInfo
[13:06:30] [Render thread/INFO] (net.minecraft.resource.ReloadableResourceManagerImpl) Reloading ResourceManager: vanilla, fabric, com_viaversion_viabackwards-common, com_viaversion_viaversion-common, fabric-api, fabric-api-base, fabric-api-lookup-api-v1, fabric-biome-api-v1, fabric-block-api-v1, fabric-block-view-api-v2, fabric-blockrenderlayer-v1, fabric-client-tags-api-v1, fabric-command-api-v1, fabric-command-api-v2, fabric-commands-v0, fabric-content-registries-v0, fabric-convention-tags-v1, fabric-convention-tags-v2, fabric-crash-report-info-v1, fabric-data-attachment-api-v1, fabric-data-generation-api-v1, fabric-dimensions-v1, fabric-entity-events-v1, fabric-events-interaction-v0, fabric-game-rule-api-v1, fabric-gametest-api-v1, fabric-item-api-v1, fabric-item-group-api-v1, fabric-key-binding-api-v1, fabric-keybindings-v0, fabric-lifecycle-events-v1, fabric-loot-api-v2, fabric-loot-api-v3, fabric-message-api-v1, fabric-model-loading-api-v1, fabric-networking-api-v1, fabric-object-builder-api-v1, fabric-particles-v1, fabric-recipe-api-v1, fabric-registry-sync-v0, fabric-renderer-api-v1, fabric-renderer-indigo, fabric-renderer-registries-v1, fabric-rendering-data-attachment-v1, fabric-rendering-fluids-v1, fabric-rendering-v0, fabric-rendering-v1, fabric-resource-conditions-api-v1, fabric-resource-loader-v0, fabric-screen-api-v1, fabric-screen-handler-api-v1, fabric-sound-api-v1, fabric-transfer-api-v1, fabric-transitive-access-wideners-v1, fabricloader, longcommandsender, net_raphimc_viaaprilfools-common, net_raphimc_viabedrock, net_raphimc_vialegacy, viafabricplus
[13:06:30] [Render thread/DEBUG] (FabricLoader/Mixin) Mixing SimpleResourceReloadMixin from fabric-resource-loader-v0.mixins.json into net.minecraft.resource.SimpleResourceReload
[13:06:30] [Render thread/DEBUG] (FabricLoader/Mixin) fabric-resource-loader-v0.mixins.json:SimpleResourceReloadMixin from mod fabric-resource-loader-v0: Class version 65 required is higher than the class version supported by the current version of Mixin (JAVA_17 supports class version 61)
[13:06:30] [Render thread/DEBUG] (FabricLoader/Mixin) fabric-resource-loader-v0.mixins.json:SimpleResourceReloadMixin from mod fabric-resource-loader-v0->@Inject::method_40087(Lnet/minecraft/resource/ResourceManager;Ljava/util/List;Ljava/util/concurrent/Executor;Ljava/util/concurrent/Executor;Ljava/util/concurrent/CompletableFuture;ZLorg/spongepowered/asm/mixin/injection/callback/CallbackInfoReturnable;)V doesn't use it's CallbackInfoReturnable
[13:06:30] [Render thread/DEBUG] (FabricLoader/Mixin) Mixing base.integration.MixinMultiplayerScreen from viafabricplus.mixins.json into net.minecraft.client.gui.screen.multiplayer.MultiplayerScreen
[13:06:30] [Render thread/DEBUG] (FabricLoader/Mixin) Renaming synthetic method lambda$addProtocolSelectionButton$0(Lnet/minecraft/client/gui/widget/ButtonWidget;)V to mdfed865$viafabricplus$lambda$addProtocolSelectionButton$0$0 in viafabricplus.mixins.json:base.integration.MixinMultiplayerScreen from mod viafabricplus
[13:06:30] [Render thread/DEBUG] (FabricLoader/Mixin) Mixing base.perserverversion.MixinMultiplayerScreen from viafabricplus.mixins.json into net.minecraft.client.gui.screen.multiplayer.MultiplayerScreen
[13:06:30] [Render thread/DEBUG] (FabricLoader/Mixin) viafabricplus.mixins.json:base.integration.MixinMultiplayerScreen from mod viafabricplus->@Inject::addProtocolSelectionButton(Lorg/spongepowered/asm/mixin/injection/callback/CallbackInfo;)V doesn't use it's CallbackInfo
[13:06:30] [Render thread/DEBUG] (FabricLoader/Mixin) viafabricplus.mixins.json:base.integration.MixinMultiplayerScreen from mod viafabricplus->@Inject::addProtocolSelectionButton(Lorg/spongepowered/asm/mixin/injection/callback/CallbackInfo;)V has 0 override(s) in child classes
[13:06:30] [Render thread/DEBUG] (FabricLoader/Mixin) viafabricplus.mixins.json:base.integration.MixinMultiplayerScreen from mod viafabricplus->@Inject::addProtocolSelectionButton(Lorg/spongepowered/asm/mixin/injection/callback/CallbackInfo;)V won't be passed a CallbackInfo as a result
[13:06:30] [Worker-Main-18/DEBUG] (FabricLoader/Mixin) Mixing BlockStatesLoaderMixin from fabric-model-loading-api-v1.mixins.json into net.minecraft.client.render.model.BlockStatesLoader
[13:06:30] [Worker-Main-18/DEBUG] (FabricLoader/Mixin) fabric-model-loading-api-v1.mixins.json:BlockStatesLoaderMixin from mod fabric-model-loading-api-v1: Class version 65 required is higher than the class version supported by the current version of Mixin (JAVA_17 supports class version 61)
[13:06:30] [Worker-Main-18/DEBUG] (FabricLoader/Mixin) fabric-model-loading-api-v1.mixins.json:BlockStatesLoaderMixin from mod fabric-model-loading-api-v1->@Inject::onHeadLoadBlockStates(Lnet/minecraft/util/Identifier;Lnet/minecraft/state/StateManager;Lorg/spongepowered/asm/mixin/injection/callback/CallbackInfo;)V does use it's CallbackInfo
[13:06:30] [Worker-Main-5/DEBUG] (FabricLoader/Mixin) Mixing AtlasSourceManagerAccessor from fabric-rendering-v1.mixins.json into net.minecraft.client.texture.atlas.AtlasSourceManager
[13:06:30] [Worker-Main-5/DEBUG] (FabricLoader/Mixin) fabric-rendering-v1.mixins.json:AtlasSourceManagerAccessor from mod fabric-rendering-v1: Class version 65 required is higher than the class version supported by the current version of Mixin (JAVA_17 supports class version 61)
[13:06:30] [Worker-Main-5/DEBUG] (FabricLoader/Mixin) Renaming @Accessor method getSourceTypeById()Lcom/google/common/collect/BiMap; to getSourceTypeById$fabric-rendering-v1_$md$fed865$0 in fabric-rendering-v1.mixins.json:AtlasSourceManagerAccessor from mod fabric-rendering-v1
[13:06:30] [Worker-Main-10/INFO] (net.minecraft.client.font.UnihexFont) Found unifont_all_no_pua-15.1.05.hex, loading
[13:06:30] [Worker-Main-12/INFO] (net.minecraft.client.font.UnihexFont) Found unifont_jp_patch-15.1.05.hex, loading
[13:06:31] [Worker-Main-28/DEBUG] (FabricLoader/Mixin) Mixing ModelLoaderBakerImplMixin from fabric-model-loading-api-v1.mixins.json into net.minecraft.client.render.model.ModelLoader$BakerImpl
[13:06:31] [Worker-Main-28/DEBUG] (FabricLoader/Mixin) fabric-model-loading-api-v1.mixins.json:ModelLoaderBakerImplMixin from mod fabric-model-loading-api-v1: Class version 65 required is higher than the class version supported by the current version of Mixin (JAVA_17 supports class version 61)
[13:06:31] [Worker-Main-28/DEBUG] (FabricLoader/Mixin) Mixing client.MultipartBakedModelMixin from fabric-renderer-api-v1.mixins.json into net.minecraft.client.render.model.MultipartBakedModel
[13:06:31] [Worker-Main-28/DEBUG] (FabricLoader/Mixin) Renaming synthetic method lambda$emitBlockQuads$0(Lnet/minecraft/util/math/random/Random;J)Lnet/minecraft/util/math/random/Random; to mdfed865$fabric-renderer-api-v1$lambda$emitBlockQuads$0$0 in fabric-renderer-api-v1.mixins.json:client.MultipartBakedModelMixin from mod fabric-renderer-api-v1
[13:06:31] [Worker-Main-28/DEBUG] (FabricLoader/Mixin) fabric-renderer-api-v1.mixins.json:client.MultipartBakedModelMixin from mod fabric-renderer-api-v1->@Inject::onInit(Ljava/util/List;Lorg/spongepowered/asm/mixin/injection/callback/CallbackInfo;)V doesn't use it's CallbackInfo
[13:06:31] [Worker-Main-28/DEBUG] (FabricLoader/Mixin) fabric-renderer-api-v1.mixins.json:client.MultipartBakedModelMixin from mod fabric-renderer-api-v1->@Inject::onInit(Ljava/util/List;Lorg/spongepowered/asm/mixin/injection/callback/CallbackInfo;)V has 0 override(s) in child classes
[13:06:31] [Worker-Main-28/DEBUG] (FabricLoader/Mixin) fabric-renderer-api-v1.mixins.json:client.MultipartBakedModelMixin from mod fabric-renderer-api-v1->@Inject::onInit(Ljava/util/List;Lorg/spongepowered/asm/mixin/injection/callback/CallbackInfo;)V won't be passed a CallbackInfo as a result
[13:06:31] [Worker-Main-28/DEBUG] (FabricLoader/Mixin) Mixing client.WeightedBakedModelMixin from fabric-renderer-api-v1.mixins.json into net.minecraft.client.render.model.WeightedBakedModel
[13:06:31] [Worker-Main-28/DEBUG] (FabricLoader/Mixin) Renaming synthetic method lambda$emitItemQuads$1(Ljava/util/function/Supplier;)Lnet/minecraft/util/math/random/Random; to mdfed865$fabric-renderer-api-v1$lambda$emitItemQuads$1$0 in fabric-renderer-api-v1.mixins.json:client.WeightedBakedModelMixin from mod fabric-renderer-api-v1
[13:06:31] [Worker-Main-28/DEBUG] (FabricLoader/Mixin) Renaming synthetic method lambda$emitBlockQuads$0(Ljava/util/function/Supplier;)Lnet/minecraft/util/math/random/Random; to mdfed865$fabric-renderer-api-v1$lambda$emitBlockQuads$0$1 in fabric-renderer-api-v1.mixins.json:client.WeightedBakedModelMixin from mod fabric-renderer-api-v1
[13:06:31] [Worker-Main-28/DEBUG] (FabricLoader/Mixin) fabric-renderer-api-v1.mixins.json:client.WeightedBakedModelMixin from mod fabric-renderer-api-v1->@Inject::onInit(Ljava/util/List;Lorg/spongepowered/asm/mixin/injection/callback/CallbackInfo;)V doesn't use it's CallbackInfo
[13:06:31] [Worker-Main-28/DEBUG] (FabricLoader/Mixin) fabric-renderer-api-v1.mixins.json:client.WeightedBakedModelMixin from mod fabric-renderer-api-v1->@Inject::onInit(Ljava/util/List;Lorg/spongepowered/asm/mixin/injection/callback/CallbackInfo;)V has 0 override(s) in child classes
[13:06:31] [Worker-Main-28/DEBUG] (FabricLoader/Mixin) fabric-renderer-api-v1.mixins.json:client.WeightedBakedModelMixin from mod fabric-renderer-api-v1->@Inject::onInit(Ljava/util/List;Lorg/spongepowered/asm/mixin/injection/callback/CallbackInfo;)V won't be passed a CallbackInfo as a result
[13:06:31] [Render thread/WARN] (net.minecraft.client.sound.SoundSystem) Missing sound for event: minecraft:item.goat_horn.play
[13:06:31] [Render thread/WARN] (net.minecraft.client.sound.SoundSystem) Missing sound for event: minecraft:entity.goat.screaming.horn_break
[13:06:32] [Render thread/INFO] (net.minecraft.client.sound.SoundEngine) OpenAL initialized on device OpenAL Soft on 扬声器 (Bose USB Audio)
[13:06:32] [Render thread/INFO] (net.minecraft.client.sound.SoundSystem) Sound engine started
[13:06:32] [Render thread/INFO] (net.minecraft.client.texture.SpriteAtlasTexture) Created: 1024x512x4 minecraft:textures/atlas/blocks.png-atlas
[13:06:32] [Render thread/INFO] (net.minecraft.client.texture.SpriteAtlasTexture) Created: 256x256x4 minecraft:textures/atlas/signs.png-atlas
[13:06:32] [Render thread/INFO] (net.minecraft.client.texture.SpriteAtlasTexture) Created: 512x512x4 minecraft:textures/atlas/shield_patterns.png-atlas
[13:06:32] [Render thread/INFO] (net.minecraft.client.texture.SpriteAtlasTexture) Created: 512x512x4 minecraft:textures/atlas/banner_patterns.png-atlas
[13:06:32] [Render thread/INFO] (net.minecraft.client.texture.SpriteAtlasTexture) Created: 1024x1024x4 minecraft:textures/atlas/armor_trims.png-atlas
[13:06:32] [Render thread/INFO] (net.minecraft.client.texture.SpriteAtlasTexture) Created: 128x64x4 minecraft:textures/atlas/decorated_pot.png-atlas
[13:06:32] [Render thread/INFO] (net.minecraft.client.texture.SpriteAtlasTexture) Created: 256x256x4 minecraft:textures/atlas/chest.png-atlas
[13:06:32] [Render thread/INFO] (net.minecraft.client.texture.SpriteAtlasTexture) Created: 512x256x4 minecraft:textures/atlas/shulker_boxes.png-atlas
[13:06:32] [Render thread/INFO] (net.minecraft.client.texture.SpriteAtlasTexture) Created: 512x256x4 minecraft:textures/atlas/beds.png-atlas
[13:06:32] [Render thread/DEBUG] (FabricLoader/Mixin) Mixing EntityModelsMixin from fabric-rendering-v1.mixins.json into net.minecraft.client.render.entity.model.EntityModels
[13:06:32] [Render thread/DEBUG] (FabricLoader/Mixin) fabric-rendering-v1.mixins.json:EntityModelsMixin from mod fabric-rendering-v1: Class version 65 required is higher than the class version supported by the current version of Mixin (JAVA_17 supports class version 61)
[13:06:32] [Render thread/DEBUG] (FabricLoader/Mixin) Mixing fixes.minecraft.entity.MixinEntityModels from viafabricplus.mixins.json into net.minecraft.client.render.entity.model.EntityModels
[13:06:32] [Render thread/DEBUG] (FabricLoader/Mixin) fabric-rendering-v1.mixins.json:EntityModelsMixin from mod fabric-rendering-v1->@Inject::registerExtraModelData(Lorg/spongepowered/asm/mixin/injection/callback/CallbackInfoReturnable;Lcom/google/common/collect/ImmutableMap$Builder;)V doesn't use it's CallbackInfoReturnable
[13:06:32] [Render thread/DEBUG] (FabricLoader/Mixin) Mixing fixes.minecraft.entity.MixinBipedEntityModel from viafabricplus.mixins.json into net.minecraft.client.render.entity.model.BipedEntityModel
[13:06:32] [Render thread/DEBUG] (FabricLoader/Mixin) viafabricplus.mixins.json:fixes.minecraft.entity.MixinBipedEntityModel from mod viafabricplus->@Inject::addOldWalkAnimation(Lnet/minecraft/entity/LivingEntity;FFFFFLorg/spongepowered/asm/mixin/injection/callback/CallbackInfo;)V doesn't use it's CallbackInfo
[13:06:32] [Render thread/DEBUG] (FabricLoader/Mixin) viafabricplus.mixins.json:fixes.minecraft.entity.MixinBipedEntityModel from mod viafabricplus->@Inject::addOldWalkAnimation(Lnet/minecraft/entity/LivingEntity;FFFFFLorg/spongepowered/asm/mixin/injection/callback/CallbackInfo;)V has 0 override(s) in child classes
[13:06:32] [Render thread/DEBUG] (FabricLoader/Mixin) viafabricplus.mixins.json:fixes.minecraft.entity.MixinBipedEntityModel from mod viafabricplus->@Inject::addOldWalkAnimation(Lnet/minecraft/entity/LivingEntity;FFFFFLorg/spongepowered/asm/mixin/injection/callback/CallbackInfo;)V won't be passed a CallbackInfo as a result
[13:06:32] [Render thread/DEBUG] (FabricLoader/Mixin) Mixing EntityModelLayersMixin from fabric-object-builder-v1.client.mixins.json into net.minecraft.client.render.entity.model.EntityModelLayers
[13:06:32] [Render thread/DEBUG] (FabricLoader/Mixin) fabric-object-builder-v1.client.mixins.json:EntityModelLayersMixin from mod fabric-object-builder-api-v1: Class version 65 required is higher than the class version supported by the current version of Mixin (JAVA_17 supports class version 61)
[13:06:32] [Render thread/DEBUG] (FabricLoader/Mixin) Mixing EntityModelLayersAccessor from fabric-rendering-v1.mixins.json into net.minecraft.client.render.entity.model.EntityModelLayers
[13:06:32] [Render thread/DEBUG] (FabricLoader/Mixin) fabric-rendering-v1.mixins.json:EntityModelLayersAccessor from mod fabric-rendering-v1: Class version 65 required is higher than the class version supported by the current version of Mixin (JAVA_17 supports class version 61)
[13:06:32] [Render thread/DEBUG] (FabricLoader/Mixin) Renaming @Accessor method getLayers()Ljava/util/Set; to getLayers$fabric-rendering-v1_$md$fed865$0 in fabric-rendering-v1.mixins.json:EntityModelLayersAccessor from mod fabric-rendering-v1
[13:06:32] [Render thread/DEBUG] (FabricLoader/Mixin) fabric-object-builder-v1.client.mixins.json:EntityModelLayersMixin from mod fabric-object-builder-api-v1->@Inject::createSign(Lnet/minecraft/block/WoodType;Lorg/spongepowered/asm/mixin/injection/callback/CallbackInfoReturnable;)V does use it's CallbackInfoReturnable
[13:06:32] [Render thread/DEBUG] (FabricLoader/Mixin) fabric-object-builder-v1.client.mixins.json:EntityModelLayersMixin from mod fabric-object-builder-api-v1->@Inject::createHangingSign(Lnet/minecraft/block/WoodType;Lorg/spongepowered/asm/mixin/injection/callback/CallbackInfoReturnable;)V does use it's CallbackInfoReturnable
[13:06:32] [Render thread/DEBUG] (FabricLoader/Mixin) Mixing BlockEntityRendererFactoriesMixin from fabric-rendering-v1.mixins.json into net.minecraft.client.render.block.entity.BlockEntityRendererFactories
[13:06:32] [Render thread/DEBUG] (FabricLoader/Mixin) fabric-rendering-v1.mixins.json:BlockEntityRendererFactoriesMixin from mod fabric-rendering-v1: Class version 65 required is higher than the class version supported by the current version of Mixin (JAVA_17 supports class version 61)
[13:06:32] [Render thread/DEBUG] (FabricLoader/Mixin) Renaming synthetic method lambda$init$0(Lnet/minecraft/block/entity/BlockEntityType;Lnet/minecraft/client/render/block/entity/BlockEntityRendererFactory;)V to mdfed865$fabric-rendering-v1$lambda$init$0$0 in fabric-rendering-v1.mixins.json:BlockEntityRendererFactoriesMixin from mod fabric-rendering-v1
[13:06:32] [Render thread/DEBUG] (FabricLoader/Mixin) fabric-rendering-v1.mixins.json:BlockEntityRendererFactoriesMixin from mod fabric-rendering-v1->@Inject::init(Lorg/spongepowered/asm/mixin/injection/callback/CallbackInfo;)V doesn't use it's CallbackInfo
[13:06:32] [Render thread/DEBUG] (FabricLoader/Mixin) Mixing EntityRenderersMixin from fabric-rendering-v1.mixins.json into net.minecraft.client.render.entity.EntityRenderers
[13:06:32] [Render thread/DEBUG] (FabricLoader/Mixin) fabric-rendering-v1.mixins.json:EntityRenderersMixin from mod fabric-rendering-v1: Class version 65 required is higher than the class version supported by the current version of Mixin (JAVA_17 supports class version 61)
[13:06:32] [Render thread/DEBUG] (FabricLoader/Mixin) Renaming synthetic method lambda$onRegisterRenderers$0(Lnet/minecraft/entity/EntityType;Lnet/minecraft/client/render/entity/EntityRendererFactory;)V to mdfed865$fabric-rendering-v1$lambda$onRegisterRenderers$0$0 in fabric-rendering-v1.mixins.json:EntityRenderersMixin from mod fabric-rendering-v1
[13:06:32] [Render thread/DEBUG] (FabricLoader/Mixin) fabric-rendering-v1.mixins.json:EntityRenderersMixin from mod fabric-rendering-v1->@Inject::onRegisterRenderers(Lorg/spongepowered/asm/mixin/injection/callback/CallbackInfo;)V doesn't use it's CallbackInfo
[13:06:32] [Render thread/DEBUG] (FabricLoader/Mixin) Mixing LivingEntityRendererAccessor from fabric-rendering-v1.mixins.json into net.minecraft.client.render.entity.LivingEntityRenderer
[13:06:32] [Render thread/DEBUG] (FabricLoader/Mixin) fabric-rendering-v1.mixins.json:LivingEntityRendererAccessor from mod fabric-rendering-v1: Class version 65 required is higher than the class version supported by the current version of Mixin (JAVA_17 supports class version 61)
[13:06:32] [Render thread/DEBUG] (FabricLoader/Mixin) Mixing fixes.minecraft.entity.MixinPlayerEntityRenderer from viafabricplus.mixins.json into net.minecraft.client.render.entity.PlayerEntityRenderer
[13:06:32] [Render thread/DEBUG] (FabricLoader/Mixin) viafabricplus.mixins.json:fixes.minecraft.entity.MixinPlayerEntityRenderer from mod viafabricplus->@Inject::modifySleepingOffset(Lnet/minecraft/client/network/AbstractClientPlayerEntity;FLorg/spongepowered/asm/mixin/injection/callback/CallbackInfoReturnable;)V does use it's CallbackInfoReturnable
[13:06:32] [Render thread/DEBUG] (FabricLoader/Mixin) viafabricplus.mixins.json:fixes.minecraft.entity.MixinPlayerEntityRenderer from mod viafabricplus->@Inject::modifySleepingOffset(Lnet/minecraft/client/network/AbstractClientPlayerEntity;FLorg/spongepowered/asm/mixin/injection/callback/CallbackInfoReturnable;)V does use it's CallbackInfoReturnable
[13:06:32] [Render thread/DEBUG] (FabricLoader/Mixin) Mixing ArmorFeatureRendererMixin from fabric-rendering-v1.mixins.json into net.minecraft.client.render.entity.feature.ArmorFeatureRenderer
[13:06:32] [Render thread/DEBUG] (FabricLoader/Mixin) fabric-rendering-v1.mixins.json:ArmorFeatureRendererMixin from mod fabric-rendering-v1: Class version 65 required is higher than the class version supported by the current version of Mixin (JAVA_17 supports class version 61)
[13:06:32] [Render thread/DEBUG] (FabricLoader/Mixin) fabric-rendering-v1.mixins.json:ArmorFeatureRendererMixin from mod fabric-rendering-v1->@Inject::renderArmor(Lnet/minecraft/client/util/math/MatrixStack;Lnet/minecraft/client/render/VertexConsumerProvider;Lnet/minecraft/entity/LivingEntity;Lnet/minecraft/entity/EquipmentSlot;ILnet/minecraft/client/render/entity/model/BipedEntityModel;Lorg/spongepowered/asm/mixin/injection/callback/CallbackInfo;)V does use it's CallbackInfo
[13:06:32] [Render thread/DEBUG] (FabricLoader/Mixin) Mixing CapeFeatureRendererMixin from fabric-rendering-v1.mixins.json into net.minecraft.client.render.entity.feature.CapeFeatureRenderer
[13:06:32] [Render thread/DEBUG] (FabricLoader/Mixin) fabric-rendering-v1.mixins.json:CapeFeatureRendererMixin from mod fabric-rendering-v1: Class version 65 required is higher than the class version supported by the current version of Mixin (JAVA_17 supports class version 61)
[13:06:32] [Render thread/DEBUG] (FabricLoader/Mixin) fabric-rendering-v1.mixins.json:CapeFeatureRendererMixin from mod fabric-rendering-v1->@Inject::injectCapeRenderCheck(Lnet/minecraft/client/util/math/MatrixStack;Lnet/minecraft/client/render/VertexConsumerProvider;ILnet/minecraft/client/network/AbstractClientPlayerEntity;FFFFFFLorg/spongepowered/asm/mixin/injection/callback/CallbackInfo;)V does use it's CallbackInfo
[13:06:32] [Render thread/INFO] (net.minecraft.client.texture.SpriteAtlasTexture) Created: 512x256x0 minecraft:textures/atlas/particles.png-atlas
[13:06:32] [Render thread/INFO] (net.minecraft.client.texture.SpriteAtlasTexture) Created: 512x256x0 minecraft:textures/atlas/paintings.png-atlas
[13:06:32] [Render thread/INFO] (net.minecraft.client.texture.SpriteAtlasTexture) Created: 256x128x0 minecraft:textures/atlas/mob_effects.png-atlas
[13:06:32] [Render thread/INFO] (net.minecraft.client.texture.SpriteAtlasTexture) Created: 64x64x0 minecraft:textures/atlas/map_decorations.png-atlas
[13:06:32] [Render thread/INFO] (net.minecraft.client.texture.SpriteAtlasTexture) Created: 1024x512x0 minecraft:textures/atlas/gui.png-atlas
[13:06:32] [Render thread/WARN] (net.minecraft.client.gl.ShaderProgram) Shader rendertype_entity_translucent_emissive could not find sampler named Sampler2 in the specified shader program.
[13:06:32] [Via-Mappingloader-10/DEBUG] (io.netty.buffer.AbstractByteBuf) -Dio.netty.buffer.checkAccessible: true
[13:06:32] [Via-Mappingloader-10/DEBUG] (io.netty.buffer.AbstractByteBuf) -Dio.netty.buffer.checkBounds: true
[13:06:32] [Via-Mappingloader-10/DEBUG] (io.netty.util.ResourceLeakDetectorFactory) Loaded default ResourceLeakDetector: io.netty.util.ResourceLeakDetector@6285b8d1
[13:06:34] [Render thread/DEBUG] (FabricLoader/Mixin) Mixing fixes.minecraft.MixinTextRenderer_Drawer from viafabricplus.mixins.json into net.minecraft.client.font.TextRenderer$Drawer
[13:06:35] [Sound engine/DEBUG] (FabricLoader/Mixin) Mixing fixes.minecraft.MixinStaticSound from viafabricplus.mixins.json into net.minecraft.client.sound.StaticSound
[13:06:35] [Sound engine/DEBUG] (FabricLoader/Mixin) viafabricplus.mixins.json:fixes.minecraft.MixinStaticSound from mod viafabricplus->@Inject::modifyBuffer(Ljava/nio/ByteBuffer;Ljavax/sound/sampled/AudioFormat;Lorg/spongepowered/asm/mixin/injection/callback/CallbackInfo;)V doesn't use it's CallbackInfo
[13:06:35] [Sound engine/DEBUG] (FabricLoader/Mixin) viafabricplus.mixins.json:fixes.minecraft.MixinStaticSound from mod viafabricplus->@Inject::modifyBuffer(Ljava/nio/ByteBuffer;Ljavax/sound/sampled/AudioFormat;Lorg/spongepowered/asm/mixin/injection/callback/CallbackInfo;)V has 0 override(s) in child classes
[13:06:35] [Sound engine/DEBUG] (FabricLoader/Mixin) viafabricplus.mixins.json:fixes.minecraft.MixinStaticSound from mod viafabricplus->@Inject::modifyBuffer(Ljava/nio/ByteBuffer;Ljavax/sound/sampled/AudioFormat;Lorg/spongepowered/asm/mixin/injection/callback/CallbackInfo;)V won't be passed a CallbackInfo as a result
[13:06:35] [Render thread/DEBUG] (FabricLoader/Mixin) Mixing base.integration.MixinAddServerScreen from viafabricplus.mixins.json into net.minecraft.client.gui.screen.multiplayer.AddServerScreen
[13:06:35] [Render thread/DEBUG] (FabricLoader/Mixin) Renaming synthetic method lambda$addVersionSetterButton$1(Lnet/minecraft/client/gui/widget/ButtonWidget;)V to mdfed865$viafabricplus$lambda$addVersionSetterButton$1$0 in viafabricplus.mixins.json:base.integration.MixinAddServerScreen from mod viafabricplus
[13:06:35] [Render thread/DEBUG] (FabricLoader/Mixin) Renaming synthetic method lambda$addVersionSetterButton$0(Lcom/viaversion/viaversion/api/protocol/version/ProtocolVersion;)V to mdfed865$viafabricplus$lambda$addVersionSetterButton$0$1 in viafabricplus.mixins.json:base.integration.MixinAddServerScreen from mod viafabricplus
[13:06:35] [Render thread/DEBUG] (FabricLoader/Mixin) viafabricplus.mixins.json:base.integration.MixinAddServerScreen from mod viafabricplus->@Inject::addVersionSetterButton(Lorg/spongepowered/asm/mixin/injection/callback/CallbackInfo;)V doesn't use it's CallbackInfo
[13:06:35] [Render thread/DEBUG] (FabricLoader/Mixin) viafabricplus.mixins.json:base.integration.MixinAddServerScreen from mod viafabricplus->@Inject::addVersionSetterButton(Lorg/spongepowered/asm/mixin/injection/callback/CallbackInfo;)V has 0 override(s) in child classes
[13:06:35] [Render thread/DEBUG] (FabricLoader/Mixin) viafabricplus.mixins.json:base.integration.MixinAddServerScreen from mod viafabricplus->@Inject::addVersionSetterButton(Lorg/spongepowered/asm/mixin/injection/callback/CallbackInfo;)V won't be passed a CallbackInfo as a result
[13:06:35] [Render thread/DEBUG] (FabricLoader/Mixin) Mixing base.integration.MixinDirectConnectScreen from viafabricplus.mixins.json into net.minecraft.client.gui.screen.multiplayer.DirectConnectScreen
[13:06:35] [Render thread/DEBUG] (FabricLoader/Mixin) Renaming synthetic method lambda$addProtocolSelectionButton$0(Lnet/minecraft/client/gui/widget/ButtonWidget;)V to mdfed865$viafabricplus$lambda$addProtocolSelectionButton$0$0 in viafabricplus.mixins.json:base.integration.MixinDirectConnectScreen from mod viafabricplus
[13:06:35] [Render thread/DEBUG] (FabricLoader/Mixin) viafabricplus.mixins.json:base.integration.MixinDirectConnectScreen from mod viafabricplus->@Inject::addProtocolSelectionButton(Lorg/spongepowered/asm/mixin/injection/callback/CallbackInfo;)V doesn't use it's CallbackInfo
[13:06:35] [Render thread/DEBUG] (FabricLoader/Mixin) viafabricplus.mixins.json:base.integration.MixinDirectConnectScreen from mod viafabricplus->@Inject::addProtocolSelectionButton(Lorg/spongepowered/asm/mixin/injection/callback/CallbackInfo;)V has 0 override(s) in child classes
[13:06:35] [Render thread/DEBUG] (FabricLoader/Mixin) viafabricplus.mixins.json:base.integration.MixinDirectConnectScreen from mod viafabricplus->@Inject::addProtocolSelectionButton(Lorg/spongepowered/asm/mixin/injection/callback/CallbackInfo;)V won't be passed a CallbackInfo as a result
[13:06:35] [Render thread/DEBUG] (FabricLoader/Mixin) Mixing base.perserverversion.MixinMultiplayerServerListPinger from viafabricplus.mixins.json into net.minecraft.client.network.MultiplayerServerListPinger
[13:06:35] [Render thread/DEBUG] (FabricLoader/Mixin) Mixing fixes.minecraft.network.MixinMultiplayerServerListPinger from viafabricplus.mixins.json into net.minecraft.client.network.MultiplayerServerListPinger
[13:06:35] [Render thread/DEBUG] (FabricLoader/Mixin) Mixing base.integration.MixinMultiplayerServerListWidget_ServerEntry from viafabricplus.mixins.json into net.minecraft.client.gui.screen.multiplayer.MultiplayerServerListWidget$ServerEntry
[13:06:35] [Via Async Scheduler 0/INFO] (ViaVersion) Finished mapping loading, shutting down loader executor.
[13:06:38] [Render thread/DEBUG] (FabricLoader/Mixin) Mixing base.perserverversion.MixinServerInfo from viafabricplus.mixins.json into net.minecraft.client.network.ServerInfo
[13:06:38] [Render thread/DEBUG] (FabricLoader/Mixin) viafabricplus.mixins.json:base.perserverversion.MixinServerInfo from mod viafabricplus->@Inject::saveForcedVersion(Lorg/spongepowered/asm/mixin/injection/callback/CallbackInfoReturnable;)V doesn't use it's CallbackInfoReturnable
[13:06:38] [Render thread/DEBUG] (FabricLoader/Mixin) viafabricplus.mixins.json:base.perserverversion.MixinServerInfo from mod viafabricplus->@Inject::saveForcedVersion(Lorg/spongepowered/asm/mixin/injection/callback/CallbackInfoReturnable;)V has 0 override(s) in child classes
[13:06:38] [Render thread/DEBUG] (FabricLoader/Mixin) viafabricplus.mixins.json:base.perserverversion.MixinServerInfo from mod viafabricplus->@Inject::saveForcedVersion(Lorg/spongepowered/asm/mixin/injection/callback/CallbackInfoReturnable;)V won't be passed a CallbackInfoReturnable as a result
[13:06:38] [Render thread/DEBUG] (FabricLoader/Mixin) viafabricplus.mixins.json:base.perserverversion.MixinServerInfo from mod viafabricplus->@Inject::loadForcedVersion(Lnet/minecraft/nbt/NbtCompound;Lorg/spongepowered/asm/mixin/injection/callback/CallbackInfoReturnable;)V doesn't use it's CallbackInfoReturnable
[13:06:38] [Render thread/DEBUG] (FabricLoader/Mixin) viafabricplus.mixins.json:base.perserverversion.MixinServerInfo from mod viafabricplus->@Inject::syncForcedVersion(Lnet/minecraft/client/network/ServerInfo;Lorg/spongepowered/asm/mixin/injection/callback/CallbackInfo;)V doesn't use it's CallbackInfo
[13:06:38] [Render thread/DEBUG] (FabricLoader/Mixin) viafabricplus.mixins.json:base.perserverversion.MixinServerInfo from mod viafabricplus->@Inject::syncForcedVersion(Lnet/minecraft/client/network/ServerInfo;Lorg/spongepowered/asm/mixin/injection/callback/CallbackInfo;)V has 0 override(s) in child classes
[13:06:38] [Render thread/DEBUG] (FabricLoader/Mixin) viafabricplus.mixins.json:base.perserverversion.MixinServerInfo from mod viafabricplus->@Inject::syncForcedVersion(Lnet/minecraft/client/network/ServerInfo;Lorg/spongepowered/asm/mixin/injection/callback/CallbackInfo;)V won't be passed a CallbackInfo as a result
[13:06:38] [Render thread/DEBUG] (FabricLoader/Mixin) Mixing compat.classic4j.MixinTextFieldWidget from viafabricplus.mixins.json into net.minecraft.client.gui.widget.TextFieldWidget
[13:06:38] [Render thread/DEBUG] (FabricLoader/Mixin) Mixing fixes.minecraft.MixinServerAddress from viafabricplus.mixins.json into net.minecraft.client.network.ServerAddress
[13:06:38] [Render thread/DEBUG] (FabricLoader/Mixin) viafabricplus.mixins.json:fixes.minecraft.MixinServerAddress from mod viafabricplus->@Inject::resolveSrv(Ljava/lang/String;Lorg/spongepowered/asm/mixin/injection/callback/CallbackInfoReturnable;)V does use it's CallbackInfoReturnable
[13:06:38] [Render thread/DEBUG] (FabricLoader/Mixin) viafabricplus.mixins.json:fixes.minecraft.MixinServerAddress from mod viafabricplus->@Inject::resolveSrv(Ljava/lang/String;Lorg/spongepowered/asm/mixin/injection/callback/CallbackInfoReturnable;)V does use it's CallbackInfoReturnable
[13:06:38] [Render thread/DEBUG] (FabricLoader/Mixin) viafabricplus.mixins.json:fixes.minecraft.MixinServerAddress from mod viafabricplus->@Inject::resolveSrv(Ljava/lang/String;Lorg/spongepowered/asm/mixin/injection/callback/CallbackInfoReturnable;)V does use it's CallbackInfoReturnable
[13:06:38] [Render thread/DEBUG] (FabricLoader/Mixin) viafabricplus.mixins.json:fixes.minecraft.MixinServerAddress from mod viafabricplus->@Inject::resolveSrv(Ljava/lang/String;Lorg/spongepowered/asm/mixin/injection/callback/CallbackInfoReturnable;)V does use it's CallbackInfoReturnable
[13:06:43] [Server Pinger #0/DEBUG] (FabricLoader/Mixin) Mixing fixes.minecraft.MixinAllowedAddressResolver from viafabricplus.mixins.json into net.minecraft.client.network.AllowedAddressResolver
[13:06:43] [Server Pinger #0/DEBUG] (FabricLoader/Mixin) viafabricplus.mixins.json:fixes.minecraft.MixinAllowedAddressResolver from mod viafabricplus->@Inject::oldResolveBehaviour(Lnet/minecraft/client/network/ServerAddress;Lorg/spongepowered/asm/mixin/injection/callback/CallbackInfoReturnable;)V does use it's CallbackInfoReturnable
[13:06:43] [Server Pinger #0/DEBUG] (FabricLoader/Mixin) Mixing fixes.minecraft.MixinRedirectResolver from viafabricplus.mixins.json into net.minecraft.client.network.RedirectResolver
[13:06:43] [Server Pinger #0/DEBUG] (FabricLoader/Mixin) viafabricplus.mixins.json:fixes.minecraft.MixinRedirectResolver from mod viafabricplus->@Inject::disableSrvForPre1_3(Ljavax/naming/directory/DirContext;Lnet/minecraft/client/network/ServerAddress;Lorg/spongepowered/asm/mixin/injection/callback/CallbackInfoReturnable;)V does use it's CallbackInfoReturnable
[13:06:43] [Server Pinger #0/DEBUG] (FabricLoader/Mixin) Mixing fixes.minecraft.network.MixinNetworkStateTransitionHandler from viafabricplus.mixins.json into net.minecraft.network.handler.NetworkStateTransitionHandler
[13:06:43] [Server Pinger #0/DEBUG] (FabricLoader/Mixin) Mixing ingredient.EncoderHandlerMixin from fabric-recipe-api-v1.mixins.json into net.minecraft.network.handler.EncoderHandler
[13:06:43] [Server Pinger #0/DEBUG] (FabricLoader/Mixin) fabric-recipe-api-v1.mixins.json:ingredient.EncoderHandlerMixin from mod fabric-recipe-api-v1: Class version 65 required is higher than the class version supported by the current version of Mixin (JAVA_17 supports class version 61)
[13:06:43] [Server Pinger #0/DEBUG] (FabricLoader/Mixin) fabric-recipe-api-v1.mixins.json:ingredient.EncoderHandlerMixin from mod fabric-recipe-api-v1->@Inject::capturePacketEncoder(Lio/netty/channel/ChannelHandlerContext;Lnet/minecraft/network/packet/Packet;Lio/netty/buffer/ByteBuf;Lorg/spongepowered/asm/mixin/injection/callback/CallbackInfo;)V doesn't use it's CallbackInfo
[13:06:43] [Server Pinger #0/DEBUG] (FabricLoader/Mixin) fabric-recipe-api-v1.mixins.json:ingredient.EncoderHandlerMixin from mod fabric-recipe-api-v1->@Inject::capturePacketEncoder(Lio/netty/channel/ChannelHandlerContext;Lnet/minecraft/network/packet/Packet;Lio/netty/buffer/ByteBuf;Lorg/spongepowered/asm/mixin/injection/callback/CallbackInfo;)V has 0 override(s) in child classes
[13:06:43] [Server Pinger #0/DEBUG] (FabricLoader/Mixin) fabric-recipe-api-v1.mixins.json:ingredient.EncoderHandlerMixin from mod fabric-recipe-api-v1->@Inject::capturePacketEncoder(Lio/netty/channel/ChannelHandlerContext;Lnet/minecraft/network/packet/Packet;Lio/netty/buffer/ByteBuf;Lorg/spongepowered/asm/mixin/injection/callback/CallbackInfo;)V won't be passed a CallbackInfo as a result
[13:06:43] [Server Pinger #0/DEBUG] (FabricLoader/Mixin) fabric-recipe-api-v1.mixins.json:ingredient.EncoderHandlerMixin from mod fabric-recipe-api-v1->@Inject::releasePacketEncoder(Lio/netty/channel/ChannelHandlerContext;Lnet/minecraft/network/packet/Packet;Lio/netty/buffer/ByteBuf;Lorg/spongepowered/asm/mixin/injection/callback/CallbackInfo;)V doesn't use it's CallbackInfo
[13:06:43] [Server Pinger #0/DEBUG] (FabricLoader/Mixin) fabric-recipe-api-v1.mixins.json:ingredient.EncoderHandlerMixin from mod fabric-recipe-api-v1->@Inject::releasePacketEncoder(Lio/netty/channel/ChannelHandlerContext;Lnet/minecraft/network/packet/Packet;Lio/netty/buffer/ByteBuf;Lorg/spongepowered/asm/mixin/injection/callback/CallbackInfo;)V has 0 override(s) in child classes
[13:06:43] [Server Pinger #0/DEBUG] (FabricLoader/Mixin) fabric-recipe-api-v1.mixins.json:ingredient.EncoderHandlerMixin from mod fabric-recipe-api-v1->@Inject::releasePacketEncoder(Lio/netty/channel/ChannelHandlerContext;Lnet/minecraft/network/packet/Packet;Lio/netty/buffer/ByteBuf;Lorg/spongepowered/asm/mixin/injection/callback/CallbackInfo;)V won't be passed a CallbackInfo as a result
[13:06:43] [Server Pinger #0/DEBUG] (FabricLoader/Mixin) fabric-recipe-api-v1.mixins.json:ingredient.EncoderHandlerMixin from mod fabric-recipe-api-v1->@Inject::releasePacketEncoder(Lio/netty/channel/ChannelHandlerContext;Lnet/minecraft/network/packet/Packet;Lio/netty/buffer/ByteBuf;Lorg/spongepowered/asm/mixin/injection/callback/CallbackInfo;)V doesn't use it's CallbackInfo
[13:06:43] [Server Pinger #0/DEBUG] (FabricLoader/Mixin) fabric-recipe-api-v1.mixins.json:ingredient.EncoderHandlerMixin from mod fabric-recipe-api-v1->@Inject::releasePacketEncoder(Lio/netty/channel/ChannelHandlerContext;Lnet/minecraft/network/packet/Packet;Lio/netty/buffer/ByteBuf;Lorg/spongepowered/asm/mixin/injection/callback/CallbackInfo;)V has 0 override(s) in child classes
[13:06:43] [Server Pinger #0/DEBUG] (FabricLoader/Mixin) fabric-recipe-api-v1.mixins.json:ingredient.EncoderHandlerMixin from mod fabric-recipe-api-v1->@Inject::releasePacketEncoder(Lio/netty/channel/ChannelHandlerContext;Lnet/minecraft/network/packet/Packet;Lio/netty/buffer/ByteBuf;Lorg/spongepowered/asm/mixin/injection/callback/CallbackInfo;)V won't be passed a CallbackInfo as a result
[13:06:43] [Server Pinger #0/DEBUG] (FabricLoader/Mixin) Mixing PacketCodecDispatcherMixin from fabric-networking-api-v1.mixins.json into net.minecraft.network.handler.PacketCodecDispatcher
[13:06:43] [Server Pinger #0/DEBUG] (FabricLoader/Mixin) fabric-networking-api-v1.mixins.json:PacketCodecDispatcherMixin from mod fabric-networking-api-v1: Class version 65 required is higher than the class version supported by the current version of Mixin (JAVA_17 supports class version 61)
[13:06:43] [Server Pinger #0/DEBUG] (FabricLoader/Mixin) fabric-networking-api-v1.mixins.json:PacketCodecDispatcherMixin from mod fabric-networking-api-v1->@Inject::encode(Lio/netty/buffer/ByteBuf;Ljava/lang/Object;Lorg/spongepowered/asm/mixin/injection/callback/CallbackInfo;)V doesn't use it's CallbackInfo
[13:06:43] [Server Pinger #0/DEBUG] (FabricLoader/Mixin) fabric-networking-api-v1.mixins.json:PacketCodecDispatcherMixin from mod fabric-networking-api-v1->@Inject::encode(Lio/netty/buffer/ByteBuf;Ljava/lang/Object;Lorg/spongepowered/asm/mixin/injection/callback/CallbackInfo;)V has 0 override(s) in child classes
[13:06:43] [Server Pinger #0/DEBUG] (FabricLoader/Mixin) fabric-networking-api-v1.mixins.json:PacketCodecDispatcherMixin from mod fabric-networking-api-v1->@Inject::encode(Lio/netty/buffer/ByteBuf;Ljava/lang/Object;Lorg/spongepowered/asm/mixin/injection/callback/CallbackInfo;)V won't be passed a CallbackInfo as a result
[13:06:43] [Server Pinger #0/DEBUG] (FabricLoader/Mixin) Mixing base.connect.MixinClientConnection_1 from viafabricplus.mixins.json into net.minecraft.network.ClientConnection$1
[13:06:43] [Server Pinger #0/DEBUG] (FabricLoader/Mixin) viafabricplus.mixins.json:base.connect.MixinClientConnection_1 from mod viafabricplus->@Inject::injectViaIntoPipeline(Lio/netty/channel/Channel;Lorg/spongepowered/asm/mixin/injection/callback/CallbackInfo;)V doesn't use it's CallbackInfo
[13:06:43] [Server Pinger #0/DEBUG] (FabricLoader/Mixin) viafabricplus.mixins.json:base.connect.MixinClientConnection_1 from mod viafabricplus->@Inject::injectViaIntoPipeline(Lio/netty/channel/Channel;Lorg/spongepowered/asm/mixin/injection/callback/CallbackInfo;)V has 0 override(s) in child classes
[13:06:43] [Server Pinger #0/DEBUG] (FabricLoader/Mixin) viafabricplus.mixins.json:base.connect.MixinClientConnection_1 from mod viafabricplus->@Inject::injectViaIntoPipeline(Lio/netty/channel/Channel;Lorg/spongepowered/asm/mixin/injection/callback/CallbackInfo;)V won't be passed a CallbackInfo as a result
[13:06:43] [Server Pinger #0/DEBUG] (FabricLoader/Mixin) Mixing base.integration.MixinMultiplayerServerListPinger_1 from viafabricplus.mixins.json into net.minecraft.client.network.MultiplayerServerListPinger$1
[13:06:43] [Server Pinger #0/DEBUG] (FabricLoader/Mixin) viafabricplus.mixins.json:base.integration.MixinMultiplayerServerListPinger_1 from mod viafabricplus->@Inject::trackTranslatingState(Lnet/minecraft/network/packet/s2c/query/QueryResponseS2CPacket;Lorg/spongepowered/asm/mixin/injection/callback/CallbackInfo;)V doesn't use it's CallbackInfo
[13:06:43] [Server Pinger #0/DEBUG] (FabricLoader/Mixin) viafabricplus.mixins.json:base.integration.MixinMultiplayerServerListPinger_1 from mod viafabricplus->@Inject::trackTranslatingState(Lnet/minecraft/network/packet/s2c/query/QueryResponseS2CPacket;Lorg/spongepowered/asm/mixin/injection/callback/CallbackInfo;)V has 0 override(s) in child classes
[13:06:43] [Server Pinger #0/DEBUG] (FabricLoader/Mixin) viafabricplus.mixins.json:base.integration.MixinMultiplayerServerListPinger_1 from mod viafabricplus->@Inject::trackTranslatingState(Lnet/minecraft/network/packet/s2c/query/QueryResponseS2CPacket;Lorg/spongepowered/asm/mixin/injection/callback/CallbackInfo;)V won't be passed a CallbackInfo as a result
[13:06:43] [Server Pinger #0/DEBUG] (FabricLoader/Mixin) viafabricplus.mixins.json:base.integration.MixinMultiplayerServerListPinger_1 from mod viafabricplus->@Inject::fixVersionComparison(Lorg/spongepowered/asm/mixin/injection/callback/CallbackInfo;)V doesn't use it's CallbackInfo
[13:06:43] [Server Pinger #0/DEBUG] (FabricLoader/Mixin) viafabricplus.mixins.json:base.integration.MixinMultiplayerServerListPinger_1 from mod viafabricplus->@Inject::fixVersionComparison(Lorg/spongepowered/asm/mixin/injection/callback/CallbackInfo;)V has 0 override(s) in child classes
[13:06:43] [Server Pinger #0/DEBUG] (FabricLoader/Mixin) viafabricplus.mixins.json:base.integration.MixinMultiplayerServerListPinger_1 from mod viafabricplus->@Inject::fixVersionComparison(Lorg/spongepowered/asm/mixin/injection/callback/CallbackInfo;)V won't be passed a CallbackInfo as a result
[13:06:43] [Server Pinger #0/DEBUG] (FabricLoader/Mixin) Mixing fixes.minecraft.network.MixinNetworkStateTransitions from viafabricplus.mixins.json into net.minecraft.network.handler.NetworkStateTransitions
[13:06:44] [Server Pinger #0/DEBUG] (io.netty.util.Recycler) -Dio.netty.recycler.maxCapacityPerThread: 4096
[13:06:44] [Server Pinger #0/DEBUG] (io.netty.util.Recycler) -Dio.netty.recycler.ratio: 8
[13:06:44] [Server Pinger #0/DEBUG] (io.netty.util.Recycler) -Dio.netty.recycler.chunkSize: 32
[13:06:44] [Server Pinger #0/DEBUG] (io.netty.util.Recycler) -Dio.netty.recycler.blocking: false
[13:06:44] [Server Pinger #0/DEBUG] (io.netty.util.Recycler) -Dio.netty.recycler.batchFastThreadLocalOnly: true
[13:06:45] [Render thread/DEBUG] (FabricLoader/Mixin) Mixing accessor.ConnectScreenAccessor from fabric-networking-api-v1.client.mixins.json into net.minecraft.client.gui.screen.multiplayer.ConnectScreen
[13:06:45] [Render thread/DEBUG] (FabricLoader/Mixin) fabric-networking-api-v1.client.mixins.json:accessor.ConnectScreenAccessor from mod fabric-networking-api-v1: Class version 65 required is higher than the class version supported by the current version of Mixin (JAVA_17 supports class version 61)
[13:06:45] [Render thread/DEBUG] (FabricLoader/Mixin) Mixing base.connect.MixinConnectScreen_1 from viafabricplus.mixins.json into net.minecraft.client.gui.screen.multiplayer.ConnectScreen$1
[13:06:45] [Render thread/DEBUG] (FabricLoader/Mixin) Mixing base.integration.MixinConnectScreen_1 from viafabricplus.mixins.json into net.minecraft.client.gui.screen.multiplayer.ConnectScreen$1
[13:06:45] [Render thread/DEBUG] (FabricLoader/Mixin) Mixing fixes.minecraft.screen.MixinConnectScreen_1 from viafabricplus.mixins.json into net.minecraft.client.gui.screen.multiplayer.ConnectScreen$1
[13:06:45] [Render thread/DEBUG] (FabricLoader/Mixin) viafabricplus.mixins.json:fixes.minecraft.screen.MixinConnectScreen_1 from mod viafabricplus->@Inject::setupConnectionSessions(Lorg/spongepowered/asm/mixin/injection/callback/CallbackInfo;)V doesn't use it's CallbackInfo
[13:06:45] [Render thread/DEBUG] (FabricLoader/Mixin) viafabricplus.mixins.json:fixes.minecraft.screen.MixinConnectScreen_1 from mod viafabricplus->@Inject::setupConnectionSessions(Lorg/spongepowered/asm/mixin/injection/callback/CallbackInfo;)V has 0 override(s) in child classes
[13:06:45] [Render thread/DEBUG] (FabricLoader/Mixin) viafabricplus.mixins.json:fixes.minecraft.screen.MixinConnectScreen_1 from mod viafabricplus->@Inject::setupConnectionSessions(Lorg/spongepowered/asm/mixin/injection/callback/CallbackInfo;)V won't be passed a CallbackInfo as a result
[13:06:45] [Render thread/INFO] (net.minecraft.client.gui.screen.multiplayer.ConnectScreen) Connecting to localhost, 25565
[13:06:45] [Server Connector #1/DEBUG] (FabricLoader/Mixin) Mixing LoginQueryResponseC2SPacketMixin from fabric-networking-api-v1.mixins.json into net.minecraft.network.packet.c2s.login.LoginQueryResponseC2SPacket
[13:06:45] [Server Connector #1/DEBUG] (FabricLoader/Mixin) fabric-networking-api-v1.mixins.json:LoginQueryResponseC2SPacketMixin from mod fabric-networking-api-v1: Class version 65 required is higher than the class version supported by the current version of Mixin (JAVA_17 supports class version 61)
[13:06:45] [Server Connector #1/DEBUG] (FabricLoader/Mixin) fabric-networking-api-v1.mixins.json:LoginQueryResponseC2SPacketMixin from mod fabric-networking-api-v1->@Inject::readResponse(ILnet/minecraft/network/PacketByteBuf;Lorg/spongepowered/asm/mixin/injection/callback/CallbackInfoReturnable;)V does use it's CallbackInfoReturnable
[13:06:45] [Server Connector #1/DEBUG] (FabricLoader/Mixin) Mixing LoginQueryRequestS2CPacketMixin from fabric-networking-api-v1.mixins.json into net.minecraft.network.packet.s2c.login.LoginQueryRequestS2CPacket
[13:06:45] [Server Connector #1/DEBUG] (FabricLoader/Mixin) fabric-networking-api-v1.mixins.json:LoginQueryRequestS2CPacketMixin from mod fabric-networking-api-v1: Class version 65 required is higher than the class version supported by the current version of Mixin (JAVA_17 supports class version 61)
[13:06:45] [Server Connector #1/DEBUG] (FabricLoader/Mixin) fabric-networking-api-v1.mixins.json:LoginQueryRequestS2CPacketMixin from mod fabric-networking-api-v1->@Inject::readPayload(Lnet/minecraft/util/Identifier;Lnet/minecraft/network/PacketByteBuf;Lorg/spongepowered/asm/mixin/injection/callback/CallbackInfoReturnable;)V does use it's CallbackInfoReturnable
[13:06:53] [Render thread/DEBUG] (FabricLoader/Mixin) Mixing TooltipComponentMixin from fabric-rendering-v1.mixins.json into net.minecraft.client.gui.tooltip.TooltipComponent
[13:06:53] [Render thread/DEBUG] (FabricLoader/Mixin) fabric-rendering-v1.mixins.json:TooltipComponentMixin from mod fabric-rendering-v1: Class version 65 required is higher than the class version supported by the current version of Mixin (JAVA_17 supports class version 61)
[13:06:53] [Render thread/DEBUG] (FabricLoader/Mixin) fabric-rendering-v1.mixins.json:TooltipComponentMixin from mod fabric-rendering-v1->@Inject::convertCustomTooltipData(Lnet/minecraft/item/tooltip/TooltipData;Lorg/spongepowered/asm/mixin/injection/callback/CallbackInfoReturnable;)V does use it's CallbackInfoReturnable
[13:06:55] [Render thread/INFO] (net.minecraft.client.gui.screen.multiplayer.ConnectScreen) Connecting to localhost, 25565
[13:06:55] [Netty Client IO #2/DEBUG] (FabricLoader/Mixin) Mixing fixes.viaversion.MixinUserConnectionImpl from viafabricplus.mixins.json into com.viaversion.viaversion.connection.UserConnectionImpl
[13:06:55] [Netty Client IO #2/DEBUG] (FabricLoader/Mixin) viafabricplus.mixins.json:fixes.viaversion.MixinUserConnectionImpl from mod viafabricplus->@Inject::handleNoPacketSendChannel(Lio/netty/buffer/ByteBuf;ZLorg/spongepowered/asm/mixin/injection/callback/CallbackInfo;)V does use it's CallbackInfo
[13:06:55] [Netty Client IO #2/DEBUG] (FabricLoader/Mixin) Mixing CustomPayloadC2SPacketMixin from fabric-networking-api-v1.mixins.json into net.minecraft.network.packet.c2s.common.CustomPayloadC2SPacket
[13:06:55] [Netty Client IO #2/DEBUG] (FabricLoader/Mixin) fabric-networking-api-v1.mixins.json:CustomPayloadC2SPacketMixin from mod fabric-networking-api-v1: Class version 65 required is higher than the class version supported by the current version of Mixin (JAVA_17 supports class version 61)
[13:06:55] [Netty Client IO #2/DEBUG] (FabricLoader/Mixin) Renaming synthetic method lambda$wrapCodec$0(Lnet/minecraft/network/PacketByteBuf;Lnet/minecraft/util/Identifier;)Lnet/minecraft/network/packet/CustomPayload$Type; to mdfed865$fabric-networking-api-v1$lambda$wrapCodec$0$0 in fabric-networking-api-v1.mixins.json:CustomPayloadC2SPacketMixin from mod fabric-networking-api-v1
[13:06:55] [Netty Client IO #2/DEBUG] (FabricLoader/Mixin) Mixing CustomPayloadPacketCodecMixin from fabric-networking-api-v1.mixins.json into net.minecraft.network.packet.CustomPayload$1
[13:06:55] [Netty Client IO #2/DEBUG] (FabricLoader/Mixin) fabric-networking-api-v1.mixins.json:CustomPayloadPacketCodecMixin from mod fabric-networking-api-v1: Class version 65 required is higher than the class version supported by the current version of Mixin (JAVA_17 supports class version 61)
[13:06:55] [Via Async Scheduler 0/DEBUG] (FabricLoader/Mixin) Mixing base.integration.MixinChunkTracker from viafabricplus.mixins.json into net.raphimc.viabedrock.protocol.storage.ChunkTracker
[13:06:55] [Netty Client IO #2/DEBUG] (FabricLoader/Mixin) Mixing SelectKnownPacksC2SPacketMixin from fabric-resource-loader-v0.mixins.json into net.minecraft.network.packet.c2s.config.SelectKnownPacksC2SPacket
[13:06:55] [Netty Client IO #2/DEBUG] (FabricLoader/Mixin) fabric-resource-loader-v0.mixins.json:SelectKnownPacksC2SPacketMixin from mod fabric-resource-loader-v0: Class version 65 required is higher than the class version supported by the current version of Mixin (JAVA_17 supports class version 61)
[13:06:55] [Netty Client IO #2/DEBUG] (FabricLoader/Mixin) Mixing CustomPayloadS2CPacketMixin from fabric-networking-api-v1.mixins.json into net.minecraft.network.packet.s2c.common.CustomPayloadS2CPacket
[13:06:55] [Netty Client IO #2/DEBUG] (FabricLoader/Mixin) fabric-networking-api-v1.mixins.json:CustomPayloadS2CPacketMixin from mod fabric-networking-api-v1: Class version 65 required is higher than the class version supported by the current version of Mixin (JAVA_17 supports class version 61)
[13:06:55] [Netty Client IO #2/DEBUG] (FabricLoader/Mixin) Renaming synthetic method lambda$wrapConfigCodec$1(Lnet/minecraft/network/PacketByteBuf;Lnet/minecraft/util/Identifier;)Lnet/minecraft/network/packet/CustomPayload$Type; to mdfed865$fabric-networking-api-v1$lambda$wrapConfigCodec$1$0 in fabric-networking-api-v1.mixins.json:CustomPayloadS2CPacketMixin from mod fabric-networking-api-v1
[13:06:55] [Netty Client IO #2/DEBUG] (FabricLoader/Mixin) Renaming synthetic method lambda$wrapPlayCodec$0(Lnet/minecraft/network/RegistryByteBuf;Lnet/minecraft/util/Identifier;)Lnet/minecraft/network/packet/CustomPayload$Type; to mdfed865$fabric-networking-api-v1$lambda$wrapPlayCodec$0$1 in fabric-networking-api-v1.mixins.json:CustomPayloadS2CPacketMixin from mod fabric-networking-api-v1
[13:06:55] [Netty Client IO #2/DEBUG] (FabricLoader/Mixin) Mixing SerializableRegistriesMixin from fabric-registry-sync-v0.mixins.json into net.minecraft.registry.SerializableRegistries
[13:06:55] [Netty Client IO #2/DEBUG] (FabricLoader/Mixin) fabric-registry-sync-v0.mixins.json:SerializableRegistriesMixin from mod fabric-registry-sync-v0: Class version 65 required is higher than the class version supported by the current version of Mixin (JAVA_17 supports class version 61)
[13:06:55] [Netty Client IO #2/DEBUG] (FabricLoader/Mixin) fabric-registry-sync-v0.mixins.json:SerializableRegistriesMixin from mod fabric-registry-sync-v0->@Inject::filterNonSyncedEntries(Lnet/minecraft/registry/DynamicRegistryManager$Entry;Lorg/spongepowered/asm/mixin/injection/callback/CallbackInfoReturnable;)V does use it's CallbackInfoReturnable
[13:06:55] [Netty Client IO #2/DEBUG] (FabricLoader/Mixin) fabric-registry-sync-v0.mixins.json:SerializableRegistriesMixin from mod fabric-registry-sync-v0->@Inject::filterNonSyncedEntriesAgain(Ljava/util/Set;Lnet/minecraft/registry/RegistryLoader$Entry;Lcom/mojang/serialization/DynamicOps;Ljava/util/function/BiConsumer;Lnet/minecraft/registry/Registry;Lorg/spongepowered/asm/mixin/injection/callback/CallbackInfo;)V does use it's CallbackInfo
[13:06:55] [Render thread/DEBUG] (FabricLoader/Mixin) Mixing ClientDataPackManagerMixin from fabric-resource-loader-v0.client.mixins.json into net.minecraft.client.resource.ClientDataPackManager
[13:06:55] [Render thread/DEBUG] (FabricLoader/Mixin) fabric-resource-loader-v0.client.mixins.json:ClientDataPackManagerMixin from mod fabric-resource-loader-v0: Class version 65 required is higher than the class version supported by the current version of Mixin (JAVA_17 supports class version 61)
[13:06:55] [Render thread/DEBUG] (net.fabricmc.fabric.impl.resource.loader.ModResourcePackUtil) [Fabric] Starting internal pack sorting with: []
[13:06:55] [Render thread/DEBUG] (net.fabricmc.fabric.impl.resource.loader.ModResourcePackUtil) [Fabric] Removed all internal packs, result: []
[13:06:55] [Render thread/DEBUG] (net.fabricmc.fabric.impl.resource.loader.ModResourcePackUtil) [Fabric] Final sorting result: []
[13:06:55] [Render thread/DEBUG] (net.fabricmc.fabric.impl.resource.loader.ModResourcePackUtil) [Fabric] Starting internal pack sorting with: []
[13:06:55] [Render thread/DEBUG] (net.fabricmc.fabric.impl.resource.loader.ModResourcePackUtil) [Fabric] Removed all internal packs, result: []
[13:06:55] [Render thread/DEBUG] (net.fabricmc.fabric.impl.resource.loader.ModResourcePackUtil) [Fabric] Final sorting result: []
[13:06:55] [Render thread/DEBUG] (FabricLoader/Mixin) Mixing ClientRegistriesDynamicRegistriesMixin from fabric-registry-sync-v0.client.mixins.json into net.minecraft.client.network.ClientRegistries$DynamicRegistries
[13:06:55] [Render thread/DEBUG] (FabricLoader/Mixin) fabric-registry-sync-v0.client.mixins.json:ClientRegistriesDynamicRegistriesMixin from mod fabric-registry-sync-v0: Class version 65 required is higher than the class version supported by the current version of Mixin (JAVA_17 supports class version 61)
[13:06:55] [Render thread/DEBUG] (FabricLoader/Mixin) Renaming synthetic method lambda$skipEmptyRegistries$0(Lnet/minecraft/registry/RegistryLoader$Entry;)Z to mdfed865$fabric-registry-sync-v0$lambda$skipEmptyRegistries$0$0 in fabric-registry-sync-v0.client.mixins.json:ClientRegistriesDynamicRegistriesMixin from mod fabric-registry-sync-v0
[13:06:55] [Render thread/DEBUG] (FabricLoader/Mixin) Mixing RegistryLoaderMixin from fabric-resource-conditions-api-v1.mixins.json into net.minecraft.registry.RegistryLoader
[13:06:55] [Render thread/DEBUG] (FabricLoader/Mixin) fabric-resource-conditions-api-v1.mixins.json:RegistryLoaderMixin from mod fabric-resource-conditions-api-v1: Class version 65 required is higher than the class version supported by the current version of Mixin (JAVA_17 supports class version 61)
[13:06:55] [Render thread/DEBUG] (FabricLoader/Mixin) Mixing RegistryLoaderMixin from fabric-registry-sync-v0.mixins.json into net.minecraft.registry.RegistryLoader
[13:06:55] [Render thread/DEBUG] (FabricLoader/Mixin) fabric-registry-sync-v0.mixins.json:RegistryLoaderMixin from mod fabric-registry-sync-v0: Class version 65 required is higher than the class version supported by the current version of Mixin (JAVA_17 supports class version 61)
[13:06:55] [Render thread/DEBUG] (FabricLoader/Mixin) Renaming synthetic method lambda$static$0()Ljava/lang/Boolean; to mdfed865$fabric-registry-sync-v0$lambda$static$0$0 in fabric-registry-sync-v0.mixins.json:RegistryLoaderMixin from mod fabric-registry-sync-v0
[13:06:55] [Render thread/DEBUG] (FabricLoader/Mixin) fabric-resource-conditions-api-v1.mixins.json:RegistryLoaderMixin from mod fabric-resource-conditions-api-v1->@Inject::checkResourceCondition(Lnet/minecraft/registry/MutableRegistry;Lcom/mojang/serialization/Decoder;Lnet/minecraft/registry/RegistryOps;Lnet/minecraft/registry/RegistryKey;Lnet/minecraft/resource/Resource;Lnet/minecraft/registry/entry/RegistryEntryInfo;Lorg/spongepowered/asm/mixin/injection/callback/CallbackInfo;)V does use it's CallbackInfo
[13:06:55] [Render thread/DEBUG] (FabricLoader/Mixin) fabric-registry-sync-v0.mixins.json:RegistryLoaderMixin from mod fabric-registry-sync-v0->@Inject::beforeLoad(Ljava/lang/Object;Lnet/minecraft/registry/DynamicRegistryManager;Ljava/util/List;Lorg/spongepowered/asm/mixin/injection/callback/CallbackInfoReturnable;)V doesn't use it's CallbackInfoReturnable
[13:06:55] [Render thread/DEBUG] (FabricLoader/Mixin) Mixing fixes.minecraft.network.MixinChatMessageC2SPacket from viafabricplus.mixins.json into net.minecraft.network.packet.c2s.play.ChatMessageC2SPacket
[13:06:55] [Render thread/DEBUG] (FabricLoader/Mixin) Mixing fixes.minecraft.network.MixinUpdatePlayerAbilitiesC2SPacket from viafabricplus.mixins.json into net.minecraft.network.packet.c2s.play.UpdatePlayerAbilitiesC2SPacket
[13:06:55] [Render thread/DEBUG] (FabricLoader/Mixin) viafabricplus.mixins.json:fixes.minecraft.network.MixinUpdatePlayerAbilitiesC2SPacket from mod viafabricplus->@Inject::capturePlayerAbilities(Lnet/minecraft/entity/player/PlayerAbilities;Lorg/spongepowered/asm/mixin/injection/callback/CallbackInfo;)V doesn't use it's CallbackInfo
[13:06:55] [Render thread/DEBUG] (FabricLoader/Mixin) viafabricplus.mixins.json:fixes.minecraft.network.MixinUpdatePlayerAbilitiesC2SPacket from mod viafabricplus->@Inject::capturePlayerAbilities(Lnet/minecraft/entity/player/PlayerAbilities;Lorg/spongepowered/asm/mixin/injection/callback/CallbackInfo;)V has 0 override(s) in child classes
[13:06:55] [Render thread/DEBUG] (FabricLoader/Mixin) viafabricplus.mixins.json:fixes.minecraft.network.MixinUpdatePlayerAbilitiesC2SPacket from mod viafabricplus->@Inject::capturePlayerAbilities(Lnet/minecraft/entity/player/PlayerAbilities;Lorg/spongepowered/asm/mixin/injection/callback/CallbackInfo;)V won't be passed a CallbackInfo as a result
[13:06:55] [Render thread/DEBUG] (FabricLoader/Mixin) Mixing fixes.minecraft.entity.MixinOtherClientPlayerEntity from viafabricplus.mixins.json into net.minecraft.client.network.OtherClientPlayerEntity
[13:06:55] [Render thread/DEBUG] (FabricLoader/Mixin) viafabricplus.mixins.json:fixes.minecraft.entity.MixinOtherClientPlayerEntity from mod viafabricplus->@Inject::onUpdatePose(Lorg/spongepowered/asm/mixin/injection/callback/CallbackInfo;)V doesn't use it's CallbackInfo
[13:06:55] [Render thread/DEBUG] (FabricLoader/Mixin) viafabricplus.mixins.json:fixes.minecraft.entity.MixinOtherClientPlayerEntity from mod viafabricplus->@Inject::onUpdatePose(Lorg/spongepowered/asm/mixin/injection/callback/CallbackInfo;)V has 0 override(s) in child classes
[13:06:55] [Render thread/DEBUG] (FabricLoader/Mixin) viafabricplus.mixins.json:fixes.minecraft.entity.MixinOtherClientPlayerEntity from mod viafabricplus->@Inject::onUpdatePose(Lorg/spongepowered/asm/mixin/injection/callback/CallbackInfo;)V won't be passed a CallbackInfo as a result
[13:06:55] [Render thread/DEBUG] (FabricLoader/Mixin) Mixing fixes.minecraft.MixinKeyboardInput from viafabricplus.mixins.json into net.minecraft.client.input.KeyboardInput
[13:06:55] [Render thread/DEBUG] (FabricLoader/Mixin) Mixing ClientCommandSourceMixin from fabric-command-api-v2.client.mixins.json into net.minecraft.client.network.ClientCommandSource
[13:06:55] [Render thread/DEBUG] (FabricLoader/Mixin) fabric-command-api-v2.client.mixins.json:ClientCommandSourceMixin from mod fabric-command-api-v2: Class version 65 required is higher than the class version supported by the current version of Mixin (JAVA_17 supports class version 61)
[13:06:55] [Render thread/DEBUG] (FabricLoader/Mixin) Mixing fixes.minecraft.MixinClientCommandSource from viafabricplus.mixins.json into net.minecraft.client.network.ClientCommandSource
[13:06:55] [Render thread/DEBUG] (FabricLoader/Mixin) viafabricplus.mixins.json:fixes.minecraft.MixinClientCommandSource from mod viafabricplus->@Inject::returnChatSuggestions(Lorg/spongepowered/asm/mixin/injection/callback/CallbackInfoReturnable;)V does use it's CallbackInfoReturnable
[13:06:55] [Render thread/DEBUG] (FabricLoader/Mixin) viafabricplus.mixins.json:fixes.minecraft.MixinClientCommandSource from mod viafabricplus->@Inject::returnChatSuggestions(Lorg/spongepowered/asm/mixin/injection/callback/CallbackInfoReturnable;)V does use it's CallbackInfoReturnable
[13:06:55] [Render thread/DEBUG] (FabricLoader/Mixin) Mixing RecipeManagerMixin from fabric-resource-conditions-api-v1.mixins.json into net.minecraft.recipe.RecipeManager
[13:06:55] [Render thread/DEBUG] (FabricLoader/Mixin) fabric-resource-conditions-api-v1.mixins.json:RecipeManagerMixin from mod fabric-resource-conditions-api-v1: Class version 65 required is higher than the class version supported by the current version of Mixin (JAVA_17 supports class version 61)
[13:06:55] [Render thread/DEBUG] (FabricLoader/Mixin) Mixing KeyedResourceReloadListenerMixin from fabric-resource-loader-v0.mixins.json into net.minecraft.recipe.RecipeManager
[13:06:55] [Render thread/DEBUG] (FabricLoader/Mixin) fabric-resource-loader-v0.mixins.json:KeyedResourceReloadListenerMixin from mod fabric-resource-loader-v0: Class version 65 required is higher than the class version supported by the current version of Mixin (JAVA_17 supports class version 61)
[13:06:55] [Render thread/DEBUG] (FabricLoader/Mixin) Mixing JsonDataLoaderMixin from fabric-resource-conditions-api-v1.mixins.json into net.minecraft.resource.JsonDataLoader
[13:06:55] [Render thread/DEBUG] (FabricLoader/Mixin) fabric-resource-conditions-api-v1.mixins.json:JsonDataLoaderMixin from mod fabric-resource-conditions-api-v1: Class version 65 required is higher than the class version supported by the current version of Mixin (JAVA_17 supports class version 61)
[13:06:55] [Render thread/DEBUG] (FabricLoader/Mixin) Mixing JsonDataLoaderMixin from fabric-loot-api-v3.mixins.json into net.minecraft.resource.JsonDataLoader
[13:06:55] [Render thread/DEBUG] (FabricLoader/Mixin) fabric-loot-api-v3.mixins.json:JsonDataLoaderMixin from mod fabric-loot-api-v3: Class version 65 required is higher than the class version supported by the current version of Mixin (JAVA_17 supports class version 61)
[13:06:55] [Render thread/DEBUG] (FabricLoader/Mixin) fabric-loot-api-v3.mixins.json:JsonDataLoaderMixin from mod fabric-loot-api-v3->@Inject::fillSourceMap(Lnet/minecraft/resource/ResourceManager;Ljava/lang/String;Lcom/google/gson/Gson;Ljava/util/Map;Lorg/spongepowered/asm/mixin/injection/callback/CallbackInfo;)V doesn't use it's CallbackInfo
[13:06:55] [Render thread/DEBUG] (FabricLoader/Mixin) Mixing BrewingRecipeRegistryBuilderMixin from fabric-content-registries-v0.mixins.json into net.minecraft.recipe.BrewingRecipeRegistry$Builder
[13:06:55] [Render thread/DEBUG] (FabricLoader/Mixin) fabric-content-registries-v0.mixins.json:BrewingRecipeRegistryBuilderMixin from mod fabric-content-registries-v0: Class version 65 required is higher than the class version supported by the current version of Mixin (JAVA_17 supports class version 61)
[13:06:55] [Render thread/DEBUG] (FabricLoader/Mixin) fabric-content-registries-v0.mixins.json:BrewingRecipeRegistryBuilderMixin from mod fabric-content-registries-v0->@Inject::build(Lorg/spongepowered/asm/mixin/injection/callback/CallbackInfoReturnable;)V doesn't use it's CallbackInfoReturnable
[13:06:55] [Render thread/DEBUG] (FabricLoader/Mixin) fabric-content-registries-v0.mixins.json:BrewingRecipeRegistryBuilderMixin from mod fabric-content-registries-v0->@Inject::build(Lorg/spongepowered/asm/mixin/injection/callback/CallbackInfoReturnable;)V has 0 override(s) in child classes
[13:06:55] [Render thread/DEBUG] (FabricLoader/Mixin) fabric-content-registries-v0.mixins.json:BrewingRecipeRegistryBuilderMixin from mod fabric-content-registries-v0->@Inject::build(Lorg/spongepowered/asm/mixin/injection/callback/CallbackInfoReturnable;)V won't be passed a CallbackInfoReturnable as a result
[13:06:55] [Netty Client IO #2/DEBUG] (ClientPlayNetworkAddon for Player477) Handling inbound packet from channel with name "minecraft:brand"
[13:06:55] [Render thread/DEBUG] (FabricLoader/Mixin) Mixing ClientPlayerInteractionManagerMixin from fabric-events-interaction-v0.client.mixins.json into net.minecraft.client.network.ClientPlayerInteractionManager
[13:06:55] [Render thread/DEBUG] (FabricLoader/Mixin) fabric-events-interaction-v0.client.mixins.json:ClientPlayerInteractionManagerMixin from mod fabric-events-interaction-v0: Class version 65 required is higher than the class version supported by the current version of Mixin (JAVA_17 supports class version 61)
[13:06:55] [Render thread/DEBUG] (FabricLoader/Mixin) Renaming synthetic method lambda$interactItem$2(Lnet/minecraft/util/Hand;Lnet/minecraft/entity/player/PlayerEntity;I)Lnet/minecraft/network/packet/Packet; to mdfed865$fabric-events-interaction-v0$lambda$interactItem$2$0 in fabric-events-interaction-v0.client.mixins.json:ClientPlayerInteractionManagerMixin from mod fabric-events-interaction-v0
[13:06:55] [Render thread/DEBUG] (FabricLoader/Mixin) Renaming synthetic method lambda$interactBlock$1(Lnet/minecraft/util/Hand;Lnet/minecraft/util/hit/BlockHitResult;I)Lnet/minecraft/network/packet/Packet; to mdfed865$fabric-events-interaction-v0$lambda$interactBlock$1$1 in fabric-events-interaction-v0.client.mixins.json:ClientPlayerInteractionManagerMixin from mod fabric-events-interaction-v0
[13:06:55] [Render thread/DEBUG] (FabricLoader/Mixin) Renaming synthetic method lambda$fabric_fireAttackBlockCallback$0(Lnet/minecraft/util/math/BlockPos;Lnet/minecraft/util/math/Direction;I)Lnet/minecraft/network/packet/Packet; to mdfed865$fabric-events-interaction-v0$lambda$fabric_fireAttackBlockCallback$0$2 in fabric-events-interaction-v0.client.mixins.json:ClientPlayerInteractionManagerMixin from mod fabric-events-interaction-v0
[13:06:55] [Render thread/DEBUG] (FabricLoader/Mixin) Mixing ClientPlayerInteractionManagerMixin from fabric-item-api-v1.client.mixins.json into net.minecraft.client.network.ClientPlayerInteractionManager
[13:06:55] [Render thread/DEBUG] (FabricLoader/Mixin) fabric-item-api-v1.client.mixins.json:ClientPlayerInteractionManagerMixin from mod fabric-item-api-v1: Class version 65 required is higher than the class version supported by the current version of Mixin (JAVA_17 supports class version 61)
[13:06:55] [Render thread/DEBUG] (FabricLoader/Mixin) Mixing fixes.minecraft.network.MixinClientPlayerInteractionManager from viafabricplus.mixins.json into net.minecraft.client.network.ClientPlayerInteractionManager
[13:06:55] [Render thread/DEBUG] (FabricLoader/Mixin) fabric-events-interaction-v0.client.mixins.json:ClientPlayerInteractionManagerMixin from mod fabric-events-interaction-v0->@Inject::attackBlock(Lnet/minecraft/util/math/BlockPos;Lnet/minecraft/util/math/Direction;Lorg/spongepowered/asm/mixin/injection/callback/CallbackInfoReturnable;)V does use it's CallbackInfoReturnable
[13:06:55] [Render thread/DEBUG] (FabricLoader/Mixin) fabric-events-interaction-v0.client.mixins.json:ClientPlayerInteractionManagerMixin from mod fabric-events-interaction-v0->@Inject::method_2902(Lnet/minecraft/util/math/BlockPos;Lnet/minecraft/util/math/Direction;Lorg/spongepowered/asm/mixin/injection/callback/CallbackInfoReturnable;)V does use it's CallbackInfoReturnable
[13:06:55] [Render thread/DEBUG] (FabricLoader/Mixin) fabric-events-interaction-v0.client.mixins.json:ClientPlayerInteractionManagerMixin from mod fabric-events-interaction-v0->@Inject::fabric$onBlockBroken(Lnet/minecraft/util/math/BlockPos;Lorg/spongepowered/asm/mixin/injection/callback/CallbackInfoReturnable;Lnet/minecraft/world/World;Lnet/minecraft/block/BlockState;)V doesn't use it's CallbackInfoReturnable
[13:06:55] [Render thread/DEBUG] (FabricLoader/Mixin) fabric-events-interaction-v0.client.mixins.json:ClientPlayerInteractionManagerMixin from mod fabric-events-interaction-v0->@Inject::fabric$onBlockBroken(Lnet/minecraft/util/math/BlockPos;Lorg/spongepowered/asm/mixin/injection/callback/CallbackInfoReturnable;Lnet/minecraft/world/World;Lnet/minecraft/block/BlockState;)V has 0 override(s) in child classes
[13:06:55] [Render thread/DEBUG] (FabricLoader/Mixin) fabric-events-interaction-v0.client.mixins.json:ClientPlayerInteractionManagerMixin from mod fabric-events-interaction-v0->@Inject::fabric$onBlockBroken(Lnet/minecraft/util/math/BlockPos;Lorg/spongepowered/asm/mixin/injection/callback/CallbackInfoReturnable;Lnet/minecraft/world/World;Lnet/minecraft/block/BlockState;)V won't be passed a CallbackInfoReturnable as a result
[13:06:55] [Render thread/DEBUG] (FabricLoader/Mixin) fabric-events-interaction-v0.client.mixins.json:ClientPlayerInteractionManagerMixin from mod fabric-events-interaction-v0->@Inject::interactBlock(Lnet/minecraft/client/network/ClientPlayerEntity;Lnet/minecraft/util/Hand;Lnet/minecraft/util/hit/BlockHitResult;Lorg/spongepowered/asm/mixin/injection/callback/CallbackInfoReturnable;)V does use it's CallbackInfoReturnable
[13:06:55] [Render thread/DEBUG] (FabricLoader/Mixin) fabric-events-interaction-v0.client.mixins.json:ClientPlayerInteractionManagerMixin from mod fabric-events-interaction-v0->@Inject::interactItem(Lnet/minecraft/entity/player/PlayerEntity;Lnet/minecraft/util/Hand;Lorg/spongepowered/asm/mixin/injection/callback/CallbackInfoReturnable;)V does use it's CallbackInfoReturnable
[13:06:55] [Render thread/DEBUG] (FabricLoader/Mixin) fabric-events-interaction-v0.client.mixins.json:ClientPlayerInteractionManagerMixin from mod fabric-events-interaction-v0->@Inject::attackEntity(Lnet/minecraft/entity/player/PlayerEntity;Lnet/minecraft/entity/Entity;Lorg/spongepowered/asm/mixin/injection/callback/CallbackInfo;)V does use it's CallbackInfo
[13:06:55] [Render thread/DEBUG] (FabricLoader/Mixin) viafabricplus.mixins.json:fixes.minecraft.network.MixinClientPlayerInteractionManager from mod viafabricplus->@Inject::sendPlayerPosPacket(Lnet/minecraft/entity/player/PlayerEntity;Lnet/minecraft/util/Hand;Lorg/spongepowered/asm/mixin/injection/callback/CallbackInfoReturnable;)V doesn't use it's CallbackInfoReturnable
[13:06:55] [Render thread/DEBUG] (FabricLoader/Mixin) viafabricplus.mixins.json:fixes.minecraft.network.MixinClientPlayerInteractionManager from mod viafabricplus->@Inject::sendPlayerPosPacket(Lnet/minecraft/entity/player/PlayerEntity;Lnet/minecraft/util/Hand;Lorg/spongepowered/asm/mixin/injection/callback/CallbackInfoReturnable;)V has 0 override(s) in child classes
[13:06:55] [Render thread/DEBUG] (FabricLoader/Mixin) viafabricplus.mixins.json:fixes.minecraft.network.MixinClientPlayerInteractionManager from mod viafabricplus->@Inject::sendPlayerPosPacket(Lnet/minecraft/entity/player/PlayerEntity;Lnet/minecraft/util/Hand;Lorg/spongepowered/asm/mixin/injection/callback/CallbackInfoReturnable;)V won't be passed a CallbackInfoReturnable as a result
[13:06:55] [Render thread/DEBUG] (FabricLoader/Mixin) viafabricplus.mixins.json:fixes.minecraft.network.MixinClientPlayerInteractionManager from mod viafabricplus->@Inject::changeCalculation(Lorg/spongepowered/asm/mixin/injection/callback/CallbackInfoReturnable;)V does use it's CallbackInfoReturnable
[13:06:55] [Render thread/DEBUG] (FabricLoader/Mixin) viafabricplus.mixins.json:fixes.minecraft.network.MixinClientPlayerInteractionManager from mod viafabricplus->@Inject::trackPlayerAction(Lnet/minecraft/client/world/ClientWorld;Lnet/minecraft/client/network/SequencedPacketCreator;Lorg/spongepowered/asm/mixin/injection/callback/CallbackInfo;)V doesn't use it's CallbackInfo
[13:06:55] [Render thread/DEBUG] (FabricLoader/Mixin) viafabricplus.mixins.json:fixes.minecraft.network.MixinClientPlayerInteractionManager from mod viafabricplus->@Inject::trackPlayerAction(Lnet/minecraft/client/world/ClientWorld;Lnet/minecraft/client/network/SequencedPacketCreator;Lorg/spongepowered/asm/mixin/injection/callback/CallbackInfo;)V has 0 override(s) in child classes
[13:06:55] [Render thread/DEBUG] (FabricLoader/Mixin) viafabricplus.mixins.json:fixes.minecraft.network.MixinClientPlayerInteractionManager from mod viafabricplus->@Inject::trackPlayerAction(Lnet/minecraft/client/world/ClientWorld;Lnet/minecraft/client/network/SequencedPacketCreator;Lorg/spongepowered/asm/mixin/injection/callback/CallbackInfo;)V won't be passed a CallbackInfo as a result
[13:06:55] [Render thread/DEBUG] (FabricLoader/Mixin) viafabricplus.mixins.json:fixes.minecraft.network.MixinClientPlayerInteractionManager from mod viafabricplus->@Inject::resetBlockBreaking(Lnet/minecraft/util/math/BlockPos;Lorg/spongepowered/asm/mixin/injection/callback/CallbackInfoReturnable;)V doesn't use it's CallbackInfoReturnable
[13:06:55] [Render thread/DEBUG] (FabricLoader/Mixin) viafabricplus.mixins.json:fixes.minecraft.network.MixinClientPlayerInteractionManager from mod viafabricplus->@Inject::resetBlockBreaking(Lnet/minecraft/util/math/BlockPos;Lorg/spongepowered/asm/mixin/injection/callback/CallbackInfoReturnable;)V has 0 override(s) in child classes
[13:06:55] [Render thread/DEBUG] (FabricLoader/Mixin) viafabricplus.mixins.json:fixes.minecraft.network.MixinClientPlayerInteractionManager from mod viafabricplus->@Inject::resetBlockBreaking(Lnet/minecraft/util/math/BlockPos;Lorg/spongepowered/asm/mixin/injection/callback/CallbackInfoReturnable;)V won't be passed a CallbackInfoReturnable as a result
[13:06:55] [Render thread/DEBUG] (FabricLoader/Mixin) viafabricplus.mixins.json:fixes.minecraft.network.MixinClientPlayerInteractionManager from mod viafabricplus->@Inject::interactBlock1_12_2(Lnet/minecraft/client/network/ClientPlayerEntity;Lnet/minecraft/util/Hand;Lnet/minecraft/util/hit/BlockHitResult;Lorg/spongepowered/asm/mixin/injection/callback/CallbackInfoReturnable;)V doesn't use it's CallbackInfoReturnable
[13:06:55] [Render thread/DEBUG] (FabricLoader/Mixin) viafabricplus.mixins.json:fixes.minecraft.network.MixinClientPlayerInteractionManager from mod viafabricplus->@Inject::interactBlock1_12_2(Lnet/minecraft/client/network/ClientPlayerEntity;Lnet/minecraft/util/Hand;Lnet/minecraft/util/hit/BlockHitResult;Lorg/spongepowered/asm/mixin/injection/callback/CallbackInfoReturnable;)V has 0 override(s) in child classes
[13:06:55] [Render thread/DEBUG] (FabricLoader/Mixin) viafabricplus.mixins.json:fixes.minecraft.network.MixinClientPlayerInteractionManager from mod viafabricplus->@Inject::interactBlock1_12_2(Lnet/minecraft/client/network/ClientPlayerEntity;Lnet/minecraft/util/Hand;Lnet/minecraft/util/hit/BlockHitResult;Lorg/spongepowered/asm/mixin/injection/callback/CallbackInfoReturnable;)V won't be passed a CallbackInfoReturnable as a result
[13:06:55] [Render thread/DEBUG] (FabricLoader/Mixin) viafabricplus.mixins.json:fixes.minecraft.network.MixinClientPlayerInteractionManager from mod viafabricplus->@Inject::trackLastUsedItem(Lnet/minecraft/util/Hand;Lnet/minecraft/entity/player/PlayerEntity;Lorg/apache/commons/lang3/mutable/MutableObject;ILorg/spongepowered/asm/mixin/injection/callback/CallbackInfoReturnable;)V doesn't use it's CallbackInfoReturnable
[13:06:55] [Render thread/DEBUG] (FabricLoader/Mixin) viafabricplus.mixins.json:fixes.minecraft.network.MixinClientPlayerInteractionManager from mod viafabricplus->@Inject::trackLastUsedItem(Lnet/minecraft/util/Hand;Lnet/minecraft/entity/player/PlayerEntity;Lorg/apache/commons/lang3/mutable/MutableObject;ILorg/spongepowered/asm/mixin/injection/callback/CallbackInfoReturnable;)V has 0 override(s) in child classes
[13:06:55] [Render thread/DEBUG] (FabricLoader/Mixin) viafabricplus.mixins.json:fixes.minecraft.network.MixinClientPlayerInteractionManager from mod viafabricplus->@Inject::trackLastUsedItem(Lnet/minecraft/util/Hand;Lnet/minecraft/entity/player/PlayerEntity;Lorg/apache/commons/lang3/mutable/MutableObject;ILorg/spongepowered/asm/mixin/injection/callback/CallbackInfoReturnable;)V won't be passed a CallbackInfoReturnable as a result
[13:06:55] [Render thread/DEBUG] (FabricLoader/Mixin) viafabricplus.mixins.json:fixes.minecraft.network.MixinClientPlayerInteractionManager from mod viafabricplus->@Inject::cancelOffHandItemInteract(Lnet/minecraft/entity/player/PlayerEntity;Lnet/minecraft/util/Hand;Lorg/spongepowered/asm/mixin/injection/callback/CallbackInfoReturnable;)V does use it's CallbackInfoReturnable
[13:06:55] [Render thread/DEBUG] (FabricLoader/Mixin) viafabricplus.mixins.json:fixes.minecraft.network.MixinClientPlayerInteractionManager from mod viafabricplus->@Inject::cancelOffHandBlockPlace(Lnet/minecraft/client/network/ClientPlayerEntity;Lnet/minecraft/util/Hand;Lnet/minecraft/util/hit/BlockHitResult;Lorg/spongepowered/asm/mixin/injection/callback/CallbackInfoReturnable;)V does use it's CallbackInfoReturnable
[13:06:55] [Render thread/DEBUG] (FabricLoader/Mixin) viafabricplus.mixins.json:fixes.minecraft.network.MixinClientPlayerInteractionManager from mod viafabricplus->@Inject::removeClickActions(IIILnet/minecraft/screen/slot/SlotActionType;Lnet/minecraft/entity/player/PlayerEntity;Lorg/spongepowered/asm/mixin/injection/callback/CallbackInfo;)V does use it's CallbackInfo
[13:06:55] [Render thread/DEBUG] (FabricLoader/Mixin) viafabricplus.mixins.json:fixes.minecraft.network.MixinClientPlayerInteractionManager from mod viafabricplus->@Inject::removeExperienceBar(Lorg/spongepowered/asm/mixin/injection/callback/CallbackInfoReturnable;)V does use it's CallbackInfoReturnable
[13:06:55] [Render thread/DEBUG] (FabricLoader/Mixin) Mixing GameRulesAccessor from fabric-game-rule-api-v1.mixins.json into net.minecraft.world.GameRules
[13:06:55] [Render thread/DEBUG] (FabricLoader/Mixin) fabric-game-rule-api-v1.mixins.json:GameRulesAccessor from mod fabric-game-rule-api-v1: Class version 65 required is higher than the class version supported by the current version of Mixin (JAVA_17 supports class version 61)
[13:06:55] [Render thread/DEBUG] (FabricLoader/Mixin) Renaming @Invoker method callRegister(Ljava/lang/String;Lnet/minecraft/world/GameRules$Category;Lnet/minecraft/world/GameRules$Type;)Lnet/minecraft/world/GameRules$Key; to callRegister$fabric-game-rule-api-v1_$md$fed865$0 in fabric-game-rule-api-v1.mixins.json:GameRulesAccessor from mod fabric-game-rule-api-v1
[13:06:55] [Render thread/DEBUG] (FabricLoader/Mixin) Renaming @Accessor method getRuleTypes()Ljava/util/Map; to getRuleTypes$fabric-game-rule-api-v1_$md$fed865$1 in fabric-game-rule-api-v1.mixins.json:GameRulesAccessor from mod fabric-game-rule-api-v1
[13:06:55] [Render thread/DEBUG] (FabricLoader/Mixin) Mixing GameRulesKeyMixin from fabric-game-rule-api-v1.mixins.json into net.minecraft.world.GameRules$Key
[13:06:55] [Render thread/DEBUG] (FabricLoader/Mixin) fabric-game-rule-api-v1.mixins.json:GameRulesKeyMixin from mod fabric-game-rule-api-v1: Class version 65 required is higher than the class version supported by the current version of Mixin (JAVA_17 supports class version 61)
[13:06:55] [Render thread/DEBUG] (FabricLoader/Mixin) Mixing GameRulesBooleanRuleAccessor from fabric-game-rule-api-v1.mixins.json into net.minecraft.world.GameRules$BooleanRule
[13:06:55] [Render thread/DEBUG] (FabricLoader/Mixin) fabric-game-rule-api-v1.mixins.json:GameRulesBooleanRuleAccessor from mod fabric-game-rule-api-v1: Class version 65 required is higher than the class version supported by the current version of Mixin (JAVA_17 supports class version 61)
[13:06:55] [Render thread/DEBUG] (FabricLoader/Mixin) Renaming @Invoker method invokeCreate(ZLjava/util/function/BiConsumer;)Lnet/minecraft/world/GameRules$Type; to invokeCreate$fabric-game-rule-api-v1_$md$fed865$0 in fabric-game-rule-api-v1.mixins.json:GameRulesBooleanRuleAccessor from mod fabric-game-rule-api-v1
[13:06:55] [Render thread/DEBUG] (FabricLoader/Mixin) Mixing GameRulesIntRuleAccessor from fabric-game-rule-api-v1.mixins.json into net.minecraft.world.GameRules$IntRule
[13:06:55] [Render thread/DEBUG] (FabricLoader/Mixin) fabric-game-rule-api-v1.mixins.json:GameRulesIntRuleAccessor from mod fabric-game-rule-api-v1: Class version 65 required is higher than the class version supported by the current version of Mixin (JAVA_17 supports class version 61)
[13:06:55] [Render thread/DEBUG] (FabricLoader/Mixin) Mixing ClientChunkManagerMixin from fabric-lifecycle-events-v1.client.mixins.json into net.minecraft.client.world.ClientChunkManager
[13:06:55] [Render thread/DEBUG] (FabricLoader/Mixin) fabric-lifecycle-events-v1.client.mixins.json:ClientChunkManagerMixin from mod fabric-lifecycle-events-v1: Class version 65 required is higher than the class version supported by the current version of Mixin (JAVA_17 supports class version 61)
[13:06:55] [Render thread/DEBUG] (FabricLoader/Mixin) fabric-lifecycle-events-v1.client.mixins.json:ClientChunkManagerMixin from mod fabric-lifecycle-events-v1->@Inject::onChunkLoad(IILnet/minecraft/network/PacketByteBuf;Lnet/minecraft/nbt/NbtCompound;Ljava/util/function/Consumer;Lorg/spongepowered/asm/mixin/injection/callback/CallbackInfoReturnable;)V does use it's CallbackInfoReturnable
[13:06:55] [Render thread/DEBUG] (FabricLoader/Mixin) fabric-lifecycle-events-v1.client.mixins.json:ClientChunkManagerMixin from mod fabric-lifecycle-events-v1->@Inject::onChunkUnload(IILnet/minecraft/network/PacketByteBuf;Lnet/minecraft/nbt/NbtCompound;Ljava/util/function/Consumer;Lorg/spongepowered/asm/mixin/injection/callback/CallbackInfoReturnable;ILnet/minecraft/world/chunk/WorldChunk;Lnet/minecraft/util/math/ChunkPos;)V doesn't use it's CallbackInfoReturnable
[13:06:55] [Render thread/DEBUG] (FabricLoader/Mixin) fabric-lifecycle-events-v1.client.mixins.json:ClientChunkManagerMixin from mod fabric-lifecycle-events-v1->@Inject::onChunkUnload(IILnet/minecraft/network/PacketByteBuf;Lnet/minecraft/nbt/NbtCompound;Ljava/util/function/Consumer;Lorg/spongepowered/asm/mixin/injection/callback/CallbackInfoReturnable;ILnet/minecraft/world/chunk/WorldChunk;Lnet/minecraft/util/math/ChunkPos;)V has 0 override(s) in child classes
[13:06:55] [Render thread/DEBUG] (FabricLoader/Mixin) fabric-lifecycle-events-v1.client.mixins.json:ClientChunkManagerMixin from mod fabric-lifecycle-events-v1->@Inject::onChunkUnload(IILnet/minecraft/network/PacketByteBuf;Lnet/minecraft/nbt/NbtCompound;Ljava/util/function/Consumer;Lorg/spongepowered/asm/mixin/injection/callback/CallbackInfoReturnable;ILnet/minecraft/world/chunk/WorldChunk;Lnet/minecraft/util/math/ChunkPos;)V won't be passed a CallbackInfoReturnable as a result
[13:06:55] [Render thread/DEBUG] (FabricLoader/Mixin) fabric-lifecycle-events-v1.client.mixins.json:ClientChunkManagerMixin from mod fabric-lifecycle-events-v1->@Inject::onChunkUnload(Lnet/minecraft/util/math/ChunkPos;Lorg/spongepowered/asm/mixin/injection/callback/CallbackInfo;ILnet/minecraft/world/chunk/WorldChunk;)V doesn't use it's CallbackInfo
[13:06:55] [Render thread/DEBUG] (FabricLoader/Mixin) fabric-lifecycle-events-v1.client.mixins.json:ClientChunkManagerMixin from mod fabric-lifecycle-events-v1->@Inject::onChunkUnload(Lnet/minecraft/util/math/ChunkPos;Lorg/spongepowered/asm/mixin/injection/callback/CallbackInfo;ILnet/minecraft/world/chunk/WorldChunk;)V has 0 override(s) in child classes
[13:06:55] [Render thread/DEBUG] (FabricLoader/Mixin) fabric-lifecycle-events-v1.client.mixins.json:ClientChunkManagerMixin from mod fabric-lifecycle-events-v1->@Inject::onChunkUnload(Lnet/minecraft/util/math/ChunkPos;Lorg/spongepowered/asm/mixin/injection/callback/CallbackInfo;ILnet/minecraft/world/chunk/WorldChunk;)V won't be passed a CallbackInfo as a result
[13:06:55] [Render thread/DEBUG] (FabricLoader/Mixin) fabric-lifecycle-events-v1.client.mixins.json:ClientChunkManagerMixin from mod fabric-lifecycle-events-v1->@Inject::onUpdateLoadDistance(ILorg/spongepowered/asm/mixin/injection/callback/CallbackInfo;IILnet/minecraft/client/world/ClientChunkManager$ClientChunkMap;ILnet/minecraft/world/chunk/WorldChunk;Lnet/minecraft/util/math/ChunkPos;)V doesn't use it's CallbackInfo
[13:06:55] [Render thread/DEBUG] (FabricLoader/Mixin) fabric-lifecycle-events-v1.client.mixins.json:ClientChunkManagerMixin from mod fabric-lifecycle-events-v1->@Inject::onUpdateLoadDistance(ILorg/spongepowered/asm/mixin/injection/callback/CallbackInfo;IILnet/minecraft/client/world/ClientChunkManager$ClientChunkMap;ILnet/minecraft/world/chunk/WorldChunk;Lnet/minecraft/util/math/ChunkPos;)V has 0 override(s) in child classes
[13:06:55] [Render thread/DEBUG] (FabricLoader/Mixin) fabric-lifecycle-events-v1.client.mixins.json:ClientChunkManagerMixin from mod fabric-lifecycle-events-v1->@Inject::onUpdateLoadDistance(ILorg/spongepowered/asm/mixin/injection/callback/CallbackInfo;IILnet/minecraft/client/world/ClientChunkManager$ClientChunkMap;ILnet/minecraft/world/chunk/WorldChunk;Lnet/minecraft/util/math/ChunkPos;)V won't be passed a CallbackInfo as a result
[13:06:56] [Render thread/DEBUG] (FabricLoader/Mixin) Mixing ClientWorldClientEntityHandlerMixin from fabric-lifecycle-events-v1.client.mixins.json into net.minecraft.client.world.ClientWorld$ClientEntityHandler
[13:06:56] [Render thread/DEBUG] (FabricLoader/Mixin) fabric-lifecycle-events-v1.client.mixins.json:ClientWorldClientEntityHandlerMixin from mod fabric-lifecycle-events-v1: Class version 65 required is higher than the class version supported by the current version of Mixin (JAVA_17 supports class version 61)
[13:06:56] [Render thread/DEBUG] (FabricLoader/Mixin) fabric-lifecycle-events-v1.client.mixins.json:ClientWorldClientEntityHandlerMixin from mod fabric-lifecycle-events-v1->@Inject::invokeLoadEntity(Lnet/minecraft/entity/Entity;Lorg/spongepowered/asm/mixin/injection/callback/CallbackInfo;)V doesn't use it's CallbackInfo
[13:06:56] [Render thread/DEBUG] (FabricLoader/Mixin) fabric-lifecycle-events-v1.client.mixins.json:ClientWorldClientEntityHandlerMixin from mod fabric-lifecycle-events-v1->@Inject::invokeUnloadEntity(Lnet/minecraft/entity/Entity;Lorg/spongepowered/asm/mixin/injection/callback/CallbackInfo;)V doesn't use it's CallbackInfo
[13:06:56] [Render thread/DEBUG] (FabricLoader/Mixin) Mixing fixes.minecraft.entity.MixinEntityIndex from viafabricplus.mixins.json into net.minecraft.world.entity.EntityIndex
[13:06:56] [Render thread/DEBUG] (FabricLoader/Mixin) viafabricplus.mixins.json:fixes.minecraft.entity.MixinEntityIndex from mod viafabricplus->@Inject::returnRealSize(Lorg/spongepowered/asm/mixin/injection/callback/CallbackInfoReturnable;)V does use it's CallbackInfoReturnable
[13:06:56] [Render thread/DEBUG] (FabricLoader/Mixin) Mixing ChunkSectionMixin from fabric-block-api-v1.mixins.json into net.minecraft.world.chunk.ChunkSection
[13:06:56] [Render thread/DEBUG] (FabricLoader/Mixin) fabric-block-api-v1.mixins.json:ChunkSectionMixin from mod fabric-block-api-v1: Class version 65 required is higher than the class version supported by the current version of Mixin (JAVA_17 supports class version 61)
[13:06:56] [Render thread/DEBUG] (FabricLoader/Mixin) Mixing DimensionEffectsAccessor from fabric-rendering-v1.mixins.json into net.minecraft.client.render.DimensionEffects
[13:06:56] [Render thread/DEBUG] (FabricLoader/Mixin) fabric-rendering-v1.mixins.json:DimensionEffectsAccessor from mod fabric-rendering-v1: Class version 65 required is higher than the class version supported by the current version of Mixin (JAVA_17 supports class version 61)
[13:06:56] [Render thread/DEBUG] (FabricLoader/Mixin) Renaming @Accessor method getIdentifierMap()Lit/unimi/dsi/fastutil/objects/Object2ObjectMap; to getIdentifierMap$fabric-rendering-v1_$md$fed865$0 in fabric-rendering-v1.mixins.json:DimensionEffectsAccessor from mod fabric-rendering-v1
[13:06:56] [Via Async Scheduler 0/DEBUG] (FabricLoader/Mixin) Mixing vialegacy.MixinExtensionProtocolMetadataStorage from viafabricplus.mixins.json into net.raphimc.vialegacy.protocol.classic.c0_30cpetoc0_28_30.storage.ExtensionProtocolMetadataStorage
[13:06:56] [Via Async Scheduler 0/DEBUG] (FabricLoader/Mixin) viafabricplus.mixins.json:vialegacy.MixinExtensionProtocolMetadataStorage from mod viafabricplus->@Inject::updateChatLengthDefinition(Lnet/raphimc/vialegacy/protocol/classic/c0_30cpetoc0_28_30/data/ClassicProtocolExtension;ILorg/spongepowered/asm/mixin/injection/callback/CallbackInfo;)V doesn't use it's CallbackInfo
[13:06:56] [Via Async Scheduler 0/DEBUG] (FabricLoader/Mixin) viafabricplus.mixins.json:vialegacy.MixinExtensionProtocolMetadataStorage from mod viafabricplus->@Inject::updateChatLengthDefinition(Lnet/raphimc/vialegacy/protocol/classic/c0_30cpetoc0_28_30/data/ClassicProtocolExtension;ILorg/spongepowered/asm/mixin/injection/callback/CallbackInfo;)V has 0 override(s) in child classes
[13:06:56] [Via Async Scheduler 0/DEBUG] (FabricLoader/Mixin) viafabricplus.mixins.json:vialegacy.MixinExtensionProtocolMetadataStorage from mod viafabricplus->@Inject::updateChatLengthDefinition(Lnet/raphimc/vialegacy/protocol/classic/c0_30cpetoc0_28_30/data/ClassicProtocolExtension;ILorg/spongepowered/asm/mixin/injection/callback/CallbackInfo;)V won't be passed a CallbackInfo as a result
[13:06:56] [Render thread/DEBUG] (FabricLoader/Mixin) Mixing SectionBuilderMixin from fabric-renderer-indigo.mixins.json into net.minecraft.client.render.chunk.SectionBuilder
[13:06:56] [Render thread/DEBUG] (FabricLoader/Mixin) Renaming synthetic method lambda$hookBuild$0(Ljava/util/Map;Lnet/minecraft/client/render/chunk/BlockBufferAllocatorStorage;Lnet/minecraft/client/render/RenderLayer;)Lnet/minecraft/client/render/BufferBuilder; to mdfed865$fabric-renderer-indigo$lambda$hookBuild$0$0 in fabric-renderer-indigo.mixins.json:SectionBuilderMixin from mod fabric-renderer-indigo
[13:06:56] [Render thread/DEBUG] (FabricLoader/Mixin) fabric-renderer-indigo.mixins.json:SectionBuilderMixin from mod fabric-renderer-indigo->@Inject::hookBuild(Lnet/minecraft/util/math/ChunkSectionPos;Lnet/minecraft/client/render/chunk/ChunkRendererRegion;Lcom/mojang/blaze3d/systems/VertexSorter;Lnet/minecraft/client/render/chunk/BlockBufferAllocatorStorage;Lorg/spongepowered/asm/mixin/injection/callback/CallbackInfoReturnable;)V doesn't use it's CallbackInfoReturnable
[13:06:56] [Render thread/DEBUG] (FabricLoader/Mixin) fabric-renderer-indigo.mixins.json:SectionBuilderMixin from mod fabric-renderer-indigo->@Inject::hookBuild(Lnet/minecraft/util/math/ChunkSectionPos;Lnet/minecraft/client/render/chunk/ChunkRendererRegion;Lcom/mojang/blaze3d/systems/VertexSorter;Lnet/minecraft/client/render/chunk/BlockBufferAllocatorStorage;Lorg/spongepowered/asm/mixin/injection/callback/CallbackInfoReturnable;)V has 0 override(s) in child classes
[13:06:56] [Render thread/DEBUG] (FabricLoader/Mixin) fabric-renderer-indigo.mixins.json:SectionBuilderMixin from mod fabric-renderer-indigo->@Inject::hookBuild(Lnet/minecraft/util/math/ChunkSectionPos;Lnet/minecraft/client/render/chunk/ChunkRendererRegion;Lcom/mojang/blaze3d/systems/VertexSorter;Lnet/minecraft/client/render/chunk/BlockBufferAllocatorStorage;Lorg/spongepowered/asm/mixin/injection/callback/CallbackInfoReturnable;)V won't be passed a CallbackInfoReturnable as a result
[13:06:56] [Render thread/DEBUG] (FabricLoader/Mixin) fabric-renderer-indigo.mixins.json:SectionBuilderMixin from mod fabric-renderer-indigo->@Inject::hookBuildReturn(Lnet/minecraft/util/math/ChunkSectionPos;Lnet/minecraft/client/render/chunk/ChunkRendererRegion;Lcom/mojang/blaze3d/systems/VertexSorter;Lnet/minecraft/client/render/chunk/BlockBufferAllocatorStorage;Lorg/spongepowered/asm/mixin/injection/callback/CallbackInfoReturnable;)V doesn't use it's CallbackInfoReturnable
[13:06:56] [Render thread/DEBUG] (FabricLoader/Mixin) fabric-renderer-indigo.mixins.json:SectionBuilderMixin from mod fabric-renderer-indigo->@Inject::hookBuildReturn(Lnet/minecraft/util/math/ChunkSectionPos;Lnet/minecraft/client/render/chunk/ChunkRendererRegion;Lcom/mojang/blaze3d/systems/VertexSorter;Lnet/minecraft/client/render/chunk/BlockBufferAllocatorStorage;Lorg/spongepowered/asm/mixin/injection/callback/CallbackInfoReturnable;)V has 0 override(s) in child classes
[13:06:56] [Render thread/DEBUG] (FabricLoader/Mixin) fabric-renderer-indigo.mixins.json:SectionBuilderMixin from mod fabric-renderer-indigo->@Inject::hookBuildReturn(Lnet/minecraft/util/math/ChunkSectionPos;Lnet/minecraft/client/render/chunk/ChunkRendererRegion;Lcom/mojang/blaze3d/systems/VertexSorter;Lnet/minecraft/client/render/chunk/BlockBufferAllocatorStorage;Lorg/spongepowered/asm/mixin/injection/callback/CallbackInfoReturnable;)V won't be passed a CallbackInfoReturnable as a result
[13:06:56] [Render thread/DEBUG] (FabricLoader/Mixin) Mixing RenderLayersMixin from fabric-blockrenderlayer-v1.mixins.json into net.minecraft.client.render.RenderLayers
[13:06:56] [Render thread/DEBUG] (FabricLoader/Mixin) fabric-blockrenderlayer-v1.mixins.json:RenderLayersMixin from mod fabric-blockrenderlayer-v1: Class version 65 required is higher than the class version supported by the current version of Mixin (JAVA_17 supports class version 61)
[13:06:56] [Render thread/DEBUG] (FabricLoader/Mixin) fabric-blockrenderlayer-v1.mixins.json:RenderLayersMixin from mod fabric-blockrenderlayer-v1->@Inject::onInitialize(Lorg/spongepowered/asm/mixin/injection/callback/CallbackInfo;)V doesn't use it's CallbackInfo
[13:06:56] [Render thread/DEBUG] (FabricLoader/Mixin) Mixing fixes.minecraft.MixinBuiltChunk from viafabricplus.mixins.json into net.minecraft.client.render.chunk.ChunkBuilder$BuiltChunk
[13:06:56] [Render thread/DEBUG] (FabricLoader/Mixin) viafabricplus.mixins.json:fixes.minecraft.MixinBuiltChunk from mod viafabricplus->@Inject::modifyRenderCondition(Lorg/spongepowered/asm/mixin/injection/callback/CallbackInfoReturnable;)V does use it's CallbackInfoReturnable
[13:06:56] [Render thread/DEBUG] (FabricLoader/Mixin) Mixing fixes.minecraft.screen.MixinBookEditScreen from viafabricplus.mixins.json into net.minecraft.client.gui.screen.ingame.BookEditScreen
[13:06:56] [Render thread/DEBUG] (FabricLoader/Mixin) Mixing fixes.minecraft.screen.MixinJigsawBlockScreen from viafabricplus.mixins.json into net.minecraft.client.gui.screen.ingame.JigsawBlockScreen
[13:06:56] [Render thread/DEBUG] (FabricLoader/Mixin) viafabricplus.mixins.json:fixes.minecraft.screen.MixinJigsawBlockScreen from mod viafabricplus->@Inject::disableWidgets(Lorg/spongepowered/asm/mixin/injection/callback/CallbackInfo;)V doesn't use it's CallbackInfo
[13:06:56] [Render thread/DEBUG] (FabricLoader/Mixin) viafabricplus.mixins.json:fixes.minecraft.screen.MixinJigsawBlockScreen from mod viafabricplus->@Inject::disableWidgets(Lorg/spongepowered/asm/mixin/injection/callback/CallbackInfo;)V has 0 override(s) in child classes
[13:06:56] [Render thread/DEBUG] (FabricLoader/Mixin) viafabricplus.mixins.json:fixes.minecraft.screen.MixinJigsawBlockScreen from mod viafabricplus->@Inject::disableWidgets(Lorg/spongepowered/asm/mixin/injection/callback/CallbackInfo;)V won't be passed a CallbackInfo as a result
[13:06:56] [Render thread/DEBUG] (FabricLoader/Mixin) viafabricplus.mixins.json:fixes.minecraft.screen.MixinJigsawBlockScreen from mod viafabricplus->@Inject::copyText(Lnet/minecraft/client/gui/DrawContext;IIFLorg/spongepowered/asm/mixin/injection/callback/CallbackInfo;)V doesn't use it's CallbackInfo
[13:06:56] [Render thread/DEBUG] (FabricLoader/Mixin) viafabricplus.mixins.json:fixes.minecraft.screen.MixinJigsawBlockScreen from mod viafabricplus->@Inject::copyText(Lnet/minecraft/client/gui/DrawContext;IIFLorg/spongepowered/asm/mixin/injection/callback/CallbackInfo;)V has 0 override(s) in child classes
[13:06:56] [Render thread/DEBUG] (FabricLoader/Mixin) viafabricplus.mixins.json:fixes.minecraft.screen.MixinJigsawBlockScreen from mod viafabricplus->@Inject::copyText(Lnet/minecraft/client/gui/DrawContext;IIFLorg/spongepowered/asm/mixin/injection/callback/CallbackInfo;)V won't be passed a CallbackInfo as a result
[13:06:56] [Render thread/DEBUG] (FabricLoader/Mixin) Mixing HangingSignEditScreenMixin from fabric-object-builder-v1.client.mixins.json into net.minecraft.client.gui.screen.ingame.HangingSignEditScreen
[13:06:56] [Render thread/DEBUG] (FabricLoader/Mixin) fabric-object-builder-v1.client.mixins.json:HangingSignEditScreenMixin from mod fabric-object-builder-api-v1: Class version 65 required is higher than the class version supported by the current version of Mixin (JAVA_17 supports class version 61)
[13:06:56] [Render thread/DEBUG] (FabricLoader/Mixin) Renaming synthetic method lambda$init$0(Ljava/lang/String;)Ljava/lang/String; to mdfed865$fabric-object-builder-api-v1$lambda$init$0$0 in fabric-object-builder-v1.client.mixins.json:HangingSignEditScreenMixin from mod fabric-object-builder-api-v1
[13:06:56] [Render thread/DEBUG] (FabricLoader/Mixin) Mixing fixes.minecraft.screen.MixinAbstractSignEditScreen from viafabricplus.mixins.json into net.minecraft.client.gui.screen.ingame.AbstractSignEditScreen
[13:06:56] [Render thread/DEBUG] (FabricLoader/Mixin) viafabricplus.mixins.json:fixes.minecraft.screen.MixinAbstractSignEditScreen from mod viafabricplus->@Inject::dontCloseTooFarAwaySigns(Lorg/spongepowered/asm/mixin/injection/callback/CallbackInfoReturnable;)V does use it's CallbackInfoReturnable
[13:06:56] [Render thread/DEBUG] (FabricLoader/Mixin) Mixing fixes.minecraft.screen.MixinAbstractCommandBlockScreen from viafabricplus.mixins.json into net.minecraft.client.gui.screen.ingame.AbstractCommandBlockScreen
[13:06:56] [Render thread/DEBUG] (FabricLoader/Mixin) Mixing fixes.minecraft.screen.MixinCommandBlockScreen from viafabricplus.mixins.json into net.minecraft.client.gui.screen.ingame.CommandBlockScreen
[13:06:56] [Render thread/DEBUG] (FabricLoader/Mixin) viafabricplus.mixins.json:fixes.minecraft.screen.MixinCommandBlockScreen from mod viafabricplus->@Inject::removeWidgets(Lorg/spongepowered/asm/mixin/injection/callback/CallbackInfo;)V doesn't use it's CallbackInfo
[13:06:56] [Render thread/DEBUG] (FabricLoader/Mixin) viafabricplus.mixins.json:fixes.minecraft.screen.MixinCommandBlockScreen from mod viafabricplus->@Inject::removeWidgets(Lorg/spongepowered/asm/mixin/injection/callback/CallbackInfo;)V has 0 override(s) in child classes
[13:06:56] [Render thread/DEBUG] (FabricLoader/Mixin) viafabricplus.mixins.json:fixes.minecraft.screen.MixinCommandBlockScreen from mod viafabricplus->@Inject::removeWidgets(Lorg/spongepowered/asm/mixin/injection/callback/CallbackInfo;)V won't be passed a CallbackInfo as a result
[13:06:56] [Render thread/DEBUG] (FabricLoader/Mixin) Mixing fixes.minecraft.item.MixinItemCooldownManager from viafabricplus.mixins.json into net.minecraft.entity.player.ItemCooldownManager
[13:06:56] [Render thread/DEBUG] (FabricLoader/Mixin) viafabricplus.mixins.json:fixes.minecraft.item.MixinItemCooldownManager from mod viafabricplus->@Inject::dontSetCooldown(Lnet/minecraft/item/Item;ILorg/spongepowered/asm/mixin/injection/callback/CallbackInfo;)V does use it's CallbackInfo
[13:06:56] [Render thread/DEBUG] (ClientPlayNetworkAddon for Player477) Handling inbound packet from channel with name "minecraft:brand"
[13:06:56] [Render thread/DEBUG] (FabricLoader/Mixin) Mixing ClientTagLoaderMixin from fabric-lifecycle-events-v1.client.mixins.json into net.minecraft.client.network.ClientTagLoader
[13:06:56] [Render thread/DEBUG] (FabricLoader/Mixin) fabric-lifecycle-events-v1.client.mixins.json:ClientTagLoaderMixin from mod fabric-lifecycle-events-v1: Class version 65 required is higher than the class version supported by the current version of Mixin (JAVA_17 supports class version 61)
[13:06:56] [Render thread/DEBUG] (FabricLoader/Mixin) fabric-lifecycle-events-v1.client.mixins.json:ClientTagLoaderMixin from mod fabric-lifecycle-events-v1->@Inject::invokeTagsLoaded(Lnet/minecraft/registry/DynamicRegistryManager;ZLorg/spongepowered/asm/mixin/injection/callback/CallbackInfo;)V doesn't use it's CallbackInfo
[13:06:56] [Render thread/DEBUG] (FabricLoader/Mixin) fabric-lifecycle-events-v1.client.mixins.json:ClientTagLoaderMixin from mod fabric-lifecycle-events-v1->@Inject::invokeTagsLoaded(Lnet/minecraft/registry/DynamicRegistryManager;ZLorg/spongepowered/asm/mixin/injection/callback/CallbackInfo;)V has 0 override(s) in child classes
[13:06:56] [Render thread/DEBUG] (FabricLoader/Mixin) fabric-lifecycle-events-v1.client.mixins.json:ClientTagLoaderMixin from mod fabric-lifecycle-events-v1->@Inject::invokeTagsLoaded(Lnet/minecraft/registry/DynamicRegistryManager;ZLorg/spongepowered/asm/mixin/injection/callback/CallbackInfo;)V won't be passed a CallbackInfo as a result
[13:06:56] [Worker-Main-23/DEBUG] (FabricLoader/Mixin) Mixing EnchantmentHelperMixin from fabric-item-api-v1.mixins.json into net.minecraft.enchantment.EnchantmentHelper
[13:06:56] [Worker-Main-23/DEBUG] (FabricLoader/Mixin) fabric-item-api-v1.mixins.json:EnchantmentHelperMixin from mod fabric-item-api-v1: Class version 65 required is higher than the class version supported by the current version of Mixin (JAVA_17 supports class version 61)
[13:06:56] [Render thread/DEBUG] (FabricLoader/Mixin) Mixing LandPathNodeMakerMixin from fabric-content-registries-v0.mixins.json into net.minecraft.entity.ai.pathing.LandPathNodeMaker
[13:06:56] [Render thread/DEBUG] (FabricLoader/Mixin) fabric-content-registries-v0.mixins.json:LandPathNodeMakerMixin from mod fabric-content-registries-v0: Class version 65 required is higher than the class version supported by the current version of Mixin (JAVA_17 supports class version 61)
[13:06:56] [Render thread/DEBUG] (FabricLoader/Mixin) fabric-content-registries-v0.mixins.json:LandPathNodeMakerMixin from mod fabric-content-registries-v0->@Inject::getCommonNodeType(Lnet/minecraft/world/BlockView;Lnet/minecraft/util/math/BlockPos;Lorg/spongepowered/asm/mixin/injection/callback/CallbackInfoReturnable;)V does use it's CallbackInfoReturnable
[13:06:57] [Render thread/INFO] (net.minecraft.advancement.AdvancementManager) Loaded 2 advancements
[13:06:57] [Render thread/DEBUG] (FabricLoader/Mixin) Mixing GameOptionsWriteVisitorMixin from fabric-resource-loader-v0.client.mixins.json into net.minecraft.client.option.GameOptions$3
[13:06:57] [Render thread/DEBUG] (FabricLoader/Mixin) fabric-resource-loader-v0.client.mixins.json:GameOptionsWriteVisitorMixin from mod fabric-resource-loader-v0: Class version 65 required is higher than the class version supported by the current version of Mixin (JAVA_17 supports class version 61)
[13:06:57] [Render thread/DEBUG] (FabricLoader/Mixin) Mixing ChunkRendererRegionBuilderMixin from fabric-block-view-api-v2.client.mixins.json into net.minecraft.client.render.chunk.ChunkRendererRegionBuilder
[13:06:57] [Render thread/DEBUG] (FabricLoader/Mixin) fabric-block-view-api-v2.client.mixins.json:ChunkRendererRegionBuilderMixin from mod fabric-block-view-api-v2: Class version 65 required is higher than the class version supported by the current version of Mixin (JAVA_17 supports class version 61)
[13:06:57] [Render thread/DEBUG] (FabricLoader/Mixin) fabric-block-view-api-v2.client.mixins.json:ChunkRendererRegionBuilderMixin from mod fabric-block-view-api-v2->@Inject::copyDataForChunk(Lnet/minecraft/world/World;Lnet/minecraft/util/math/ChunkSectionPos;Lorg/spongepowered/asm/mixin/injection/callback/CallbackInfoReturnable;)V doesn't use it's CallbackInfoReturnable
[13:06:57] [Render thread/DEBUG] (FabricLoader/Mixin) fabric-block-view-api-v2.client.mixins.json:ChunkRendererRegionBuilderMixin from mod fabric-block-view-api-v2->@Inject::copyDataForChunk(Lnet/minecraft/world/World;Lnet/minecraft/util/math/ChunkSectionPos;Lorg/spongepowered/asm/mixin/injection/callback/CallbackInfoReturnable;)V has 0 override(s) in child classes
[13:06:57] [Render thread/DEBUG] (FabricLoader/Mixin) fabric-block-view-api-v2.client.mixins.json:ChunkRendererRegionBuilderMixin from mod fabric-block-view-api-v2->@Inject::copyDataForChunk(Lnet/minecraft/world/World;Lnet/minecraft/util/math/ChunkSectionPos;Lorg/spongepowered/asm/mixin/injection/callback/CallbackInfoReturnable;)V won't be passed a CallbackInfoReturnable as a result
[13:06:57] [Render thread/DEBUG] (FabricLoader/Mixin) fabric-block-view-api-v2.client.mixins.json:ChunkRendererRegionBuilderMixin from mod fabric-block-view-api-v2->@Inject::createDataMap(Lnet/minecraft/world/World;Lnet/minecraft/util/math/ChunkSectionPos;Lorg/spongepowered/asm/mixin/injection/callback/CallbackInfoReturnable;)V does use it's CallbackInfoReturnable
[13:06:57] [Worker-Main-23/DEBUG] (com.mojang.authlib.minecraft.client.MinecraftClient) Connecting to https://sessionserver.mojang.com/session/minecraft/profile/5648fab5fa61330e8fa7aea962bdfd7c?unsigned=false
[13:06:57] [Render thread/DEBUG] (FabricLoader/Mixin) Mixing ChunkRendererRegionMixin from fabric-rendering-data-attachment-v1.client.mixins.json into net.minecraft.client.render.chunk.ChunkRendererRegion
[13:06:57] [Render thread/DEBUG] (FabricLoader/Mixin) fabric-rendering-data-attachment-v1.client.mixins.json:ChunkRendererRegionMixin from mod fabric-rendering-data-attachment-v1: Class version 65 required is higher than the class version supported by the current version of Mixin (JAVA_17 supports class version 61)
[13:06:57] [Render thread/DEBUG] (FabricLoader/Mixin) Mixing ChunkRendererRegionMixin from fabric-renderer-indigo.mixins.json into net.minecraft.client.render.chunk.ChunkRendererRegion
[13:06:57] [Render thread/DEBUG] (FabricLoader/Mixin) Mixing ChunkRendererRegionMixin from fabric-block-view-api-v2.client.mixins.json into net.minecraft.client.render.chunk.ChunkRendererRegion
[13:06:57] [Render thread/DEBUG] (FabricLoader/Mixin) fabric-block-view-api-v2.client.mixins.json:ChunkRendererRegionMixin from mod fabric-block-view-api-v2: Class version 65 required is higher than the class version supported by the current version of Mixin (JAVA_17 supports class version 61)
[13:06:57] [Render thread/DEBUG] (com.mojang.blaze3d.systems.RenderSystem) Growing IndexBuffer: Old limit 9360, new limit 29508.
[13:06:57] [Worker-Main-23/DEBUG] (com.mojang.authlib.yggdrasil.YggdrasilMinecraftSessionService) Couldn't fetch profile properties for 5648fab5-fa61-330e-8fa7-aea962bdfd7c as the profile does not exist
[13:06:58] [Render thread/DEBUG] (FabricLoader/Mixin) Mixing ModelPredicateProviderRegistryAccessor from fabric-object-builder-v1.client.mixins.json into net.minecraft.client.item.ModelPredicateProviderRegistry
[13:06:58] [Render thread/DEBUG] (FabricLoader/Mixin) fabric-object-builder-v1.client.mixins.json:ModelPredicateProviderRegistryAccessor from mod fabric-object-builder-api-v1: Class version 65 required is higher than the class version supported by the current version of Mixin (JAVA_17 supports class version 61)
[13:06:58] [Render thread/DEBUG] (FabricLoader/Mixin) Renaming @Invoker method callRegister(Lnet/minecraft/util/Identifier;Lnet/minecraft/client/item/ClampedModelPredicateProvider;)Lnet/minecraft/client/item/ClampedModelPredicateProvider; to callRegister$fabric-object-builder-api-v1_$md$fed865$0 in fabric-object-builder-v1.client.mixins.json:ModelPredicateProviderRegistryAccessor from mod fabric-object-builder-api-v1
[13:06:58] [Render thread/DEBUG] (FabricLoader/Mixin) Mixing ModelPredicateProviderRegistrySpecificAccessor from fabric-object-builder-v1.client.mixins.json into net.minecraft.client.item.ModelPredicateProviderRegistry
[13:06:58] [Render thread/DEBUG] (FabricLoader/Mixin) fabric-object-builder-v1.client.mixins.json:ModelPredicateProviderRegistrySpecificAccessor from mod fabric-object-builder-api-v1: Class version 65 required is higher than the class version supported by the current version of Mixin (JAVA_17 supports class version 61)
[13:06:58] [Render thread/DEBUG] (FabricLoader/Mixin) Renaming @Invoker method callRegister(Lnet/minecraft/item/Item;Lnet/minecraft/util/Identifier;Lnet/minecraft/client/item/ClampedModelPredicateProvider;)V to callRegister$fabric-object-builder-api-v1_$md$fed865$1 in fabric-object-builder-v1.client.mixins.json:ModelPredicateProviderRegistrySpecificAccessor from mod fabric-object-builder-api-v1
[13:06:58] [Netty Client IO #2/ERROR] (ViaVersion) Tried to remap >=1.20.5 CHAT_COMMAND packet which is impossible without breaking the content! Find the cause and fix it!
[13:07:02] [Render thread/DEBUG] (FabricLoader/Mixin) Mixing fixes.minecraft.MixinChatInputSuggestor from viafabricplus.mixins.json into net.minecraft.client.gui.screen.ChatInputSuggestor
[13:07:02] [Render thread/DEBUG] (FabricLoader/Mixin) viafabricplus.mixins.json:fixes.minecraft.MixinChatInputSuggestor from mod viafabricplus->@Inject::disableTextFieldColors(Ljava/lang/String;ILorg/spongepowered/asm/mixin/injection/callback/CallbackInfoReturnable;)V does use it's CallbackInfoReturnable
[13:07:02] [Render thread/DEBUG] (FabricLoader/Mixin) viafabricplus.mixins.json:fixes.minecraft.MixinChatInputSuggestor from mod viafabricplus->@Inject::handle1_12_2KeyPressed(IIILorg/spongepowered/asm/mixin/injection/callback/CallbackInfoReturnable;)V does use it's CallbackInfoReturnable
[13:07:02] [Render thread/DEBUG] (FabricLoader/Mixin) viafabricplus.mixins.json:fixes.minecraft.MixinChatInputSuggestor from mod viafabricplus->@Inject::clearMessages(Lnet/minecraft/client/gui/DrawContext;IILorg/spongepowered/asm/mixin/injection/callback/CallbackInfo;)V doesn't use it's CallbackInfo
[13:07:02] [Render thread/DEBUG] (FabricLoader/Mixin) viafabricplus.mixins.json:fixes.minecraft.MixinChatInputSuggestor from mod viafabricplus->@Inject::clearMessages(Lnet/minecraft/client/gui/DrawContext;IILorg/spongepowered/asm/mixin/injection/callback/CallbackInfo;)V has 0 override(s) in child classes
[13:07:02] [Render thread/DEBUG] (FabricLoader/Mixin) viafabricplus.mixins.json:fixes.minecraft.MixinChatInputSuggestor from mod viafabricplus->@Inject::clearMessages(Lnet/minecraft/client/gui/DrawContext;IILorg/spongepowered/asm/mixin/injection/callback/CallbackInfo;)V won't be passed a CallbackInfo as a result
[13:07:11] [Netty Client IO #2/ERROR] (ViaVersion) Tried to remap >=1.20.5 CHAT_COMMAND packet which is impossible without breaking the content! Find the cause and fix it!
[13:07:11] [Netty Client IO #2/ERROR] (ViaVersion) Tried to remap >=1.20.5 CHAT_COMMAND packet which is impossible without breaking the content! Find the cause and fix it!
[13:07:12] [Netty Client IO #2/ERROR] (ViaVersion) Tried to remap >=1.20.5 CHAT_COMMAND packet which is impossible without breaking the content! Find the cause and fix it!
[13:07:13] [Netty Client IO #2/ERROR] (ViaVersion) Tried to remap >=1.20.5 CHAT_COMMAND packet which is impossible without breaking the content! Find the cause and fix it!
[13:07:21] [Render thread/DEBUG] (com.mojang.blaze3d.systems.RenderSystem) Growing IndexBuffer: Old limit 0, new limit 144.
